soc_code,soc_title,aioe,isco_code,isco_title,n_isco,aioe_soc_split,anzsco_code,anzsco_title,n_anzsco,aioe_path
11-1011,Chief Executives,1.308912,1112,Senior government officials,3.0,0.436304,111111,Chief Executive or Managing Director,3.0,0.14543466666666668
11-1011,Chief Executives,1.308912,1112,Senior government officials,3.0,0.436304,111211,Corporate General Manager,3.0,0.14543466666666668
11-1011,Chief Executives,1.308912,1112,Senior government officials,3.0,0.436304,139999,Specialist Managers nec,3.0,0.14543466666666668
11-1011,Chief Executives,1.308912,1113,Traditional chiefs and heads of villages,3.0,0.436304,xxxxxx,No Correspondence,1.0,0.436304
11-1011,Chief Executives,1.308912,1120,Managing directors and chief executives,3.0,0.436304,111111,Chief Executive or Managing Director,2.0,0.218152
11-1011,Chief Executives,1.308912,1120,Managing directors and chief executives,3.0,0.436304,111211,Corporate General Manager,2.0,0.218152
11-1021,General and Operations Managers,0.6776147,1112,Senior government officials,7.0,0.0968021,111111,Chief Executive or Managing Director,3.0,0.032267366666666665
11-1021,General and Operations Managers,0.6776147,1112,Senior government officials,7.0,0.0968021,111211,Corporate General Manager,3.0,0.032267366666666665
11-1021,General and Operations Managers,0.6776147,1112,Senior government officials,7.0,0.0968021,139999,Specialist Managers nec,3.0,0.032267366666666665
11-1021,General and Operations Managers,0.6776147,1114,Senior officials of special-interest organizations,7.0,0.0968021,111111,Chief Executive or Managing Director,2.0,0.04840105
11-1021,General and Operations Managers,0.6776147,1114,Senior officials of special-interest organizations,7.0,0.0968021,111211,Corporate General Manager,2.0,0.04840105
11-1021,General and Operations Managers,0.6776147,1120,Managing directors and chief executives,7.0,0.0968021,111111,Chief Executive or Managing Director,2.0,0.04840105
11-1021,General and Operations Managers,0.6776147,1120,Managing directors and chief executives,7.0,0.0968021,111211,Corporate General Manager,2.0,0.04840105
11-1021,General and Operations Managers,0.6776147,1343,Aged care services managers,7.0,0.0968021,134299,Health and Welfare Services Managers nec,2.0,0.04840105
11-1021,General and Operations Managers,0.6776147,1343,Aged care services managers,7.0,0.0968021,141912,Retirement Village Manager,2.0,0.04840105
11-1021,General and Operations Managers,0.6776147,1346,Financial and insurance services branch managers,7.0,0.0968021,149914,Financial Institution Branch Manager,1.0,0.0968021
11-1021,General and Operations Managers,0.6776147,1420,Retail and wholesale trade managers,7.0,0.0968021,133312,Wholesaler,6.0,0.016133683333333333
11-1021,General and Operations Managers,0.6776147,1420,Retail and wholesale trade managers,7.0,0.0968021,142111,Retail Manager (General),6.0,0.016133683333333333
11-1021,General and Operations Managers,0.6776147,1420,Retail and wholesale trade managers,7.0,0.0968021,142112,Antique Dealer,6.0,0.016133683333333333
11-1021,General and Operations Managers,0.6776147,1420,Retail and wholesale trade managers,7.0,0.0968021,142113,Betting Agency Manager,6.0,0.016133683333333333
11-1021,General and Operations Managers,0.6776147,1420,Retail and wholesale trade managers,7.0,0.0968021,142114,Hair or Beauty Salon Manager,6.0,0.016133683333333333
11-1021,General and Operations Managers,0.6776147,1420,Retail and wholesale trade managers,7.0,0.0968021,142115,Post Office Manager,6.0,0.016133683333333333
11-1021,General and Operations Managers,0.6776147,5221,Shopkeepers,7.0,0.0968021,142111,Retail Manager (General),5.0,0.01936042
11-1021,General and Operations Managers,0.6776147,5221,Shopkeepers,7.0,0.0968021,142112,Antique Dealer,5.0,0.01936042
11-1021,General and Operations Managers,0.6776147,5221,Shopkeepers,7.0,0.0968021,142113,Betting Agency Manager,5.0,0.01936042
11-1021,General and Operations Managers,0.6776147,5221,Shopkeepers,7.0,0.0968021,142114,Hair or Beauty Salon Manager,5.0,0.01936042
11-1021,General and Operations Managers,0.6776147,5221,Shopkeepers,7.0,0.0968021,142115,Post Office Manager,5.0,0.01936042
11-2011,Advertising and Promotions Managers,1.217224,1222,Advertising and public relations managers,1.0,1.217224,131113,Advertising Manager,2.0,0.608612
11-2011,Advertising and Promotions Managers,1.217224,1222,Advertising and public relations managers,1.0,1.217224,131114,Public Relations Manager,2.0,0.608612
11-2021,Marketing Managers,1.203774,1221,Sales and marketing managers,1.0,1.203774,131112,Sales and Marketing Manager,1.0,1.203774
11-2022,Sales Managers,1.293821,1221,Sales and marketing managers,1.0,1.293821,131112,Sales and Marketing Manager,1.0,1.293821
11-2031,Public Relations and Fundraising Managers,1.382948,1114,Senior officials of special-interest organizations,3.0,0.4609826666666667,111111,Chief Executive or Managing Director,2.0,0.23049133333333335
11-2031,Public Relations and Fundraising Managers,1.382948,1114,Senior officials of special-interest organizations,3.0,0.4609826666666667,111211,Corporate General Manager,2.0,0.23049133333333335
11-2031,Public Relations and Fundraising Managers,1.382948,1219,Business services and administration managers not elsewhere classified,3.0,0.4609826666666667,132111,Corporate Services Manager,3.0,0.1536608888888889
11-2031,Public Relations and Fundraising Managers,1.382948,1219,Business services and administration managers not elsewhere classified,3.0,0.4609826666666667,149212,Customer Service Manager,3.0,0.1536608888888889
11-2031,Public Relations and Fundraising Managers,1.382948,1219,Business services and administration managers not elsewhere classified,3.0,0.4609826666666667,149913,Facilities Manager,3.0,0.1536608888888889
11-2031,Public Relations and Fundraising Managers,1.382948,1222,Advertising and public relations managers,3.0,0.4609826666666667,131113,Advertising Manager,2.0,0.23049133333333335
11-2031,Public Relations and Fundraising Managers,1.382948,1222,Advertising and public relations managers,3.0,0.4609826666666667,131114,Public Relations Manager,2.0,0.23049133333333335
11-3011,Administrative Services Managers,0.7681937,1219,Business services and administration managers not elsewhere classified,1.0,0.7681937,132111,Corporate Services Manager,3.0,0.25606456666666666
11-3011,Administrative Services Managers,0.7681937,1219,Business services and administration managers not elsewhere classified,1.0,0.7681937,149212,Customer Service Manager,3.0,0.25606456666666666
11-3011,Administrative Services Managers,0.7681937,1219,Business services and administration managers not elsewhere classified,1.0,0.7681937,149913,Facilities Manager,3.0,0.25606456666666666
11-3021,Computer and Information Systems Managers,0.9450699,1330,Information and communications technology service managers,1.0,0.9450699,135111,Chief Information Officer,3.0,0.3150233
11-3021,Computer and Information Systems Managers,0.9450699,1330,Information and communications technology service managers,1.0,0.9450699,135112,ICT Project Manager,3.0,0.3150233
11-3021,Computer and Information Systems Managers,0.9450699,1330,Information and communications technology service managers,1.0,0.9450699,135199,ICT Managers nec,3.0,0.3150233
11-3031,Financial Managers,1.294551,1211,Finance managers,2.0,0.6472755,132111,Corporate Services Manager,4.0,0.161818875
11-3031,Financial Managers,1.294551,1211,Finance managers,2.0,0.6472755,132211,Finance Manager,4.0,0.161818875
11-3031,Financial Managers,1.294551,1211,Finance managers,2.0,0.6472755,221211,Company Secretary,4.0,0.161818875
11-3031,Financial Managers,1.294551,1211,Finance managers,2.0,0.6472755,221212,Corporate Treasurer,4.0,0.161818875
11-3031,Financial Managers,1.294551,1346,Financial and insurance services branch managers,2.0,0.6472755,149914,Financial Institution Branch Manager,1.0,0.6472755
11-3051,Industrial Production Managers,0.3542972,1321,Manufacturing managers,1.0,0.3542972,133411,Manufacturer,3.0,0.11809906666666665
11-3051,Industrial Production Managers,0.3542972,1321,Manufacturing managers,1.0,0.3542972,133512,Production Manager (Manufacturing),3.0,0.11809906666666665
11-3051,Industrial Production Managers,0.3542972,1321,Manufacturing managers,1.0,0.3542972,139999,Specialist Managers nec,3.0,0.11809906666666665
11-3061,Purchasing Managers,1.393102,1219,Business services and administration managers not elsewhere classified,1.0,1.393102,132111,Corporate Services Manager,3.0,0.46436733333333335
11-3061,Purchasing Managers,1.393102,1219,Business services and administration managers not elsewhere classified,1.0,1.393102,149212,Customer Service Manager,3.0,0.46436733333333335
11-3061,Purchasing Managers,1.393102,1219,Business services and administration managers not elsewhere classified,1.0,1.393102,149913,Facilities Manager,3.0,0.46436733333333335
11-3071,"Transportation, Storage, and Distribution Managers",0.9045479,1324,"Supply, distribution and related managers",1.0,0.9045479,133311,Importer or Exporter,6.0,0.15075798333333332
11-3071,"Transportation, Storage, and Distribution Managers",0.9045479,1324,"Supply, distribution and related managers",1.0,0.9045479,133611,Supply and Distribution Manager,6.0,0.15075798333333332
11-3071,"Transportation, Storage, and Distribution Managers",0.9045479,1324,"Supply, distribution and related managers",1.0,0.9045479,133612,Procurement Manager,6.0,0.15075798333333332
11-3071,"Transportation, Storage, and Distribution Managers",0.9045479,1324,"Supply, distribution and related managers",1.0,0.9045479,149411,Fleet Manager,6.0,0.15075798333333332
11-3071,"Transportation, Storage, and Distribution Managers",0.9045479,1324,"Supply, distribution and related managers",1.0,0.9045479,149412,Railway Station Manager,6.0,0.15075798333333332
11-3071,"Transportation, Storage, and Distribution Managers",0.9045479,1324,"Supply, distribution and related managers",1.0,0.9045479,149413,Transport Company Manager,6.0,0.15075798333333332
11-3111,Compensation and Benefits Managers,1.466744,1212,Human resource managers,1.0,1.466744,132311,Human Resource Manager,1.0,1.466744
11-3121,Human Resources Managers,1.359222,1212,Human resource managers,1.0,1.359222,132311,Human Resource Manager,1.0,1.359222
11-3131,Training and Development Managers,1.336838,1212,Human resource managers,1.0,1.336838,132311,Human Resource Manager,1.0,1.336838
11-9013,"Farmers, Ranchers, and Other Agricultural Managers",-0.1584996,1311,Agricultural and forestry production managers,2.0,-0.0792498,121311,Apiarist,23.0,-0.0034456434782608692
11-9013,"Farmers, Ranchers, and Other Agricultural Managers",-0.1584996,1311,Agricultural and forestry production managers,2.0,-0.0792498,121312,Beef Cattle Farmer,23.0,-0.0034456434782608692
11-9013,"Farmers, Ranchers, and Other Agricultural Managers",-0.1584996,1311,Agricultural and forestry production managers,2.0,-0.0792498,121313,Dairy Cattle Farmer,23.0,-0.0034456434782608692
11-9013,"Farmers, Ranchers, and Other Agricultural Managers",-0.1584996,1311,Agricultural and forestry production managers,2.0,-0.0792498,121314,Deer Farmer,23.0,-0.0034456434782608692
11-9013,"Farmers, Ranchers, and Other Agricultural Managers",-0.1584996,1311,Agricultural and forestry production managers,2.0,-0.0792498,121315,Goat Farmer,23.0,-0.0034456434782608692
11-9013,"Farmers, Ranchers, and Other Agricultural Managers",-0.1584996,1311,Agricultural and forestry production managers,2.0,-0.0792498,121316,Horse Breeder,23.0,-0.0034456434782608692
11-9013,"Farmers, Ranchers, and Other Agricultural Managers",-0.1584996,1311,Agricultural and forestry production managers,2.0,-0.0792498,121318,Pig Farmer,23.0,-0.0034456434782608692
11-9013,"Farmers, Ranchers, and Other Agricultural Managers",-0.1584996,1311,Agricultural and forestry production managers,2.0,-0.0792498,121321,Poultry Farmer,23.0,-0.0034456434782608692
11-9013,"Farmers, Ranchers, and Other Agricultural Managers",-0.1584996,1311,Agricultural and forestry production managers,2.0,-0.0792498,121322,Sheep Farmer,23.0,-0.0034456434782608692
11-9013,"Farmers, Ranchers, and Other Agricultural Managers",-0.1584996,1311,Agricultural and forestry production managers,2.0,-0.0792498,121323,Mixed Cattle and Sheep Farmer,23.0,-0.0034456434782608692
11-9013,"Farmers, Ranchers, and Other Agricultural Managers",-0.1584996,1311,Agricultural and forestry production managers,2.0,-0.0792498,121399,Livestock Farmers nec,23.0,-0.0034456434782608692
11-9013,"Farmers, Ranchers, and Other Agricultural Managers",-0.1584996,1311,Agricultural and forestry production managers,2.0,-0.0792498,121511,Cotton Grower,23.0,-0.0034456434782608692
11-9013,"Farmers, Ranchers, and Other Agricultural Managers",-0.1584996,1311,Agricultural and forestry production managers,2.0,-0.0792498,121512,"Grain, Oilseed, Pulse or Pasture Grower / Field Crop Grower",23.0,-0.0034456434782608692
11-9013,"Farmers, Ranchers, and Other Agricultural Managers",-0.1584996,1311,Agricultural and forestry production managers,2.0,-0.0792498,121513,Sugar Cane Grower,23.0,-0.0034456434782608692
11-9013,"Farmers, Ranchers, and Other Agricultural Managers",-0.1584996,1311,Agricultural and forestry production managers,2.0,-0.0792498,121599,Broadacre Crop Growers nec,23.0,-0.0034456434782608692
11-9013,"Farmers, Ranchers, and Other Agricultural Managers",-0.1584996,1311,Agricultural and forestry production managers,2.0,-0.0792498,121611,Flower Grower,23.0,-0.0034456434782608692
11-9013,"Farmers, Ranchers, and Other Agricultural Managers",-0.1584996,1311,Agricultural and forestry production managers,2.0,-0.0792498,121612,Fruit Grower,23.0,-0.0034456434782608692
11-9013,"Farmers, Ranchers, and Other Agricultural Managers",-0.1584996,1311,Agricultural and forestry production managers,2.0,-0.0792498,121613,Nut Grower,23.0,-0.0034456434782608692
11-9013,"Farmers, Ranchers, and Other Agricultural Managers",-0.1584996,1311,Agricultural and forestry production managers,2.0,-0.0792498,121616,Vegetable Grower (Aus) / Market Gardener (NZ),23.0,-0.0034456434782608692
11-9013,"Farmers, Ranchers, and Other Agricultural Managers",-0.1584996,1311,Agricultural and forestry production managers,2.0,-0.0792498,121699,Horticultural Crop Growers nec,23.0,-0.0034456434782608692
11-9013,"Farmers, Ranchers, and Other Agricultural Managers",-0.1584996,1311,Agricultural and forestry production managers,2.0,-0.0792498,121711,Broadacre Crop and Livestock Farmer,23.0,-0.0034456434782608692
11-9013,"Farmers, Ranchers, and Other Agricultural Managers",-0.1584996,1311,Agricultural and forestry production managers,2.0,-0.0792498,121799,Mixed Production Farmers nec,23.0,-0.0034456434782608692
11-9013,"Farmers, Ranchers, and Other Agricultural Managers",-0.1584996,1311,Agricultural and forestry production managers,2.0,-0.0792498,133511,Production Manager (Forestry),23.0,-0.0034456434782608692
11-9013,"Farmers, Ranchers, and Other Agricultural Managers",-0.1584996,1312,Aquaculture and fisheries production managers,2.0,-0.0792498,121111,Aquaculture Farmer,1.0,-0.0792498
11-9021,Construction Managers,0.6361951,1323,Construction managers,2.0,0.31809755,133111,Construction Project Manager,2.0,0.159048775
11-9021,Construction Managers,0.6361951,1323,Construction managers,2.0,0.31809755,133112,Project Builder,2.0,0.159048775
11-9021,Construction Managers,0.6361951,7111,House builders,2.0,0.31809755,133112,Project Builder,3.0,0.10603251666666667
11-9021,Construction Managers,0.6361951,7111,House builders,2.0,0.31809755,331212,Carpenter,3.0,0.10603251666666667
11-9021,Construction Managers,0.6361951,7111,House builders,2.0,0.31809755,821412,Home Improvement Installer,3.0,0.10603251666666667
11-9031,"Education Administrators, Preschool and Childcare Center/Program",0.9671877,1341,Child care services managers,1.0,0.9671877,134111,Child Care Centre Manager,1.0,0.9671877
11-9032,"Education Administrators, Elementary and Secondary School",1.199449,1345,Education managers,1.0,1.199449,134311,School Principal,4.0,0.29986225
11-9032,"Education Administrators, Elementary and Secondary School",1.199449,1345,Education managers,1.0,1.199449,134411,Faculty Head,4.0,0.29986225
11-9032,"Education Administrators, Elementary and Secondary School",1.199449,1345,Education managers,1.0,1.199449,134412,Regional Education Manager,4.0,0.29986225
11-9032,"Education Administrators, Elementary and Secondary School",1.199449,1345,Education managers,1.0,1.199449,134499,Education Managers nec,4.0,0.29986225
11-9033,"Education Administrators, Postsecondary",1.544923,1345,Education managers,1.0,1.544923,134311,School Principal,4.0,0.38623075
11-9033,"Education Administrators, Postsecondary",1.544923,1345,Education managers,1.0,1.544923,134411,Faculty Head,4.0,0.38623075
11-9033,"Education Administrators, Postsecondary",1.544923,1345,Education managers,1.0,1.544923,134412,Regional Education Manager,4.0,0.38623075
11-9033,"Education Administrators, Postsecondary",1.544923,1345,Education managers,1.0,1.544923,134499,Education Managers nec,4.0,0.38623075
11-9039,"Education Administrators, All Other",0.6278906,1345,Education managers,1.0,0.6278906,134311,School Principal,4.0,0.15697265
11-9039,"Education Administrators, All Other",0.6278906,1345,Education managers,1.0,0.6278906,134411,Faculty Head,4.0,0.15697265
11-9039,"Education Administrators, All Other",0.6278906,1345,Education managers,1.0,0.6278906,134412,Regional Education Manager,4.0,0.15697265
11-9039,"Education Administrators, All Other",0.6278906,1345,Education managers,1.0,0.6278906,134499,Education Managers nec,4.0,0.15697265
11-9041,Architectural and Engineering Managers,0.647411,1223,Research and development managers,1.0,0.647411,132511,Research and Development Manager,1.0,0.647411
11-9051,Food Service Managers,0.0614931,1412,Restaurant managers,1.0,0.0614931,141111,Cafe or Restaurant Manager,1.0,0.0614931
11-9061,Funeral Service Managers,0.336732,1219,Business services and administration managers not elsewhere classified,1.0,0.336732,132111,Corporate Services Manager,3.0,0.112244
11-9061,Funeral Service Managers,0.336732,1219,Business services and administration managers not elsewhere classified,1.0,0.336732,149212,Customer Service Manager,3.0,0.112244
11-9061,Funeral Service Managers,0.336732,1219,Business services and administration managers not elsewhere classified,1.0,0.336732,149913,Facilities Manager,3.0,0.112244
11-9071,Gaming Managers,0.7192592,1431,"Sports, recreation and cultural centre managers",1.0,0.7192592,149111,Amusement Centre Manager,4.0,0.1798148
11-9071,Gaming Managers,0.7192592,1431,"Sports, recreation and cultural centre managers",1.0,0.7192592,149112,Fitness Centre Manager,4.0,0.1798148
11-9071,Gaming Managers,0.7192592,1431,"Sports, recreation and cultural centre managers",1.0,0.7192592,149113,Sports Centre Manager,4.0,0.1798148
11-9071,Gaming Managers,0.7192592,1431,"Sports, recreation and cultural centre managers",1.0,0.7192592,149912,Cinema or Theatre Manager,4.0,0.1798148
11-9081,Lodging Managers,0.4639851,1411,Hotel managers,1.0,0.4639851,141311,Hotel or Motel Manager,2.0,0.23199255
11-9081,Lodging Managers,0.4639851,1411,Hotel managers,1.0,0.4639851,141999,Accommodation and Hospitality Managers nec,2.0,0.23199255
11-9111,Medical and Health Services Managers,1.314992,1342,Health services managers,2.0,0.657496,134211,Medical Administrator / Medical Superintendent,5.0,0.13149919999999998
11-9111,Medical and Health Services Managers,1.314992,1342,Health services managers,2.0,0.657496,134212,Nursing Clinical Director,5.0,0.13149919999999998
11-9111,Medical and Health Services Managers,1.314992,1342,Health services managers,2.0,0.657496,134213,Primary Health Organisation Manager,5.0,0.13149919999999998
11-9111,Medical and Health Services Managers,1.314992,1342,Health services managers,2.0,0.657496,134299,Health and Welfare Services Managers nec,5.0,0.13149919999999998
11-9111,Medical and Health Services Managers,1.314992,1342,Health services managers,2.0,0.657496,512211,Health Practice Manager,5.0,0.13149919999999998
11-9111,Medical and Health Services Managers,1.314992,1343,Aged care services managers,2.0,0.657496,134299,Health and Welfare Services Managers nec,2.0,0.328748
11-9111,Medical and Health Services Managers,1.314992,1343,Aged care services managers,2.0,0.657496,141912,Retirement Village Manager,2.0,0.328748
11-9121,Natural Sciences Managers,1.241343,1223,Research and development managers,1.0,1.241343,132511,Research and Development Manager,1.0,1.241343
11-9131,Postmasters and Mail Superintendents,0.8657041,1219,Business services and administration managers not elsewhere classified,1.0,0.8657041,132111,Corporate Services Manager,3.0,0.2885680333333333
11-9131,Postmasters and Mail Superintendents,0.8657041,1219,Business services and administration managers not elsewhere classified,1.0,0.8657041,149212,Customer Service Manager,3.0,0.2885680333333333
11-9131,Postmasters and Mail Superintendents,0.8657041,1219,Business services and administration managers not elsewhere classified,1.0,0.8657041,149913,Facilities Manager,3.0,0.2885680333333333
11-9141,"Property, Real Estate, and Community Association Managers",1.214595,3334,Real estate agents and property managers,1.0,1.214595,612111,Business Broker,5.0,0.24291900000000002
11-9141,"Property, Real Estate, and Community Association Managers",1.214595,3334,Real estate agents and property managers,1.0,1.214595,612112,Property Manager,5.0,0.24291900000000002
11-9141,"Property, Real Estate, and Community Association Managers",1.214595,3334,Real estate agents and property managers,1.0,1.214595,612113,Real Estate Agency Principal / Real Estate Agency Licensee,5.0,0.24291900000000002
11-9141,"Property, Real Estate, and Community Association Managers",1.214595,3334,Real estate agents and property managers,1.0,1.214595,612114,Real Estate Agent,5.0,0.24291900000000002
11-9141,"Property, Real Estate, and Community Association Managers",1.214595,3334,Real estate agents and property managers,1.0,1.214595,612115,Real Estate Representative,5.0,0.24291900000000002
11-9151,Social and Community Service Managers,1.225244,1344,Social welfare managers,1.0,1.225244,134214,Welfare Centre Manager,2.0,0.612622
11-9151,Social and Community Service Managers,1.225244,1344,Social welfare managers,1.0,1.225244,134299,Health and Welfare Services Managers nec,2.0,0.612622
11-9161,Emergency Management Directors,0.901037,1112,Senior government officials,1.0,0.901037,111111,Chief Executive or Managing Director,3.0,0.3003456666666667
11-9161,Emergency Management Directors,0.901037,1112,Senior government officials,1.0,0.901037,111211,Corporate General Manager,3.0,0.3003456666666667
11-9161,Emergency Management Directors,0.901037,1112,Senior government officials,1.0,0.901037,139999,Specialist Managers nec,3.0,0.3003456666666667
11-9199,"Managers, All Other",0.9099647,1114,Senior officials of special-interest organizations,7.0,0.12999495714285714,111111,Chief Executive or Managing Director,2.0,0.06499747857142857
11-9199,"Managers, All Other",0.9099647,1114,Senior officials of special-interest organizations,7.0,0.12999495714285714,111211,Corporate General Manager,2.0,0.06499747857142857
11-9199,"Managers, All Other",0.9099647,1213,Policy and planning managers,7.0,0.12999495714285714,132411,Policy and Planning Manager,3.0,0.04333165238095238
11-9199,"Managers, All Other",0.9099647,1213,Policy and planning managers,7.0,0.12999495714285714,139916,Quality Assurance Manager,3.0,0.04333165238095238
11-9199,"Managers, All Other",0.9099647,1213,Policy and planning managers,7.0,0.12999495714285714,139917,Regulatory Affairs Manager,3.0,0.04333165238095238
11-9199,"Managers, All Other",0.9099647,1219,Business services and administration managers not elsewhere classified,7.0,0.12999495714285714,132111,Corporate Services Manager,3.0,0.04333165238095238
11-9199,"Managers, All Other",0.9099647,1219,Business services and administration managers not elsewhere classified,7.0,0.12999495714285714,149212,Customer Service Manager,3.0,0.04333165238095238
11-9199,"Managers, All Other",0.9099647,1219,Business services and administration managers not elsewhere classified,7.0,0.12999495714285714,149913,Facilities Manager,3.0,0.04333165238095238
11-9199,"Managers, All Other",0.9099647,1322,Mining managers,7.0,0.12999495714285714,133513,Production Manager (Mining),1.0,0.12999495714285714
11-9199,"Managers, All Other",0.9099647,1349,Professional services managers not elsewhere classified,7.0,0.12999495714285714,133211,Engineering Manager,9.0,0.014443884126984127
11-9199,"Managers, All Other",0.9099647,1349,Professional services managers not elsewhere classified,7.0,0.12999495714285714,139112,Commissioned Fire Officer,9.0,0.014443884126984127
11-9199,"Managers, All Other",0.9099647,1349,Professional services managers not elsewhere classified,7.0,0.12999495714285714,139113,Commissioned Police Officer,9.0,0.014443884126984127
11-9199,"Managers, All Other",0.9099647,1349,Professional services managers not elsewhere classified,7.0,0.12999495714285714,139911,Arts Administrator or Manager,9.0,0.014443884126984127
11-9199,"Managers, All Other",0.9099647,1349,Professional services managers not elsewhere classified,7.0,0.12999495714285714,139912,Environmental Manager,9.0,0.014443884126984127
11-9199,"Managers, All Other",0.9099647,1349,Professional services managers not elsewhere classified,7.0,0.12999495714285714,139913,Laboratory Manager,9.0,0.014443884126984127
11-9199,"Managers, All Other",0.9099647,1349,Professional services managers not elsewhere classified,7.0,0.12999495714285714,139915,Sports Administrator,9.0,0.014443884126984127
11-9199,"Managers, All Other",0.9099647,1349,Professional services managers not elsewhere classified,7.0,0.12999495714285714,139999,Specialist Managers nec,9.0,0.014443884126984127
11-9199,"Managers, All Other",0.9099647,1349,Professional services managers not elsewhere classified,7.0,0.12999495714285714,224611,Librarian,9.0,0.014443884126984127
11-9199,"Managers, All Other",0.9099647,1431,"Sports, recreation and cultural centre managers",7.0,0.12999495714285714,149111,Amusement Centre Manager,4.0,0.032498739285714284
11-9199,"Managers, All Other",0.9099647,1431,"Sports, recreation and cultural centre managers",7.0,0.12999495714285714,149112,Fitness Centre Manager,4.0,0.032498739285714284
11-9199,"Managers, All Other",0.9099647,1431,"Sports, recreation and cultural centre managers",7.0,0.12999495714285714,149113,Sports Centre Manager,4.0,0.032498739285714284
11-9199,"Managers, All Other",0.9099647,1431,"Sports, recreation and cultural centre managers",7.0,0.12999495714285714,149912,Cinema or Theatre Manager,4.0,0.032498739285714284
11-9199,"Managers, All Other",0.9099647,1439,Services managers not elsewhere classified,7.0,0.12999495714285714,141211,Caravan Park and Camping Ground Manager,11.0,0.011817723376623375
11-9199,"Managers, All Other",0.9099647,1439,Services managers not elsewhere classified,7.0,0.12999495714285714,141411,Licensed Club Manager,11.0,0.011817723376623375
11-9199,"Managers, All Other",0.9099647,1439,Services managers not elsewhere classified,7.0,0.12999495714285714,141999,Accommodation and Hospitality Managers nec,11.0,0.011817723376623375
11-9199,"Managers, All Other",0.9099647,1439,Services managers not elsewhere classified,7.0,0.12999495714285714,142116,Travel Agency Manager,11.0,0.011817723376623375
11-9199,"Managers, All Other",0.9099647,1439,Services managers not elsewhere classified,7.0,0.12999495714285714,149211,Call or Contact Centre Manager,11.0,0.011817723376623375
11-9199,"Managers, All Other",0.9099647,1439,Services managers not elsewhere classified,7.0,0.12999495714285714,149212,Customer Service Manager,11.0,0.011817723376623375
11-9199,"Managers, All Other",0.9099647,1439,Services managers not elsewhere classified,7.0,0.12999495714285714,149311,Conference and Event Organiser,11.0,0.011817723376623375
11-9199,"Managers, All Other",0.9099647,1439,Services managers not elsewhere classified,7.0,0.12999495714285714,149911,Boarding Kennel or Cattery Operator,11.0,0.011817723376623375
11-9199,"Managers, All Other",0.9099647,1439,Services managers not elsewhere classified,7.0,0.12999495714285714,149913,Facilities Manager,11.0,0.011817723376623375
11-9199,"Managers, All Other",0.9099647,1439,Services managers not elsewhere classified,7.0,0.12999495714285714,149915,Equipment Hire Manager,11.0,0.011817723376623375
11-9199,"Managers, All Other",0.9099647,1439,Services managers not elsewhere classified,7.0,0.12999495714285714,149999,"Hospitality, Retail and Service Managers nec",11.0,0.011817723376623375
13-1011,"Agents and Business Managers of Artists, Performers, and Athletes",1.247628,3339,Business services agents not elsewhere classified,1.0,1.247628,222199,Financial Brokers nec,11.0,0.11342072727272727
13-1011,"Agents and Business Managers of Artists, Performers, and Athletes",1.247628,3339,Business services agents not elsewhere classified,1.0,1.247628,223112,Recruitment Consultant,11.0,0.11342072727272727
13-1011,"Agents and Business Managers of Artists, Performers, and Athletes",1.247628,3339,Business services agents not elsewhere classified,1.0,1.247628,224912,Liaison Officer,11.0,0.11342072727272727
13-1011,"Agents and Business Managers of Artists, Performers, and Athletes",1.247628,3339,Business services agents not elsewhere classified,1.0,1.247628,224999,Information and Organisation Professionals nec,11.0,0.11342072727272727
13-1011,"Agents and Business Managers of Artists, Performers, and Athletes",1.247628,3339,Business services agents not elsewhere classified,1.0,1.247628,442216,Security Consultant,11.0,0.11342072727272727
13-1011,"Agents and Business Managers of Artists, Performers, and Athletes",1.247628,3339,Business services agents not elsewhere classified,1.0,1.247628,511111,Contract Administrator,11.0,0.11342072727272727
13-1011,"Agents and Business Managers of Artists, Performers, and Athletes",1.247628,3339,Business services agents not elsewhere classified,1.0,1.247628,511112,Program or Project Administrator,11.0,0.11342072727272727
13-1011,"Agents and Business Managers of Artists, Performers, and Athletes",1.247628,3339,Business services agents not elsewhere classified,1.0,1.247628,599916,Facilities Administrator,11.0,0.11342072727272727
13-1011,"Agents and Business Managers of Artists, Performers, and Athletes",1.247628,3339,Business services agents not elsewhere classified,1.0,1.247628,611111,Auctioneer,11.0,0.11342072727272727
13-1011,"Agents and Business Managers of Artists, Performers, and Athletes",1.247628,3339,Business services agents not elsewhere classified,1.0,1.247628,611112,Stock and Station Agent,11.0,0.11342072727272727
13-1011,"Agents and Business Managers of Artists, Performers, and Athletes",1.247628,3339,Business services agents not elsewhere classified,1.0,1.247628,611312,Sales Representative (Business Services),11.0,0.11342072727272727
13-1021,"Buyers and Purchasing Agents, Farm Products",0.736816,3323,Buyers,1.0,0.736816,639211,Retail Buyer,3.0,0.24560533333333334
13-1021,"Buyers and Purchasing Agents, Farm Products",0.736816,3323,Buyers,1.0,0.736816,639212,Wool Buyer,3.0,0.24560533333333334
13-1021,"Buyers and Purchasing Agents, Farm Products",0.736816,3323,Buyers,1.0,0.736816,639911,Other Sales Support Worker,3.0,0.24560533333333334
13-1022,"Wholesale and Retail Buyers, Except Farm Products",0.7911764,3323,Buyers,1.0,0.7911764,639211,Retail Buyer,3.0,0.2637254666666667
13-1022,"Wholesale and Retail Buyers, Except Farm Products",0.7911764,3323,Buyers,1.0,0.7911764,639212,Wool Buyer,3.0,0.2637254666666667
13-1022,"Wholesale and Retail Buyers, Except Farm Products",0.7911764,3323,Buyers,1.0,0.7911764,639911,Other Sales Support Worker,3.0,0.2637254666666667
13-1023,"Purchasing Agents, Except Wholesale, Retail, and Farm Products",1.495701,3323,Buyers,1.0,1.495701,639211,Retail Buyer,3.0,0.498567
13-1023,"Purchasing Agents, Except Wholesale, Retail, and Farm Products",1.495701,3323,Buyers,1.0,1.495701,639212,Wool Buyer,3.0,0.498567
13-1023,"Purchasing Agents, Except Wholesale, Retail, and Farm Products",1.495701,3323,Buyers,1.0,1.495701,639911,Other Sales Support Worker,3.0,0.498567
13-1031,"Claims Adjusters, Examiners, and Investigators",1.106198,3315,Valuers and loss assessors,1.0,1.106198,224512,Valuer,4.0,0.2765495
13-1031,"Claims Adjusters, Examiners, and Investigators",1.106198,3315,Valuers and loss assessors,1.0,1.106198,599611,Insurance Investigator,4.0,0.2765495
13-1031,"Claims Adjusters, Examiners, and Investigators",1.106198,3315,Valuers and loss assessors,1.0,1.106198,599612,Insurance Loss Adjuster,4.0,0.2765495
13-1031,"Claims Adjusters, Examiners, and Investigators",1.106198,3315,Valuers and loss assessors,1.0,1.106198,599613,Insurance Risk Surveyor,4.0,0.2765495
13-1032,"Insurance Appraisers, Auto Damage",0.5820833,3315,Valuers and loss assessors,1.0,0.5820833,224512,Valuer,4.0,0.145520825
13-1032,"Insurance Appraisers, Auto Damage",0.5820833,3315,Valuers and loss assessors,1.0,0.5820833,599611,Insurance Investigator,4.0,0.145520825
13-1032,"Insurance Appraisers, Auto Damage",0.5820833,3315,Valuers and loss assessors,1.0,0.5820833,599612,Insurance Loss Adjuster,4.0,0.145520825
13-1032,"Insurance Appraisers, Auto Damage",0.5820833,3315,Valuers and loss assessors,1.0,0.5820833,599613,Insurance Risk Surveyor,4.0,0.145520825
13-1041,Compliance Officers,0.5718207,3351,Customs and border inspectors,3.0,0.1906069,311313,Biosecurity Officer,3.0,0.06353563333333333
13-1041,Compliance Officers,0.5718207,3351,Customs and border inspectors,3.0,0.1906069,599511,Customs Officer,3.0,0.06353563333333333
13-1041,Compliance Officers,0.5718207,3351,Customs and border inspectors,3.0,0.1906069,599512,Immigration Officer,3.0,0.06353563333333333
13-1041,Compliance Officers,0.5718207,3353,Government social benefits officials,3.0,0.1906069,599515,Social Security Assessor,1.0,0.1906069
13-1041,Compliance Officers,0.5718207,3354,Government licensing officials,3.0,0.1906069,599513,Motor Vehicle Licence Examiner,3.0,0.06353563333333333
13-1041,Compliance Officers,0.5718207,3354,Government licensing officials,3.0,0.1906069,599599,Inspectors and Regulatory Officers nec,3.0,0.06353563333333333
13-1041,Compliance Officers,0.5718207,3354,Government licensing officials,3.0,0.1906069,599999,Clerical and Administrative Workers nec,3.0,0.06353563333333333
13-1051,Cost Estimators,1.13408,3339,Business services agents not elsewhere classified,1.0,1.13408,222199,Financial Brokers nec,11.0,0.10309818181818181
13-1051,Cost Estimators,1.13408,3339,Business services agents not elsewhere classified,1.0,1.13408,223112,Recruitment Consultant,11.0,0.10309818181818181
13-1051,Cost Estimators,1.13408,3339,Business services agents not elsewhere classified,1.0,1.13408,224912,Liaison Officer,11.0,0.10309818181818181
13-1051,Cost Estimators,1.13408,3339,Business services agents not elsewhere classified,1.0,1.13408,224999,Information and Organisation Professionals nec,11.0,0.10309818181818181
13-1051,Cost Estimators,1.13408,3339,Business services agents not elsewhere classified,1.0,1.13408,442216,Security Consultant,11.0,0.10309818181818181
13-1051,Cost Estimators,1.13408,3339,Business services agents not elsewhere classified,1.0,1.13408,511111,Contract Administrator,11.0,0.10309818181818181
13-1051,Cost Estimators,1.13408,3339,Business services agents not elsewhere classified,1.0,1.13408,511112,Program or Project Administrator,11.0,0.10309818181818181
13-1051,Cost Estimators,1.13408,3339,Business services agents not elsewhere classified,1.0,1.13408,599916,Facilities Administrator,11.0,0.10309818181818181
13-1051,Cost Estimators,1.13408,3339,Business services agents not elsewhere classified,1.0,1.13408,611111,Auctioneer,11.0,0.10309818181818181
13-1051,Cost Estimators,1.13408,3339,Business services agents not elsewhere classified,1.0,1.13408,611112,Stock and Station Agent,11.0,0.10309818181818181
13-1051,Cost Estimators,1.13408,3339,Business services agents not elsewhere classified,1.0,1.13408,611312,Sales Representative (Business Services),11.0,0.10309818181818181
13-1071,Human Resources Specialists,1.557472,2423,Personnel and careers professionals,2.0,0.778736,223111,Human Resource Adviser,4.0,0.194684
13-1071,Human Resources Specialists,1.557472,2423,Personnel and careers professionals,2.0,0.778736,223112,Recruitment Consultant,4.0,0.194684
13-1071,Human Resources Specialists,1.557472,2423,Personnel and careers professionals,2.0,0.778736,223113,Workplace Relations Adviser,4.0,0.194684
13-1071,Human Resources Specialists,1.557472,2423,Personnel and careers professionals,2.0,0.778736,272111,Careers Counsellor,4.0,0.194684
13-1071,Human Resources Specialists,1.557472,3333,Employment agents and contractors,2.0,0.778736,223112,Recruitment Consultant,1.0,0.778736
13-1074,Farm Labor Contractors,-0.4044011,3333,Employment agents and contractors,1.0,-0.4044011,223112,Recruitment Consultant,1.0,-0.4044011
13-1075,Labor Relations Specialists,1.431411,2423,Personnel and careers professionals,1.0,1.431411,223111,Human Resource Adviser,4.0,0.35785275
13-1075,Labor Relations Specialists,1.431411,2423,Personnel and careers professionals,1.0,1.431411,223112,Recruitment Consultant,4.0,0.35785275
13-1075,Labor Relations Specialists,1.431411,2423,Personnel and careers professionals,1.0,1.431411,223113,Workplace Relations Adviser,4.0,0.35785275
13-1075,Labor Relations Specialists,1.431411,2423,Personnel and careers professionals,1.0,1.431411,272111,Careers Counsellor,4.0,0.35785275
13-1081,Logisticians,1.081353,2421,Management and organization analysts,1.0,1.081353,139916,Quality Assurance Manager,5.0,0.2162706
13-1081,Logisticians,1.081353,2421,Management and organization analysts,1.0,1.081353,139917,Regulatory Affairs Manager,5.0,0.2162706
13-1081,Logisticians,1.081353,2421,Management and organization analysts,1.0,1.081353,224712,Organisation and Methods Analyst,5.0,0.2162706
13-1081,Logisticians,1.081353,2421,Management and organization analysts,1.0,1.081353,224713,Management Consultant,5.0,0.2162706
13-1081,Logisticians,1.081353,2421,Management and organization analysts,1.0,1.081353,224714,Supply Chain Analyst,5.0,0.2162706
13-1111,Management Analysts,1.547557,2421,Management and organization analysts,1.0,1.547557,139916,Quality Assurance Manager,5.0,0.3095114
13-1111,Management Analysts,1.547557,2421,Management and organization analysts,1.0,1.547557,139917,Regulatory Affairs Manager,5.0,0.3095114
13-1111,Management Analysts,1.547557,2421,Management and organization analysts,1.0,1.547557,224712,Organisation and Methods Analyst,5.0,0.3095114
13-1111,Management Analysts,1.547557,2421,Management and organization analysts,1.0,1.547557,224713,Management Consultant,5.0,0.3095114
13-1111,Management Analysts,1.547557,2421,Management and organization analysts,1.0,1.547557,224714,Supply Chain Analyst,5.0,0.3095114
13-1121,"Meeting, Convention, and Event Planners",0.5130678,3332,Conference and event planners,1.0,0.5130678,149311,Conference and Event Organiser,1.0,0.5130678
13-1131,Fundraisers,1.404691,4214,Debt-collectors and related workers,1.0,1.404691,599311,Debt Collector,1.0,1.404691
13-1141,"Compensation, Benefits, and Job Analysis Specialists",1.361838,2423,Personnel and careers professionals,1.0,1.361838,223111,Human Resource Adviser,4.0,0.3404595
13-1141,"Compensation, Benefits, and Job Analysis Specialists",1.361838,2423,Personnel and careers professionals,1.0,1.361838,223112,Recruitment Consultant,4.0,0.3404595
13-1141,"Compensation, Benefits, and Job Analysis Specialists",1.361838,2423,Personnel and careers professionals,1.0,1.361838,223113,Workplace Relations Adviser,4.0,0.3404595
13-1141,"Compensation, Benefits, and Job Analysis Specialists",1.361838,2423,Personnel and careers professionals,1.0,1.361838,272111,Careers Counsellor,4.0,0.3404595
13-1151,Training and Development Specialists,1.322911,2356,Information technology trainers,2.0,0.6614555,223311,Training and Development Professional,1.0,0.6614555
13-1151,Training and Development Specialists,1.322911,2424,Training and staff development professionals,2.0,0.6614555,223311,Training and Development Professional,1.0,0.6614555
13-1161,Market Research Analysts and Marketing Specialists,1.356259,2431,Advertising and marketing professionals,1.0,1.356259,212411,Copywriter,6.0,0.22604316666666668
13-1161,Market Research Analysts and Marketing Specialists,1.356259,2431,Advertising and marketing professionals,1.0,1.356259,225111,Advertising Specialist,6.0,0.22604316666666668
13-1161,Market Research Analysts and Marketing Specialists,1.356259,2431,Advertising and marketing professionals,1.0,1.356259,225112,Market Research Analyst,6.0,0.22604316666666668
13-1161,Market Research Analysts and Marketing Specialists,1.356259,2431,Advertising and marketing professionals,1.0,1.356259,225113,Marketing Specialist,6.0,0.22604316666666668
13-1161,Market Research Analysts and Marketing Specialists,1.356259,2431,Advertising and marketing professionals,1.0,1.356259,225114,Content Creator (Marketing),6.0,0.22604316666666668
13-1161,Market Research Analysts and Marketing Specialists,1.356259,2431,Advertising and marketing professionals,1.0,1.356259,225115,Digital Marketing Analyst,6.0,0.22604316666666668
13-1199,"Business Operations Specialists, All Other",0.92503,2422,Policy administration professionals,2.0,0.462515,224411,Intelligence Officer,3.0,0.15417166666666668
13-1199,"Business Operations Specialists, All Other",0.92503,2422,Policy administration professionals,2.0,0.462515,224412,Policy Analyst,3.0,0.15417166666666668
13-1199,"Business Operations Specialists, All Other",0.92503,2422,Policy administration professionals,2.0,0.462515,224911,Electorate Officer,3.0,0.15417166666666668
13-1199,"Business Operations Specialists, All Other",0.92503,3339,Business services agents not elsewhere classified,2.0,0.462515,222199,Financial Brokers nec,11.0,0.042046818181818185
13-1199,"Business Operations Specialists, All Other",0.92503,3339,Business services agents not elsewhere classified,2.0,0.462515,223112,Recruitment Consultant,11.0,0.042046818181818185
13-1199,"Business Operations Specialists, All Other",0.92503,3339,Business services agents not elsewhere classified,2.0,0.462515,224912,Liaison Officer,11.0,0.042046818181818185
13-1199,"Business Operations Specialists, All Other",0.92503,3339,Business services agents not elsewhere classified,2.0,0.462515,224999,Information and Organisation Professionals nec,11.0,0.042046818181818185
13-1199,"Business Operations Specialists, All Other",0.92503,3339,Business services agents not elsewhere classified,2.0,0.462515,442216,Security Consultant,11.0,0.042046818181818185
13-1199,"Business Operations Specialists, All Other",0.92503,3339,Business services agents not elsewhere classified,2.0,0.462515,511111,Contract Administrator,11.0,0.042046818181818185
13-1199,"Business Operations Specialists, All Other",0.92503,3339,Business services agents not elsewhere classified,2.0,0.462515,511112,Program or Project Administrator,11.0,0.042046818181818185
13-1199,"Business Operations Specialists, All Other",0.92503,3339,Business services agents not elsewhere classified,2.0,0.462515,599916,Facilities Administrator,11.0,0.042046818181818185
13-1199,"Business Operations Specialists, All Other",0.92503,3339,Business services agents not elsewhere classified,2.0,0.462515,611111,Auctioneer,11.0,0.042046818181818185
13-1199,"Business Operations Specialists, All Other",0.92503,3339,Business services agents not elsewhere classified,2.0,0.462515,611112,Stock and Station Agent,11.0,0.042046818181818185
13-1199,"Business Operations Specialists, All Other",0.92503,3339,Business services agents not elsewhere classified,2.0,0.462515,611312,Sales Representative (Business Services),11.0,0.042046818181818185
13-2011,Accountants and Auditors,1.214001,2411,Accountants,1.0,1.214001,221111,Accountant (General),5.0,0.24280020000000002
13-2011,Accountants and Auditors,1.214001,2411,Accountants,1.0,1.214001,221112,Management Accountant,5.0,0.24280020000000002
13-2011,Accountants and Auditors,1.214001,2411,Accountants,1.0,1.214001,221113,Taxation Accountant,5.0,0.24280020000000002
13-2011,Accountants and Auditors,1.214001,2411,Accountants,1.0,1.214001,221213,External Auditor,5.0,0.24280020000000002
13-2011,Accountants and Auditors,1.214001,2411,Accountants,1.0,1.214001,221214,Internal Auditor,5.0,0.24280020000000002
13-2021,Appraisers and Assessors of Real Estate,0.6279358,3315,Valuers and loss assessors,1.0,0.6279358,224512,Valuer,4.0,0.15698395
13-2021,Appraisers and Assessors of Real Estate,0.6279358,3315,Valuers and loss assessors,1.0,0.6279358,599611,Insurance Investigator,4.0,0.15698395
13-2021,Appraisers and Assessors of Real Estate,0.6279358,3315,Valuers and loss assessors,1.0,0.6279358,599612,Insurance Loss Adjuster,4.0,0.15698395
13-2021,Appraisers and Assessors of Real Estate,0.6279358,3315,Valuers and loss assessors,1.0,0.6279358,599613,Insurance Risk Surveyor,4.0,0.15698395
13-2031,Budget Analysts,1.299968,2411,Accountants,1.0,1.299968,221111,Accountant (General),5.0,0.2599936
13-2031,Budget Analysts,1.299968,2411,Accountants,1.0,1.299968,221112,Management Accountant,5.0,0.2599936
13-2031,Budget Analysts,1.299968,2411,Accountants,1.0,1.299968,221113,Taxation Accountant,5.0,0.2599936
13-2031,Budget Analysts,1.299968,2411,Accountants,1.0,1.299968,221213,External Auditor,5.0,0.2599936
13-2031,Budget Analysts,1.299968,2411,Accountants,1.0,1.299968,221214,Internal Auditor,5.0,0.2599936
13-2041,Credit Analysts,1.092495,2413,Financial analysts,1.0,1.092495,222299,Financial Dealers nec,1.0,1.092495
13-2051,Financial Analysts,1.272825,2412,Financial and investment advisers,2.0,0.6364125,222311,Financial Investment Adviser,2.0,0.31820625
13-2051,Financial Analysts,1.272825,2412,Financial and investment advisers,2.0,0.6364125,222312,Financial Investment Manager,2.0,0.31820625
13-2051,Financial Analysts,1.272825,2413,Financial analysts,2.0,0.6364125,222299,Financial Dealers nec,1.0,0.6364125
13-2052,Personal Financial Advisors,1.395742,2412,Financial and investment advisers,1.0,1.395742,222311,Financial Investment Adviser,2.0,0.697871
13-2052,Personal Financial Advisors,1.395742,2412,Financial and investment advisers,1.0,1.395742,222312,Financial Investment Manager,2.0,0.697871
13-2053,Insurance Underwriters,1.261974,3321,Insurance representatives,1.0,1.261974,222113,Insurance Broker,3.0,0.420658
13-2053,Insurance Underwriters,1.261974,3321,Insurance representatives,1.0,1.261974,552312,Insurance Consultant,3.0,0.420658
13-2053,Insurance Underwriters,1.261974,3321,Insurance representatives,1.0,1.261974,611211,Insurance Agent,3.0,0.420658
13-2061,Financial Examiners,1.357634,2413,Financial analysts,1.0,1.357634,222299,Financial Dealers nec,1.0,1.357634
13-2071,Credit Counselors,1.355321,3312,Credit and loans officers,1.0,1.355321,552211,Credit or Loans Officer (Aus) / Finance Clerk (NZ),1.0,1.355321
13-2072,Loan Officers,1.477458,3312,Credit and loans officers,1.0,1.477458,552211,Credit or Loans Officer (Aus) / Finance Clerk (NZ),1.0,1.477458
13-2081,"Tax Examiners and Collectors, and Revenue Agents",1.253237,3352,Government tax and excise officials,1.0,1.253237,599516,Taxation Inspector,1.0,1.253237
13-2082,Tax Preparers,1.143748,2411,Accountants,1.0,1.143748,221111,Accountant (General),5.0,0.2287496
13-2082,Tax Preparers,1.143748,2411,Accountants,1.0,1.143748,221112,Management Accountant,5.0,0.2287496
13-2082,Tax Preparers,1.143748,2411,Accountants,1.0,1.143748,221113,Taxation Accountant,5.0,0.2287496
13-2082,Tax Preparers,1.143748,2411,Accountants,1.0,1.143748,221213,External Auditor,5.0,0.2287496
13-2082,Tax Preparers,1.143748,2411,Accountants,1.0,1.143748,221214,Internal Auditor,5.0,0.2287496
13-2099,"Financial Specialists, All Other",1.252594,3339,Business services agents not elsewhere classified,1.0,1.252594,222199,Financial Brokers nec,11.0,0.11387218181818182
13-2099,"Financial Specialists, All Other",1.252594,3339,Business services agents not elsewhere classified,1.0,1.252594,223112,Recruitment Consultant,11.0,0.11387218181818182
13-2099,"Financial Specialists, All Other",1.252594,3339,Business services agents not elsewhere classified,1.0,1.252594,224912,Liaison Officer,11.0,0.11387218181818182
13-2099,"Financial Specialists, All Other",1.252594,3339,Business services agents not elsewhere classified,1.0,1.252594,224999,Information and Organisation Professionals nec,11.0,0.11387218181818182
13-2099,"Financial Specialists, All Other",1.252594,3339,Business services agents not elsewhere classified,1.0,1.252594,442216,Security Consultant,11.0,0.11387218181818182
13-2099,"Financial Specialists, All Other",1.252594,3339,Business services agents not elsewhere classified,1.0,1.252594,511111,Contract Administrator,11.0,0.11387218181818182
13-2099,"Financial Specialists, All Other",1.252594,3339,Business services agents not elsewhere classified,1.0,1.252594,511112,Program or Project Administrator,11.0,0.11387218181818182
13-2099,"Financial Specialists, All Other",1.252594,3339,Business services agents not elsewhere classified,1.0,1.252594,599916,Facilities Administrator,11.0,0.11387218181818182
13-2099,"Financial Specialists, All Other",1.252594,3339,Business services agents not elsewhere classified,1.0,1.252594,611111,Auctioneer,11.0,0.11387218181818182
13-2099,"Financial Specialists, All Other",1.252594,3339,Business services agents not elsewhere classified,1.0,1.252594,611112,Stock and Station Agent,11.0,0.11387218181818182
13-2099,"Financial Specialists, All Other",1.252594,3339,Business services agents not elsewhere classified,1.0,1.252594,611312,Sales Representative (Business Services),11.0,0.11387218181818182
15-1111,Computer and Information Research Scientists,0.968235,2511,Systems analysts,1.0,0.968235,261111,ICT Business Analyst,2.0,0.4841175
15-1111,Computer and Information Research Scientists,0.968235,2511,Systems analysts,1.0,0.968235,261112,Systems Analyst,2.0,0.4841175
15-1121,Computer Systems Analysts,1.045816,2511,Systems analysts,1.0,1.045816,261111,ICT Business Analyst,2.0,0.522908
15-1121,Computer Systems Analysts,1.045816,2511,Systems analysts,1.0,1.045816,261112,Systems Analyst,2.0,0.522908
15-1122,Information Security Analysts,1.044709,2529,Database and network professionals not elsewhere classified,1.0,1.044709,262114,Cyber Governance Risk and Compliance Specialist,5.0,0.2089418
15-1122,Information Security Analysts,1.044709,2529,Database and network professionals not elsewhere classified,1.0,1.044709,262115,Cyber Security Advice and Assessment Specialist,5.0,0.2089418
15-1122,Information Security Analysts,1.044709,2529,Database and network professionals not elsewhere classified,1.0,1.044709,262116,Cyber Security Analyst,5.0,0.2089418
15-1122,Information Security Analysts,1.044709,2529,Database and network professionals not elsewhere classified,1.0,1.044709,262117,Cyber Security Architect,5.0,0.2089418
15-1122,Information Security Analysts,1.044709,2529,Database and network professionals not elsewhere classified,1.0,1.044709,262118,Cyber Security Operations Coordinator,5.0,0.2089418
15-1131,Computer Programmers,1.024722,2514,Applications programmers,1.0,1.024722,261312,Developer Programmer,1.0,1.024722
15-1132,"Software Developers, Applications",0.8815646,2512,Software developers,1.0,0.8815646,261311,Analyst Programmer,4.0,0.22039115
15-1132,"Software Developers, Applications",0.8815646,2512,Software developers,1.0,0.8815646,261313,Software Engineer,4.0,0.22039115
15-1132,"Software Developers, Applications",0.8815646,2512,Software developers,1.0,0.8815646,261315,Cyber Security Engineer,4.0,0.22039115
15-1132,"Software Developers, Applications",0.8815646,2512,Software developers,1.0,0.8815646,261316,Devops Engineer,4.0,0.22039115
15-1133,"Software Developers, Systems Software",1.165808,2512,Software developers,1.0,1.165808,261311,Analyst Programmer,4.0,0.291452
15-1133,"Software Developers, Systems Software",1.165808,2512,Software developers,1.0,1.165808,261313,Software Engineer,4.0,0.291452
15-1133,"Software Developers, Systems Software",1.165808,2512,Software developers,1.0,1.165808,261315,Cyber Security Engineer,4.0,0.291452
15-1133,"Software Developers, Systems Software",1.165808,2512,Software developers,1.0,1.165808,261316,Devops Engineer,4.0,0.291452
15-1134,Web Developers,0.7887872,2513,Web and multimedia developers,2.0,0.3943936,261211,Multimedia Specialist,2.0,0.1971968
15-1134,Web Developers,0.7887872,2513,Web and multimedia developers,2.0,0.3943936,261212,Web Developer,2.0,0.1971968
15-1134,Web Developers,0.7887872,3514,Web technicians,2.0,0.3943936,313113,Web Administrator,1.0,0.3943936
15-1141,Database Administrators,0.9959827,2521,Database designers and administrators,1.0,0.9959827,262111,Database Administrator,1.0,0.9959827
15-1142,Network and Computer Systems Administrators,0.4749538,2522,Systems administrators,2.0,0.2374769,262113,Systems Administrator,2.0,0.11873845
15-1142,Network and Computer Systems Administrators,0.4749538,2522,Systems administrators,2.0,0.2374769,263112,Network Administrator,2.0,0.11873845
15-1142,Network and Computer Systems Administrators,0.4749538,3514,Web technicians,2.0,0.2374769,313113,Web Administrator,1.0,0.2374769
15-1143,Computer Network Architects,0.4954185,2523,Computer network professionals,1.0,0.4954185,263111,Computer Network and Systems Engineer,2.0,0.24770925
15-1143,Computer Network Architects,0.4954185,2523,Computer network professionals,1.0,0.4954185,263113,Network Analyst,2.0,0.24770925
15-1151,Computer User Support Specialists,0.3261741,3512,Information and communications technology user support technicians,1.0,0.3261741,313112,ICT Customer Support Officer,1.0,0.3261741
15-1152,Computer Network Support Specialists,0.6566319,3513,Computer network and systems technicians,1.0,0.6566319,313112,ICT Customer Support Officer,1.0,0.6566319
15-1199,"Computer Occupations, All Other",1.043586,2519,Software and applications developers and analysts not elsewhere classified,2.0,0.521793,261113,User Experience Designer (ICT),8.0,0.065224125
15-1199,"Computer Occupations, All Other",1.043586,2519,Software and applications developers and analysts not elsewhere classified,2.0,0.521793,261314,Software Tester,8.0,0.065224125
15-1199,"Computer Occupations, All Other",1.043586,2519,Software and applications developers and analysts not elsewhere classified,2.0,0.521793,261317,Penetration Tester,8.0,0.065224125
15-1199,"Computer Occupations, All Other",1.043586,2519,Software and applications developers and analysts not elsewhere classified,2.0,0.521793,261399,Software and Applications Programmers nec,8.0,0.065224125
15-1199,"Computer Occupations, All Other",1.043586,2519,Software and applications developers and analysts not elsewhere classified,2.0,0.521793,263211,ICT Quality Assurance Engineer,8.0,0.065224125
15-1199,"Computer Occupations, All Other",1.043586,2519,Software and applications developers and analysts not elsewhere classified,2.0,0.521793,263212,ICT Support Engineer,8.0,0.065224125
15-1199,"Computer Occupations, All Other",1.043586,2519,Software and applications developers and analysts not elsewhere classified,2.0,0.521793,263213,ICT Systems Test Engineer,8.0,0.065224125
15-1199,"Computer Occupations, All Other",1.043586,2519,Software and applications developers and analysts not elsewhere classified,2.0,0.521793,263299,ICT Support and Test Engineers nec,8.0,0.065224125
15-1199,"Computer Occupations, All Other",1.043586,2529,Database and network professionals not elsewhere classified,2.0,0.521793,262114,Cyber Governance Risk and Compliance Specialist,5.0,0.1043586
15-1199,"Computer Occupations, All Other",1.043586,2529,Database and network professionals not elsewhere classified,2.0,0.521793,262115,Cyber Security Advice and Assessment Specialist,5.0,0.1043586
15-1199,"Computer Occupations, All Other",1.043586,2529,Database and network professionals not elsewhere classified,2.0,0.521793,262116,Cyber Security Analyst,5.0,0.1043586
15-1199,"Computer Occupations, All Other",1.043586,2529,Database and network professionals not elsewhere classified,2.0,0.521793,262117,Cyber Security Architect,5.0,0.1043586
15-1199,"Computer Occupations, All Other",1.043586,2529,Database and network professionals not elsewhere classified,2.0,0.521793,262118,Cyber Security Operations Coordinator,5.0,0.1043586
15-2011,Actuaries,1.199589,2120,"Mathematicians, actuaries and statisticians",1.0,1.199589,224111,Actuary,5.0,0.23991780000000001
15-2011,Actuaries,1.199589,2120,"Mathematicians, actuaries and statisticians",1.0,1.199589,224112,Mathematician,5.0,0.23991780000000001
15-2011,Actuaries,1.199589,2120,"Mathematicians, actuaries and statisticians",1.0,1.199589,224114,Data Analyst,5.0,0.23991780000000001
15-2011,Actuaries,1.199589,2120,"Mathematicians, actuaries and statisticians",1.0,1.199589,224115,Data Scientist,5.0,0.23991780000000001
15-2011,Actuaries,1.199589,2120,"Mathematicians, actuaries and statisticians",1.0,1.199589,224116,Statistician,5.0,0.23991780000000001
15-2021,Mathematicians,1.166233,2120,"Mathematicians, actuaries and statisticians",1.0,1.166233,224111,Actuary,5.0,0.23324660000000003
15-2021,Mathematicians,1.166233,2120,"Mathematicians, actuaries and statisticians",1.0,1.166233,224112,Mathematician,5.0,0.23324660000000003
15-2021,Mathematicians,1.166233,2120,"Mathematicians, actuaries and statisticians",1.0,1.166233,224114,Data Analyst,5.0,0.23324660000000003
15-2021,Mathematicians,1.166233,2120,"Mathematicians, actuaries and statisticians",1.0,1.166233,224115,Data Scientist,5.0,0.23324660000000003
15-2021,Mathematicians,1.166233,2120,"Mathematicians, actuaries and statisticians",1.0,1.166233,224116,Statistician,5.0,0.23324660000000003
15-2031,Operations Research Analysts,1.233633,2120,"Mathematicians, actuaries and statisticians",1.0,1.233633,224111,Actuary,5.0,0.2467266
15-2031,Operations Research Analysts,1.233633,2120,"Mathematicians, actuaries and statisticians",1.0,1.233633,224112,Mathematician,5.0,0.2467266
15-2031,Operations Research Analysts,1.233633,2120,"Mathematicians, actuaries and statisticians",1.0,1.233633,224114,Data Analyst,5.0,0.2467266
15-2031,Operations Research Analysts,1.233633,2120,"Mathematicians, actuaries and statisticians",1.0,1.233633,224115,Data Scientist,5.0,0.2467266
15-2031,Operations Research Analysts,1.233633,2120,"Mathematicians, actuaries and statisticians",1.0,1.233633,224116,Statistician,5.0,0.2467266
15-2041,Statisticians,1.243257,2120,"Mathematicians, actuaries and statisticians",1.0,1.243257,224111,Actuary,5.0,0.24865140000000002
15-2041,Statisticians,1.243257,2120,"Mathematicians, actuaries and statisticians",1.0,1.243257,224112,Mathematician,5.0,0.24865140000000002
15-2041,Statisticians,1.243257,2120,"Mathematicians, actuaries and statisticians",1.0,1.243257,224114,Data Analyst,5.0,0.24865140000000002
15-2041,Statisticians,1.243257,2120,"Mathematicians, actuaries and statisticians",1.0,1.243257,224115,Data Scientist,5.0,0.24865140000000002
15-2041,Statisticians,1.243257,2120,"Mathematicians, actuaries and statisticians",1.0,1.243257,224116,Statistician,5.0,0.24865140000000002
15-2091,Mathematical Technicians,0.438215,3314,"Statistical, mathematical and related associate professionals",1.0,0.438215,552314,Statistical Clerk,1.0,0.438215
17-1011,"Architects, Except Landscape and Naval",0.6103589,2161,Building architects,1.0,0.6103589,232111,Architect,2.0,0.30517945
17-1011,"Architects, Except Landscape and Naval",0.6103589,2161,Building architects,1.0,0.6103589,232511,Interior Designer,2.0,0.30517945
17-1012,Landscape Architects,0.8363757,2162,Landscape architects,1.0,0.8363757,232112,Landscape Architect,1.0,0.8363757
17-1021,Cartographers and Photogrammetrists,0.4723189,2165,Cartographers and surveyors,1.0,0.4723189,232212,Surveyor,3.0,0.15743963333333333
17-1021,Cartographers and Photogrammetrists,0.4723189,2165,Cartographers and surveyors,1.0,0.4723189,232213,Cartographer,3.0,0.15743963333333333
17-1021,Cartographers and Photogrammetrists,0.4723189,2165,Cartographers and surveyors,1.0,0.4723189,232214,Other Spatial Scientist,3.0,0.15743963333333333
17-1022,Surveyors,-0.121288,2165,Cartographers and surveyors,1.0,-0.121288,232212,Surveyor,3.0,-0.04042933333333334
17-1022,Surveyors,-0.121288,2165,Cartographers and surveyors,1.0,-0.121288,232213,Cartographer,3.0,-0.04042933333333334
17-1022,Surveyors,-0.121288,2165,Cartographers and surveyors,1.0,-0.121288,232214,Other Spatial Scientist,3.0,-0.04042933333333334
17-2011,Aerospace Engineers,1.11685,2144,Mechanical engineers,1.0,1.11685,233512,Mechanical Engineer,5.0,0.22336999999999999
17-2011,Aerospace Engineers,1.11685,2144,Mechanical engineers,1.0,1.11685,233911,Aeronautical Engineer,5.0,0.22336999999999999
17-2011,Aerospace Engineers,1.11685,2144,Mechanical engineers,1.0,1.11685,233912,Agricultural Engineer,5.0,0.22336999999999999
17-2011,Aerospace Engineers,1.11685,2144,Mechanical engineers,1.0,1.11685,233914,Engineering Technologist,5.0,0.22336999999999999
17-2011,Aerospace Engineers,1.11685,2144,Mechanical engineers,1.0,1.11685,233916,Naval Architect / Marine Designer,5.0,0.22336999999999999
17-2021,Agricultural Engineers,0.6895172,2144,Mechanical engineers,1.0,0.6895172,233512,Mechanical Engineer,5.0,0.13790344000000002
17-2021,Agricultural Engineers,0.6895172,2144,Mechanical engineers,1.0,0.6895172,233911,Aeronautical Engineer,5.0,0.13790344000000002
17-2021,Agricultural Engineers,0.6895172,2144,Mechanical engineers,1.0,0.6895172,233912,Agricultural Engineer,5.0,0.13790344000000002
17-2021,Agricultural Engineers,0.6895172,2144,Mechanical engineers,1.0,0.6895172,233914,Engineering Technologist,5.0,0.13790344000000002
17-2021,Agricultural Engineers,0.6895172,2144,Mechanical engineers,1.0,0.6895172,233916,Naval Architect / Marine Designer,5.0,0.13790344000000002
17-2031,Biomedical Engineers,0.7338057,2149,Engineering professionals not elsewhere classified,1.0,0.7338057,233112,Materials Engineer,8.0,0.0917257125
17-2031,Biomedical Engineers,0.7338057,2149,Engineering professionals not elsewhere classified,1.0,0.7338057,233213,Quantity Surveyor,8.0,0.0917257125
17-2031,Biomedical Engineers,0.7338057,2149,Engineering professionals not elsewhere classified,1.0,0.7338057,233511,Industrial Engineer,8.0,0.0917257125
17-2031,Biomedical Engineers,0.7338057,2149,Engineering professionals not elsewhere classified,1.0,0.7338057,233912,Agricultural Engineer,8.0,0.0917257125
17-2031,Biomedical Engineers,0.7338057,2149,Engineering professionals not elsewhere classified,1.0,0.7338057,233913,Biomedical Engineer,8.0,0.0917257125
17-2031,Biomedical Engineers,0.7338057,2149,Engineering professionals not elsewhere classified,1.0,0.7338057,233914,Engineering Technologist,8.0,0.0917257125
17-2031,Biomedical Engineers,0.7338057,2149,Engineering professionals not elsewhere classified,1.0,0.7338057,233999,Engineering Professionals nec,8.0,0.0917257125
17-2031,Biomedical Engineers,0.7338057,2149,Engineering professionals not elsewhere classified,1.0,0.7338057,312611,Safety Inspector,8.0,0.0917257125
17-2041,Chemical Engineers,0.9060193,2145,Chemical engineers,1.0,0.9060193,233111,Chemical Engineer,4.0,0.226504825
17-2041,Chemical Engineers,0.9060193,2145,Chemical engineers,1.0,0.9060193,233914,Engineering Technologist,4.0,0.226504825
17-2041,Chemical Engineers,0.9060193,2145,Chemical engineers,1.0,0.9060193,234212,Food Technologist,4.0,0.226504825
17-2041,Chemical Engineers,0.9060193,2145,Chemical engineers,1.0,0.9060193,234213,Wine Maker,4.0,0.226504825
17-2051,Civil Engineers,0.9267973,2142,Civil engineers,1.0,0.9267973,233211,Civil Engineer,5.0,0.18535946
17-2051,Civil Engineers,0.9267973,2142,Civil engineers,1.0,0.9267973,233212,Geotechnical Engineer,5.0,0.18535946
17-2051,Civil Engineers,0.9267973,2142,Civil engineers,1.0,0.9267973,233214,Structural Engineer,5.0,0.18535946
17-2051,Civil Engineers,0.9267973,2142,Civil engineers,1.0,0.9267973,233215,Transport Engineer,5.0,0.18535946
17-2051,Civil Engineers,0.9267973,2142,Civil engineers,1.0,0.9267973,233914,Engineering Technologist,5.0,0.18535946
17-2061,Computer Hardware Engineers,0.9768626,2152,Electronics engineers,1.0,0.9768626,233411,Electronics Engineer,2.0,0.4884313
17-2061,Computer Hardware Engineers,0.9768626,2152,Electronics engineers,1.0,0.9768626,233914,Engineering Technologist,2.0,0.4884313
17-2071,Electrical Engineers,0.901124,2151,Electrical engineers,1.0,0.901124,233311,Electrical Engineer,2.0,0.450562
17-2071,Electrical Engineers,0.901124,2151,Electrical engineers,1.0,0.901124,233914,Engineering Technologist,2.0,0.450562
17-2072,"Electronics Engineers, Except Computer",0.4569179,2153,Telecommunications engineers,2.0,0.22845895,263311,Telecommunications Engineer,2.0,0.114229475
17-2072,"Electronics Engineers, Except Computer",0.4569179,2153,Telecommunications engineers,2.0,0.22845895,263312,Telecommunications Network Engineer,2.0,0.114229475
17-2072,"Electronics Engineers, Except Computer",0.4569179,2152,Electronics engineers,2.0,0.22845895,233411,Electronics Engineer,2.0,0.114229475
17-2072,"Electronics Engineers, Except Computer",0.4569179,2152,Electronics engineers,2.0,0.22845895,233914,Engineering Technologist,2.0,0.114229475
17-2081,Environmental Engineers,1.043951,2143,Environmental engineers,1.0,1.043951,233915,Environmental Engineer,1.0,1.043951
17-2111,"Health and Safety Engineers, Except Mining Safety Engineers and Inspectors",0.7644105,2149,Engineering professionals not elsewhere classified,1.0,0.7644105,233112,Materials Engineer,8.0,0.0955513125
17-2111,"Health and Safety Engineers, Except Mining Safety Engineers and Inspectors",0.7644105,2149,Engineering professionals not elsewhere classified,1.0,0.7644105,233213,Quantity Surveyor,8.0,0.0955513125
17-2111,"Health and Safety Engineers, Except Mining Safety Engineers and Inspectors",0.7644105,2149,Engineering professionals not elsewhere classified,1.0,0.7644105,233511,Industrial Engineer,8.0,0.0955513125
17-2111,"Health and Safety Engineers, Except Mining Safety Engineers and Inspectors",0.7644105,2149,Engineering professionals not elsewhere classified,1.0,0.7644105,233912,Agricultural Engineer,8.0,0.0955513125
17-2111,"Health and Safety Engineers, Except Mining Safety Engineers and Inspectors",0.7644105,2149,Engineering professionals not elsewhere classified,1.0,0.7644105,233913,Biomedical Engineer,8.0,0.0955513125
17-2111,"Health and Safety Engineers, Except Mining Safety Engineers and Inspectors",0.7644105,2149,Engineering professionals not elsewhere classified,1.0,0.7644105,233914,Engineering Technologist,8.0,0.0955513125
17-2111,"Health and Safety Engineers, Except Mining Safety Engineers and Inspectors",0.7644105,2149,Engineering professionals not elsewhere classified,1.0,0.7644105,233999,Engineering Professionals nec,8.0,0.0955513125
17-2111,"Health and Safety Engineers, Except Mining Safety Engineers and Inspectors",0.7644105,2149,Engineering professionals not elsewhere classified,1.0,0.7644105,312611,Safety Inspector,8.0,0.0955513125
17-2112,Industrial Engineers,0.9050576,2141,Industrial and production engineers,1.0,0.9050576,233511,Industrial Engineer,3.0,0.3016858666666667
17-2112,Industrial Engineers,0.9050576,2141,Industrial and production engineers,1.0,0.9050576,233513,Production or Plant Engineer,3.0,0.3016858666666667
17-2112,Industrial Engineers,0.9050576,2141,Industrial and production engineers,1.0,0.9050576,233914,Engineering Technologist,3.0,0.3016858666666667
17-2121,Marine Engineers and Naval Architects,0.3434475,2144,Mechanical engineers,1.0,0.3434475,233512,Mechanical Engineer,5.0,0.0686895
17-2121,Marine Engineers and Naval Architects,0.3434475,2144,Mechanical engineers,1.0,0.3434475,233911,Aeronautical Engineer,5.0,0.0686895
17-2121,Marine Engineers and Naval Architects,0.3434475,2144,Mechanical engineers,1.0,0.3434475,233912,Agricultural Engineer,5.0,0.0686895
17-2121,Marine Engineers and Naval Architects,0.3434475,2144,Mechanical engineers,1.0,0.3434475,233914,Engineering Technologist,5.0,0.0686895
17-2121,Marine Engineers and Naval Architects,0.3434475,2144,Mechanical engineers,1.0,0.3434475,233916,Naval Architect / Marine Designer,5.0,0.0686895
17-2131,Materials Engineers,0.7804771,2146,"Mining engineers, metallurgists and related professionals",2.0,0.39023855,233611,Mining Engineer (excluding Petroleum),5.0,0.07804771
17-2131,Materials Engineers,0.7804771,2146,"Mining engineers, metallurgists and related professionals",2.0,0.39023855,233612,Petroleum Engineer,5.0,0.07804771
17-2131,Materials Engineers,0.7804771,2146,"Mining engineers, metallurgists and related professionals",2.0,0.39023855,233914,Engineering Technologist,5.0,0.07804771
17-2131,Materials Engineers,0.7804771,2146,"Mining engineers, metallurgists and related professionals",2.0,0.39023855,234912,Metallurgist,5.0,0.07804771
17-2131,Materials Engineers,0.7804771,2146,"Mining engineers, metallurgists and related professionals",2.0,0.39023855,234999,Natural and Physical Science Professionals nec,5.0,0.07804771
17-2131,Materials Engineers,0.7804771,2149,Engineering professionals not elsewhere classified,2.0,0.39023855,233112,Materials Engineer,8.0,0.04877981875
17-2131,Materials Engineers,0.7804771,2149,Engineering professionals not elsewhere classified,2.0,0.39023855,233213,Quantity Surveyor,8.0,0.04877981875
17-2131,Materials Engineers,0.7804771,2149,Engineering professionals not elsewhere classified,2.0,0.39023855,233511,Industrial Engineer,8.0,0.04877981875
17-2131,Materials Engineers,0.7804771,2149,Engineering professionals not elsewhere classified,2.0,0.39023855,233912,Agricultural Engineer,8.0,0.04877981875
17-2131,Materials Engineers,0.7804771,2149,Engineering professionals not elsewhere classified,2.0,0.39023855,233913,Biomedical Engineer,8.0,0.04877981875
17-2131,Materials Engineers,0.7804771,2149,Engineering professionals not elsewhere classified,2.0,0.39023855,233914,Engineering Technologist,8.0,0.04877981875
17-2131,Materials Engineers,0.7804771,2149,Engineering professionals not elsewhere classified,2.0,0.39023855,233999,Engineering Professionals nec,8.0,0.04877981875
17-2131,Materials Engineers,0.7804771,2149,Engineering professionals not elsewhere classified,2.0,0.39023855,312611,Safety Inspector,8.0,0.04877981875
17-2141,Mechanical Engineers,0.6780269,2144,Mechanical engineers,1.0,0.6780269,233512,Mechanical Engineer,5.0,0.13560538
17-2141,Mechanical Engineers,0.6780269,2144,Mechanical engineers,1.0,0.6780269,233911,Aeronautical Engineer,5.0,0.13560538
17-2141,Mechanical Engineers,0.6780269,2144,Mechanical engineers,1.0,0.6780269,233912,Agricultural Engineer,5.0,0.13560538
17-2141,Mechanical Engineers,0.6780269,2144,Mechanical engineers,1.0,0.6780269,233914,Engineering Technologist,5.0,0.13560538
17-2141,Mechanical Engineers,0.6780269,2144,Mechanical engineers,1.0,0.6780269,233916,Naval Architect / Marine Designer,5.0,0.13560538
17-2151,"Mining and Geological Engineers, Including Mining Safety Engineers",1.031417,2146,"Mining engineers, metallurgists and related professionals",1.0,1.031417,233611,Mining Engineer (excluding Petroleum),5.0,0.2062834
17-2151,"Mining and Geological Engineers, Including Mining Safety Engineers",1.031417,2146,"Mining engineers, metallurgists and related professionals",1.0,1.031417,233612,Petroleum Engineer,5.0,0.2062834
17-2151,"Mining and Geological Engineers, Including Mining Safety Engineers",1.031417,2146,"Mining engineers, metallurgists and related professionals",1.0,1.031417,233914,Engineering Technologist,5.0,0.2062834
17-2151,"Mining and Geological Engineers, Including Mining Safety Engineers",1.031417,2146,"Mining engineers, metallurgists and related professionals",1.0,1.031417,234912,Metallurgist,5.0,0.2062834
17-2151,"Mining and Geological Engineers, Including Mining Safety Engineers",1.031417,2146,"Mining engineers, metallurgists and related professionals",1.0,1.031417,234999,Natural and Physical Science Professionals nec,5.0,0.2062834
17-2161,Nuclear Engineers,1.07307,2149,Engineering professionals not elsewhere classified,1.0,1.07307,233112,Materials Engineer,8.0,0.13413375
17-2161,Nuclear Engineers,1.07307,2149,Engineering professionals not elsewhere classified,1.0,1.07307,233213,Quantity Surveyor,8.0,0.13413375
17-2161,Nuclear Engineers,1.07307,2149,Engineering professionals not elsewhere classified,1.0,1.07307,233511,Industrial Engineer,8.0,0.13413375
17-2161,Nuclear Engineers,1.07307,2149,Engineering professionals not elsewhere classified,1.0,1.07307,233912,Agricultural Engineer,8.0,0.13413375
17-2161,Nuclear Engineers,1.07307,2149,Engineering professionals not elsewhere classified,1.0,1.07307,233913,Biomedical Engineer,8.0,0.13413375
17-2161,Nuclear Engineers,1.07307,2149,Engineering professionals not elsewhere classified,1.0,1.07307,233914,Engineering Technologist,8.0,0.13413375
17-2161,Nuclear Engineers,1.07307,2149,Engineering professionals not elsewhere classified,1.0,1.07307,233999,Engineering Professionals nec,8.0,0.13413375
17-2161,Nuclear Engineers,1.07307,2149,Engineering professionals not elsewhere classified,1.0,1.07307,312611,Safety Inspector,8.0,0.13413375
17-2171,Petroleum Engineers,1.03314,2146,"Mining engineers, metallurgists and related professionals",1.0,1.03314,233611,Mining Engineer (excluding Petroleum),5.0,0.20662799999999998
17-2171,Petroleum Engineers,1.03314,2146,"Mining engineers, metallurgists and related professionals",1.0,1.03314,233612,Petroleum Engineer,5.0,0.20662799999999998
17-2171,Petroleum Engineers,1.03314,2146,"Mining engineers, metallurgists and related professionals",1.0,1.03314,233914,Engineering Technologist,5.0,0.20662799999999998
17-2171,Petroleum Engineers,1.03314,2146,"Mining engineers, metallurgists and related professionals",1.0,1.03314,234912,Metallurgist,5.0,0.20662799999999998
17-2171,Petroleum Engineers,1.03314,2146,"Mining engineers, metallurgists and related professionals",1.0,1.03314,234999,Natural and Physical Science Professionals nec,5.0,0.20662799999999998
17-2199,"Engineers, All Other",0.5808077,2149,Engineering professionals not elsewhere classified,1.0,0.5808077,233112,Materials Engineer,8.0,0.0726009625
17-2199,"Engineers, All Other",0.5808077,2149,Engineering professionals not elsewhere classified,1.0,0.5808077,233213,Quantity Surveyor,8.0,0.0726009625
17-2199,"Engineers, All Other",0.5808077,2149,Engineering professionals not elsewhere classified,1.0,0.5808077,233511,Industrial Engineer,8.0,0.0726009625
17-2199,"Engineers, All Other",0.5808077,2149,Engineering professionals not elsewhere classified,1.0,0.5808077,233912,Agricultural Engineer,8.0,0.0726009625
17-2199,"Engineers, All Other",0.5808077,2149,Engineering professionals not elsewhere classified,1.0,0.5808077,233913,Biomedical Engineer,8.0,0.0726009625
17-2199,"Engineers, All Other",0.5808077,2149,Engineering professionals not elsewhere classified,1.0,0.5808077,233914,Engineering Technologist,8.0,0.0726009625
17-2199,"Engineers, All Other",0.5808077,2149,Engineering professionals not elsewhere classified,1.0,0.5808077,233999,Engineering Professionals nec,8.0,0.0726009625
17-2199,"Engineers, All Other",0.5808077,2149,Engineering professionals not elsewhere classified,1.0,0.5808077,312611,Safety Inspector,8.0,0.0726009625
17-3011,Architectural and Civil Drafters,0.5538733,3118,Draughtspersons,1.0,0.5538733,312111,Architectural Draftsperson,7.0,0.07912475714285715
17-3011,Architectural and Civil Drafters,0.5538733,3118,Draughtspersons,1.0,0.5538733,312116,Surveying or Spatial Science Technician,7.0,0.07912475714285715
17-3011,Architectural and Civil Drafters,0.5538733,3118,Draughtspersons,1.0,0.5538733,312211,Civil Engineering Draftsperson,7.0,0.07912475714285715
17-3011,Architectural and Civil Drafters,0.5538733,3118,Draughtspersons,1.0,0.5538733,312311,Electrical Engineering Draftsperson,7.0,0.07912475714285715
17-3011,Architectural and Civil Drafters,0.5538733,3118,Draughtspersons,1.0,0.5538733,312411,Electronic Engineering Draftsperson,7.0,0.07912475714285715
17-3011,Architectural and Civil Drafters,0.5538733,3118,Draughtspersons,1.0,0.5538733,312511,Mechanical Engineering Draftsperson,7.0,0.07912475714285715
17-3011,Architectural and Civil Drafters,0.5538733,3118,Draughtspersons,1.0,0.5538733,312914,Other Draftsperson,7.0,0.07912475714285715
17-3012,Electrical and Electronics Drafters,0.675525,3118,Draughtspersons,1.0,0.675525,312111,Architectural Draftsperson,7.0,0.09650357142857144
17-3012,Electrical and Electronics Drafters,0.675525,3118,Draughtspersons,1.0,0.675525,312116,Surveying or Spatial Science Technician,7.0,0.09650357142857144
17-3012,Electrical and Electronics Drafters,0.675525,3118,Draughtspersons,1.0,0.675525,312211,Civil Engineering Draftsperson,7.0,0.09650357142857144
17-3012,Electrical and Electronics Drafters,0.675525,3118,Draughtspersons,1.0,0.675525,312311,Electrical Engineering Draftsperson,7.0,0.09650357142857144
17-3012,Electrical and Electronics Drafters,0.675525,3118,Draughtspersons,1.0,0.675525,312411,Electronic Engineering Draftsperson,7.0,0.09650357142857144
17-3012,Electrical and Electronics Drafters,0.675525,3118,Draughtspersons,1.0,0.675525,312511,Mechanical Engineering Draftsperson,7.0,0.09650357142857144
17-3012,Electrical and Electronics Drafters,0.675525,3118,Draughtspersons,1.0,0.675525,312914,Other Draftsperson,7.0,0.09650357142857144
17-3013,Mechanical Drafters,0.3818422,3118,Draughtspersons,1.0,0.3818422,312111,Architectural Draftsperson,7.0,0.05454888571428572
17-3013,Mechanical Drafters,0.3818422,3118,Draughtspersons,1.0,0.3818422,312116,Surveying or Spatial Science Technician,7.0,0.05454888571428572
17-3013,Mechanical Drafters,0.3818422,3118,Draughtspersons,1.0,0.3818422,312211,Civil Engineering Draftsperson,7.0,0.05454888571428572
17-3013,Mechanical Drafters,0.3818422,3118,Draughtspersons,1.0,0.3818422,312311,Electrical Engineering Draftsperson,7.0,0.05454888571428572
17-3013,Mechanical Drafters,0.3818422,3118,Draughtspersons,1.0,0.3818422,312411,Electronic Engineering Draftsperson,7.0,0.05454888571428572
17-3013,Mechanical Drafters,0.3818422,3118,Draughtspersons,1.0,0.3818422,312511,Mechanical Engineering Draftsperson,7.0,0.05454888571428572
17-3013,Mechanical Drafters,0.3818422,3118,Draughtspersons,1.0,0.3818422,312914,Other Draftsperson,7.0,0.05454888571428572
17-3021,Aerospace Engineering and Operations Technicians,0.2007942,3115,Mechanical engineering technicians,1.0,0.2007942,231215,Marine Surveyor,2.0,0.1003971
17-3021,Aerospace Engineering and Operations Technicians,0.2007942,3115,Mechanical engineering technicians,1.0,0.2007942,312512,Mechanical Engineering Technician,2.0,0.1003971
17-3022,Civil Engineering Technicians,0.5532153,3112,Civil engineering technicians,1.0,0.5532153,312112,Building Associate,5.0,0.11064305999999999
17-3022,Civil Engineering Technicians,0.5532153,3112,Civil engineering technicians,1.0,0.5532153,312113,Building Inspector,5.0,0.11064305999999999
17-3022,Civil Engineering Technicians,0.5532153,3112,Civil engineering technicians,1.0,0.5532153,312114,Construction Estimator,5.0,0.11064305999999999
17-3022,Civil Engineering Technicians,0.5532153,3112,Civil engineering technicians,1.0,0.5532153,312116,Surveying or Spatial Science Technician,5.0,0.11064305999999999
17-3022,Civil Engineering Technicians,0.5532153,3112,Civil engineering technicians,1.0,0.5532153,312212,Civil Engineering Technician,5.0,0.11064305999999999
17-3023,Electrical and Electronic Engineering Technicians,0.0780005,3113,Electrical engineering technicians,4.0,0.019500125,312312,Electrical Engineering Technician,1.0,0.019500125
17-3023,Electrical and Electronic Engineering Technicians,0.0780005,3114,Electronics engineering technicians,4.0,0.019500125,312412,Electronic Engineering Technician,1.0,0.019500125
17-3023,Electrical and Electronic Engineering Technicians,0.0780005,3155,Air traffic safety electronics technicians,4.0,0.019500125,312412,Electronic Engineering Technician,2.0,0.0097500625
17-3023,Electrical and Electronic Engineering Technicians,0.0780005,3155,Air traffic safety electronics technicians,4.0,0.019500125,313211,Radiocommunications Technician,2.0,0.0097500625
17-3023,Electrical and Electronic Engineering Technicians,0.0780005,3522,Telecommunications engineering technicians,4.0,0.019500125,313211,Radiocommunications Technician,4.0,0.00487503125
17-3023,Electrical and Electronic Engineering Technicians,0.0780005,3522,Telecommunications engineering technicians,4.0,0.019500125,313212,Telecommunications Field Engineer,4.0,0.00487503125
17-3023,Electrical and Electronic Engineering Technicians,0.0780005,3522,Telecommunications engineering technicians,4.0,0.019500125,313213,Telecommunications Network Planner,4.0,0.00487503125
17-3023,Electrical and Electronic Engineering Technicians,0.0780005,3522,Telecommunications engineering technicians,4.0,0.019500125,313214,Telecommunications Technical Officer or Technologist,4.0,0.00487503125
17-3024,Electro-Mechanical Technicians,-0.5684535,3113,Electrical engineering technicians,2.0,-0.28422675,312312,Electrical Engineering Technician,1.0,-0.28422675
17-3024,Electro-Mechanical Technicians,-0.5684535,3115,Mechanical engineering technicians,2.0,-0.28422675,231215,Marine Surveyor,2.0,-0.142113375
17-3024,Electro-Mechanical Technicians,-0.5684535,3115,Mechanical engineering technicians,2.0,-0.28422675,312512,Mechanical Engineering Technician,2.0,-0.142113375
17-3025,Environmental Engineering Technicians,-0.1238053,3119,Physical and engineering science technicians not elsewhere classified,1.0,-0.1238053,311499,Science Technicians nec,6.0,-0.020634216666666667
17-3025,Environmental Engineering Technicians,-0.1238053,3119,Physical and engineering science technicians not elsewhere classified,1.0,-0.1238053,312199,"Architectural, Building and Surveying Technicians nec",6.0,-0.020634216666666667
17-3025,Environmental Engineering Technicians,-0.1238053,3119,Physical and engineering science technicians not elsewhere classified,1.0,-0.1238053,312912,Metallurgical or Materials Technician,6.0,-0.020634216666666667
17-3025,Environmental Engineering Technicians,-0.1238053,3119,Physical and engineering science technicians not elsewhere classified,1.0,-0.1238053,312999,Building and Engineering Technicians nec,6.0,-0.020634216666666667
17-3025,Environmental Engineering Technicians,-0.1238053,3119,Physical and engineering science technicians not elsewhere classified,1.0,-0.1238053,399916,Plastics Technician,6.0,-0.020634216666666667
17-3025,Environmental Engineering Technicians,-0.1238053,3119,Physical and engineering science technicians not elsewhere classified,1.0,-0.1238053,399918,Fire Protection Equipment Technician,6.0,-0.020634216666666667
17-3026,Industrial Engineering Technicians,0.3474347,3119,Physical and engineering science technicians not elsewhere classified,1.0,0.3474347,311499,Science Technicians nec,6.0,0.05790578333333333
17-3026,Industrial Engineering Technicians,0.3474347,3119,Physical and engineering science technicians not elsewhere classified,1.0,0.3474347,312199,"Architectural, Building and Surveying Technicians nec",6.0,0.05790578333333333
17-3026,Industrial Engineering Technicians,0.3474347,3119,Physical and engineering science technicians not elsewhere classified,1.0,0.3474347,312912,Metallurgical or Materials Technician,6.0,0.05790578333333333
17-3026,Industrial Engineering Technicians,0.3474347,3119,Physical and engineering science technicians not elsewhere classified,1.0,0.3474347,312999,Building and Engineering Technicians nec,6.0,0.05790578333333333
17-3026,Industrial Engineering Technicians,0.3474347,3119,Physical and engineering science technicians not elsewhere classified,1.0,0.3474347,399916,Plastics Technician,6.0,0.05790578333333333
17-3026,Industrial Engineering Technicians,0.3474347,3119,Physical and engineering science technicians not elsewhere classified,1.0,0.3474347,399918,Fire Protection Equipment Technician,6.0,0.05790578333333333
17-3027,Mechanical Engineering Technicians,-0.273681,3115,Mechanical engineering technicians,1.0,-0.273681,231215,Marine Surveyor,2.0,-0.1368405
17-3027,Mechanical Engineering Technicians,-0.273681,3115,Mechanical engineering technicians,1.0,-0.273681,312512,Mechanical Engineering Technician,2.0,-0.1368405
17-3029,"Engineering Technicians, Except Drafters, All Other",-0.0792918,3115,Mechanical engineering technicians,4.0,-0.01982295,231215,Marine Surveyor,2.0,-0.009911475
17-3029,"Engineering Technicians, Except Drafters, All Other",-0.0792918,3115,Mechanical engineering technicians,4.0,-0.01982295,312512,Mechanical Engineering Technician,2.0,-0.009911475
17-3029,"Engineering Technicians, Except Drafters, All Other",-0.0792918,3116,Chemical engineering technicians,4.0,-0.01982295,312999,Building and Engineering Technicians nec,1.0,-0.01982295
17-3029,"Engineering Technicians, Except Drafters, All Other",-0.0792918,3117,Mining and metallurgical technicians,4.0,-0.01982295,312611,Safety Inspector,3.0,-0.00660765
17-3029,"Engineering Technicians, Except Drafters, All Other",-0.0792918,3117,Mining and metallurgical technicians,4.0,-0.01982295,312912,Metallurgical or Materials Technician,3.0,-0.00660765
17-3029,"Engineering Technicians, Except Drafters, All Other",-0.0792918,3117,Mining and metallurgical technicians,4.0,-0.01982295,312913,Mine Deputy,3.0,-0.00660765
17-3029,"Engineering Technicians, Except Drafters, All Other",-0.0792918,3119,Physical and engineering science technicians not elsewhere classified,4.0,-0.01982295,311499,Science Technicians nec,6.0,-0.003303825
17-3029,"Engineering Technicians, Except Drafters, All Other",-0.0792918,3119,Physical and engineering science technicians not elsewhere classified,4.0,-0.01982295,312199,"Architectural, Building and Surveying Technicians nec",6.0,-0.003303825
17-3029,"Engineering Technicians, Except Drafters, All Other",-0.0792918,3119,Physical and engineering science technicians not elsewhere classified,4.0,-0.01982295,312912,Metallurgical or Materials Technician,6.0,-0.003303825
17-3029,"Engineering Technicians, Except Drafters, All Other",-0.0792918,3119,Physical and engineering science technicians not elsewhere classified,4.0,-0.01982295,312999,Building and Engineering Technicians nec,6.0,-0.003303825
17-3029,"Engineering Technicians, Except Drafters, All Other",-0.0792918,3119,Physical and engineering science technicians not elsewhere classified,4.0,-0.01982295,399916,Plastics Technician,6.0,-0.003303825
17-3029,"Engineering Technicians, Except Drafters, All Other",-0.0792918,3119,Physical and engineering science technicians not elsewhere classified,4.0,-0.01982295,399918,Fire Protection Equipment Technician,6.0,-0.003303825
17-3031,Surveying and Mapping Technicians,-0.2902489,3112,Civil engineering technicians,1.0,-0.2902489,312112,Building Associate,5.0,-0.058049779999999995
17-3031,Surveying and Mapping Technicians,-0.2902489,3112,Civil engineering technicians,1.0,-0.2902489,312113,Building Inspector,5.0,-0.058049779999999995
17-3031,Surveying and Mapping Technicians,-0.2902489,3112,Civil engineering technicians,1.0,-0.2902489,312114,Construction Estimator,5.0,-0.058049779999999995
17-3031,Surveying and Mapping Technicians,-0.2902489,3112,Civil engineering technicians,1.0,-0.2902489,312116,Surveying or Spatial Science Technician,5.0,-0.058049779999999995
17-3031,Surveying and Mapping Technicians,-0.2902489,3112,Civil engineering technicians,1.0,-0.2902489,312212,Civil Engineering Technician,5.0,-0.058049779999999995
19-1011,Animal Scientists,0.9717278,2131,"Biologists, botanists, zoologists and related professionals",1.0,0.9717278,234115,Agronomist,12.0,0.08097731666666667
19-1011,Animal Scientists,0.9717278,2131,"Biologists, botanists, zoologists and related professionals",1.0,0.9717278,234116,Aquaculture or Fisheries Scientist,12.0,0.08097731666666667
19-1011,Animal Scientists,0.9717278,2131,"Biologists, botanists, zoologists and related professionals",1.0,0.9717278,234511,Life Scientist (General),12.0,0.08097731666666667
19-1011,Animal Scientists,0.9717278,2131,"Biologists, botanists, zoologists and related professionals",1.0,0.9717278,234513,Biochemist,12.0,0.08097731666666667
19-1011,Animal Scientists,0.9717278,2131,"Biologists, botanists, zoologists and related professionals",1.0,0.9717278,234514,Biotechnologist,12.0,0.08097731666666667
19-1011,Animal Scientists,0.9717278,2131,"Biologists, botanists, zoologists and related professionals",1.0,0.9717278,234515,Botanist,12.0,0.08097731666666667
19-1011,Animal Scientists,0.9717278,2131,"Biologists, botanists, zoologists and related professionals",1.0,0.9717278,234516,Marine Biologist,12.0,0.08097731666666667
19-1011,Animal Scientists,0.9717278,2131,"Biologists, botanists, zoologists and related professionals",1.0,0.9717278,234517,Microbiologist,12.0,0.08097731666666667
19-1011,Animal Scientists,0.9717278,2131,"Biologists, botanists, zoologists and related professionals",1.0,0.9717278,234521,Entomologist,12.0,0.08097731666666667
19-1011,Animal Scientists,0.9717278,2131,"Biologists, botanists, zoologists and related professionals",1.0,0.9717278,234522,Zoologist,12.0,0.08097731666666667
19-1011,Animal Scientists,0.9717278,2131,"Biologists, botanists, zoologists and related professionals",1.0,0.9717278,234599,Life Scientists nec,12.0,0.08097731666666667
19-1011,Animal Scientists,0.9717278,2131,"Biologists, botanists, zoologists and related professionals",1.0,0.9717278,234611,Medical Laboratory Scientist,12.0,0.08097731666666667
19-1012,Food Scientists and Technologists,0.5725463,2131,"Biologists, botanists, zoologists and related professionals",1.0,0.5725463,234115,Agronomist,12.0,0.04771219166666666
19-1012,Food Scientists and Technologists,0.5725463,2131,"Biologists, botanists, zoologists and related professionals",1.0,0.5725463,234116,Aquaculture or Fisheries Scientist,12.0,0.04771219166666666
19-1012,Food Scientists and Technologists,0.5725463,2131,"Biologists, botanists, zoologists and related professionals",1.0,0.5725463,234511,Life Scientist (General),12.0,0.04771219166666666
19-1012,Food Scientists and Technologists,0.5725463,2131,"Biologists, botanists, zoologists and related professionals",1.0,0.5725463,234513,Biochemist,12.0,0.04771219166666666
19-1012,Food Scientists and Technologists,0.5725463,2131,"Biologists, botanists, zoologists and related professionals",1.0,0.5725463,234514,Biotechnologist,12.0,0.04771219166666666
19-1012,Food Scientists and Technologists,0.5725463,2131,"Biologists, botanists, zoologists and related professionals",1.0,0.5725463,234515,Botanist,12.0,0.04771219166666666
19-1012,Food Scientists and Technologists,0.5725463,2131,"Biologists, botanists, zoologists and related professionals",1.0,0.5725463,234516,Marine Biologist,12.0,0.04771219166666666
19-1012,Food Scientists and Technologists,0.5725463,2131,"Biologists, botanists, zoologists and related professionals",1.0,0.5725463,234517,Microbiologist,12.0,0.04771219166666666
19-1012,Food Scientists and Technologists,0.5725463,2131,"Biologists, botanists, zoologists and related professionals",1.0,0.5725463,234521,Entomologist,12.0,0.04771219166666666
19-1012,Food Scientists and Technologists,0.5725463,2131,"Biologists, botanists, zoologists and related professionals",1.0,0.5725463,234522,Zoologist,12.0,0.04771219166666666
19-1012,Food Scientists and Technologists,0.5725463,2131,"Biologists, botanists, zoologists and related professionals",1.0,0.5725463,234599,Life Scientists nec,12.0,0.04771219166666666
19-1012,Food Scientists and Technologists,0.5725463,2131,"Biologists, botanists, zoologists and related professionals",1.0,0.5725463,234611,Medical Laboratory Scientist,12.0,0.04771219166666666
19-1013,Soil and Plant Scientists,0.6091695,2131,"Biologists, botanists, zoologists and related professionals",2.0,0.30458475,234115,Agronomist,12.0,0.0253820625
19-1013,Soil and Plant Scientists,0.6091695,2131,"Biologists, botanists, zoologists and related professionals",2.0,0.30458475,234116,Aquaculture or Fisheries Scientist,12.0,0.0253820625
19-1013,Soil and Plant Scientists,0.6091695,2131,"Biologists, botanists, zoologists and related professionals",2.0,0.30458475,234511,Life Scientist (General),12.0,0.0253820625
19-1013,Soil and Plant Scientists,0.6091695,2131,"Biologists, botanists, zoologists and related professionals",2.0,0.30458475,234513,Biochemist,12.0,0.0253820625
19-1013,Soil and Plant Scientists,0.6091695,2131,"Biologists, botanists, zoologists and related professionals",2.0,0.30458475,234514,Biotechnologist,12.0,0.0253820625
19-1013,Soil and Plant Scientists,0.6091695,2131,"Biologists, botanists, zoologists and related professionals",2.0,0.30458475,234515,Botanist,12.0,0.0253820625
19-1013,Soil and Plant Scientists,0.6091695,2131,"Biologists, botanists, zoologists and related professionals",2.0,0.30458475,234516,Marine Biologist,12.0,0.0253820625
19-1013,Soil and Plant Scientists,0.6091695,2131,"Biologists, botanists, zoologists and related professionals",2.0,0.30458475,234517,Microbiologist,12.0,0.0253820625
19-1013,Soil and Plant Scientists,0.6091695,2131,"Biologists, botanists, zoologists and related professionals",2.0,0.30458475,234521,Entomologist,12.0,0.0253820625
19-1013,Soil and Plant Scientists,0.6091695,2131,"Biologists, botanists, zoologists and related professionals",2.0,0.30458475,234522,Zoologist,12.0,0.0253820625
19-1013,Soil and Plant Scientists,0.6091695,2131,"Biologists, botanists, zoologists and related professionals",2.0,0.30458475,234599,Life Scientists nec,12.0,0.0253820625
19-1013,Soil and Plant Scientists,0.6091695,2131,"Biologists, botanists, zoologists and related professionals",2.0,0.30458475,234611,Medical Laboratory Scientist,12.0,0.0253820625
19-1013,Soil and Plant Scientists,0.6091695,2132,"Farming, forestry and fisheries advisers",2.0,0.30458475,234111,Agricultural Consultant,6.0,0.050764125
19-1013,Soil and Plant Scientists,0.6091695,2132,"Farming, forestry and fisheries advisers",2.0,0.30458475,234113,Forester / Forest Scientist,6.0,0.050764125
19-1013,Soil and Plant Scientists,0.6091695,2132,"Farming, forestry and fisheries advisers",2.0,0.30458475,234114,Agricultural Research Scientist,6.0,0.050764125
19-1013,Soil and Plant Scientists,0.6091695,2132,"Farming, forestry and fisheries advisers",2.0,0.30458475,234115,Agronomist,6.0,0.050764125
19-1013,Soil and Plant Scientists,0.6091695,2132,"Farming, forestry and fisheries advisers",2.0,0.30458475,234116,Aquaculture or Fisheries Scientist,6.0,0.050764125
19-1013,Soil and Plant Scientists,0.6091695,2132,"Farming, forestry and fisheries advisers",2.0,0.30458475,234399,Environmental Scientists nec,6.0,0.050764125
19-1020,Biologists,0.6616595,,,,,,,,
19-1021,Biochemists and Biophysicists,0.7935216,2131,"Biologists, botanists, zoologists and related professionals",1.0,0.7935216,234115,Agronomist,12.0,0.0661268
19-1021,Biochemists and Biophysicists,0.7935216,2131,"Biologists, botanists, zoologists and related professionals",1.0,0.7935216,234116,Aquaculture or Fisheries Scientist,12.0,0.0661268
19-1021,Biochemists and Biophysicists,0.7935216,2131,"Biologists, botanists, zoologists and related professionals",1.0,0.7935216,234511,Life Scientist (General),12.0,0.0661268
19-1021,Biochemists and Biophysicists,0.7935216,2131,"Biologists, botanists, zoologists and related professionals",1.0,0.7935216,234513,Biochemist,12.0,0.0661268
19-1021,Biochemists and Biophysicists,0.7935216,2131,"Biologists, botanists, zoologists and related professionals",1.0,0.7935216,234514,Biotechnologist,12.0,0.0661268
19-1021,Biochemists and Biophysicists,0.7935216,2131,"Biologists, botanists, zoologists and related professionals",1.0,0.7935216,234515,Botanist,12.0,0.0661268
19-1021,Biochemists and Biophysicists,0.7935216,2131,"Biologists, botanists, zoologists and related professionals",1.0,0.7935216,234516,Marine Biologist,12.0,0.0661268
19-1021,Biochemists and Biophysicists,0.7935216,2131,"Biologists, botanists, zoologists and related professionals",1.0,0.7935216,234517,Microbiologist,12.0,0.0661268
19-1021,Biochemists and Biophysicists,0.7935216,2131,"Biologists, botanists, zoologists and related professionals",1.0,0.7935216,234521,Entomologist,12.0,0.0661268
19-1021,Biochemists and Biophysicists,0.7935216,2131,"Biologists, botanists, zoologists and related professionals",1.0,0.7935216,234522,Zoologist,12.0,0.0661268
19-1021,Biochemists and Biophysicists,0.7935216,2131,"Biologists, botanists, zoologists and related professionals",1.0,0.7935216,234599,Life Scientists nec,12.0,0.0661268
19-1021,Biochemists and Biophysicists,0.7935216,2131,"Biologists, botanists, zoologists and related professionals",1.0,0.7935216,234611,Medical Laboratory Scientist,12.0,0.0661268
19-1022,Microbiologists,0.4742087,2131,"Biologists, botanists, zoologists and related professionals",1.0,0.4742087,234115,Agronomist,12.0,0.039517391666666665
19-1022,Microbiologists,0.4742087,2131,"Biologists, botanists, zoologists and related professionals",1.0,0.4742087,234116,Aquaculture or Fisheries Scientist,12.0,0.039517391666666665
19-1022,Microbiologists,0.4742087,2131,"Biologists, botanists, zoologists and related professionals",1.0,0.4742087,234511,Life Scientist (General),12.0,0.039517391666666665
19-1022,Microbiologists,0.4742087,2131,"Biologists, botanists, zoologists and related professionals",1.0,0.4742087,234513,Biochemist,12.0,0.039517391666666665
19-1022,Microbiologists,0.4742087,2131,"Biologists, botanists, zoologists and related professionals",1.0,0.4742087,234514,Biotechnologist,12.0,0.039517391666666665
19-1022,Microbiologists,0.4742087,2131,"Biologists, botanists, zoologists and related professionals",1.0,0.4742087,234515,Botanist,12.0,0.039517391666666665
19-1022,Microbiologists,0.4742087,2131,"Biologists, botanists, zoologists and related professionals",1.0,0.4742087,234516,Marine Biologist,12.0,0.039517391666666665
19-1022,Microbiologists,0.4742087,2131,"Biologists, botanists, zoologists and related professionals",1.0,0.4742087,234517,Microbiologist,12.0,0.039517391666666665
19-1022,Microbiologists,0.4742087,2131,"Biologists, botanists, zoologists and related professionals",1.0,0.4742087,234521,Entomologist,12.0,0.039517391666666665
19-1022,Microbiologists,0.4742087,2131,"Biologists, botanists, zoologists and related professionals",1.0,0.4742087,234522,Zoologist,12.0,0.039517391666666665
19-1022,Microbiologists,0.4742087,2131,"Biologists, botanists, zoologists and related professionals",1.0,0.4742087,234599,Life Scientists nec,12.0,0.039517391666666665
19-1022,Microbiologists,0.4742087,2131,"Biologists, botanists, zoologists and related professionals",1.0,0.4742087,234611,Medical Laboratory Scientist,12.0,0.039517391666666665
19-1023,Zoologists and Wildlife Biologists,0.3266713,2131,"Biologists, botanists, zoologists and related professionals",1.0,0.3266713,234115,Agronomist,12.0,0.027222608333333332
19-1023,Zoologists and Wildlife Biologists,0.3266713,2131,"Biologists, botanists, zoologists and related professionals",1.0,0.3266713,234116,Aquaculture or Fisheries Scientist,12.0,0.027222608333333332
19-1023,Zoologists and Wildlife Biologists,0.3266713,2131,"Biologists, botanists, zoologists and related professionals",1.0,0.3266713,234511,Life Scientist (General),12.0,0.027222608333333332
19-1023,Zoologists and Wildlife Biologists,0.3266713,2131,"Biologists, botanists, zoologists and related professionals",1.0,0.3266713,234513,Biochemist,12.0,0.027222608333333332
19-1023,Zoologists and Wildlife Biologists,0.3266713,2131,"Biologists, botanists, zoologists and related professionals",1.0,0.3266713,234514,Biotechnologist,12.0,0.027222608333333332
19-1023,Zoologists and Wildlife Biologists,0.3266713,2131,"Biologists, botanists, zoologists and related professionals",1.0,0.3266713,234515,Botanist,12.0,0.027222608333333332
19-1023,Zoologists and Wildlife Biologists,0.3266713,2131,"Biologists, botanists, zoologists and related professionals",1.0,0.3266713,234516,Marine Biologist,12.0,0.027222608333333332
19-1023,Zoologists and Wildlife Biologists,0.3266713,2131,"Biologists, botanists, zoologists and related professionals",1.0,0.3266713,234517,Microbiologist,12.0,0.027222608333333332
19-1023,Zoologists and Wildlife Biologists,0.3266713,2131,"Biologists, botanists, zoologists and related professionals",1.0,0.3266713,234521,Entomologist,12.0,0.027222608333333332
19-1023,Zoologists and Wildlife Biologists,0.3266713,2131,"Biologists, botanists, zoologists and related professionals",1.0,0.3266713,234522,Zoologist,12.0,0.027222608333333332
19-1023,Zoologists and Wildlife Biologists,0.3266713,2131,"Biologists, botanists, zoologists and related professionals",1.0,0.3266713,234599,Life Scientists nec,12.0,0.027222608333333332
19-1023,Zoologists and Wildlife Biologists,0.3266713,2131,"Biologists, botanists, zoologists and related professionals",1.0,0.3266713,234611,Medical Laboratory Scientist,12.0,0.027222608333333332
19-1029,"Biological Scientists, All Other",0.8829154,2131,"Biologists, botanists, zoologists and related professionals",1.0,0.8829154,234115,Agronomist,12.0,0.07357628333333334
19-1029,"Biological Scientists, All Other",0.8829154,2131,"Biologists, botanists, zoologists and related professionals",1.0,0.8829154,234116,Aquaculture or Fisheries Scientist,12.0,0.07357628333333334
19-1029,"Biological Scientists, All Other",0.8829154,2131,"Biologists, botanists, zoologists and related professionals",1.0,0.8829154,234511,Life Scientist (General),12.0,0.07357628333333334
19-1029,"Biological Scientists, All Other",0.8829154,2131,"Biologists, botanists, zoologists and related professionals",1.0,0.8829154,234513,Biochemist,12.0,0.07357628333333334
19-1029,"Biological Scientists, All Other",0.8829154,2131,"Biologists, botanists, zoologists and related professionals",1.0,0.8829154,234514,Biotechnologist,12.0,0.07357628333333334
19-1029,"Biological Scientists, All Other",0.8829154,2131,"Biologists, botanists, zoologists and related professionals",1.0,0.8829154,234515,Botanist,12.0,0.07357628333333334
19-1029,"Biological Scientists, All Other",0.8829154,2131,"Biologists, botanists, zoologists and related professionals",1.0,0.8829154,234516,Marine Biologist,12.0,0.07357628333333334
19-1029,"Biological Scientists, All Other",0.8829154,2131,"Biologists, botanists, zoologists and related professionals",1.0,0.8829154,234517,Microbiologist,12.0,0.07357628333333334
19-1029,"Biological Scientists, All Other",0.8829154,2131,"Biologists, botanists, zoologists and related professionals",1.0,0.8829154,234521,Entomologist,12.0,0.07357628333333334
19-1029,"Biological Scientists, All Other",0.8829154,2131,"Biologists, botanists, zoologists and related professionals",1.0,0.8829154,234522,Zoologist,12.0,0.07357628333333334
19-1029,"Biological Scientists, All Other",0.8829154,2131,"Biologists, botanists, zoologists and related professionals",1.0,0.8829154,234599,Life Scientists nec,12.0,0.07357628333333334
19-1029,"Biological Scientists, All Other",0.8829154,2131,"Biologists, botanists, zoologists and related professionals",1.0,0.8829154,234611,Medical Laboratory Scientist,12.0,0.07357628333333334
19-1031,Conservation Scientists,0.0744339,2133,Environmental protection professionals,1.0,0.0744339,234311,Conservation Officer,5.0,0.014886779999999999
19-1031,Conservation Scientists,0.0744339,2133,Environmental protection professionals,1.0,0.0744339,234312,Environmental Consultant,5.0,0.014886779999999999
19-1031,Conservation Scientists,0.0744339,2133,Environmental protection professionals,1.0,0.0744339,234313,Environmental Research Scientist,5.0,0.014886779999999999
19-1031,Conservation Scientists,0.0744339,2133,Environmental protection professionals,1.0,0.0744339,234314,Park Ranger,5.0,0.014886779999999999
19-1031,Conservation Scientists,0.0744339,2133,Environmental protection professionals,1.0,0.0744339,234399,Environmental Scientists nec,5.0,0.014886779999999999
19-1032,Foresters,-0.1960901,2132,"Farming, forestry and fisheries advisers",1.0,-0.1960901,234111,Agricultural Consultant,6.0,-0.03268168333333333
19-1032,Foresters,-0.1960901,2132,"Farming, forestry and fisheries advisers",1.0,-0.1960901,234113,Forester / Forest Scientist,6.0,-0.03268168333333333
19-1032,Foresters,-0.1960901,2132,"Farming, forestry and fisheries advisers",1.0,-0.1960901,234114,Agricultural Research Scientist,6.0,-0.03268168333333333
19-1032,Foresters,-0.1960901,2132,"Farming, forestry and fisheries advisers",1.0,-0.1960901,234115,Agronomist,6.0,-0.03268168333333333
19-1032,Foresters,-0.1960901,2132,"Farming, forestry and fisheries advisers",1.0,-0.1960901,234116,Aquaculture or Fisheries Scientist,6.0,-0.03268168333333333
19-1032,Foresters,-0.1960901,2132,"Farming, forestry and fisheries advisers",1.0,-0.1960901,234399,Environmental Scientists nec,6.0,-0.03268168333333333
19-1041,Epidemiologists,1.284233,2131,"Biologists, botanists, zoologists and related professionals",1.0,1.284233,234115,Agronomist,12.0,0.10701941666666666
19-1041,Epidemiologists,1.284233,2131,"Biologists, botanists, zoologists and related professionals",1.0,1.284233,234116,Aquaculture or Fisheries Scientist,12.0,0.10701941666666666
19-1041,Epidemiologists,1.284233,2131,"Biologists, botanists, zoologists and related professionals",1.0,1.284233,234511,Life Scientist (General),12.0,0.10701941666666666
19-1041,Epidemiologists,1.284233,2131,"Biologists, botanists, zoologists and related professionals",1.0,1.284233,234513,Biochemist,12.0,0.10701941666666666
19-1041,Epidemiologists,1.284233,2131,"Biologists, botanists, zoologists and related professionals",1.0,1.284233,234514,Biotechnologist,12.0,0.10701941666666666
19-1041,Epidemiologists,1.284233,2131,"Biologists, botanists, zoologists and related professionals",1.0,1.284233,234515,Botanist,12.0,0.10701941666666666
19-1041,Epidemiologists,1.284233,2131,"Biologists, botanists, zoologists and related professionals",1.0,1.284233,234516,Marine Biologist,12.0,0.10701941666666666
19-1041,Epidemiologists,1.284233,2131,"Biologists, botanists, zoologists and related professionals",1.0,1.284233,234517,Microbiologist,12.0,0.10701941666666666
19-1041,Epidemiologists,1.284233,2131,"Biologists, botanists, zoologists and related professionals",1.0,1.284233,234521,Entomologist,12.0,0.10701941666666666
19-1041,Epidemiologists,1.284233,2131,"Biologists, botanists, zoologists and related professionals",1.0,1.284233,234522,Zoologist,12.0,0.10701941666666666
19-1041,Epidemiologists,1.284233,2131,"Biologists, botanists, zoologists and related professionals",1.0,1.284233,234599,Life Scientists nec,12.0,0.10701941666666666
19-1041,Epidemiologists,1.284233,2131,"Biologists, botanists, zoologists and related professionals",1.0,1.284233,234611,Medical Laboratory Scientist,12.0,0.10701941666666666
19-1042,"Medical Scientists, Except Epidemiologists",1.167239,2131,"Biologists, botanists, zoologists and related professionals",1.0,1.167239,234115,Agronomist,12.0,0.09726991666666666
19-1042,"Medical Scientists, Except Epidemiologists",1.167239,2131,"Biologists, botanists, zoologists and related professionals",1.0,1.167239,234116,Aquaculture or Fisheries Scientist,12.0,0.09726991666666666
19-1042,"Medical Scientists, Except Epidemiologists",1.167239,2131,"Biologists, botanists, zoologists and related professionals",1.0,1.167239,234511,Life Scientist (General),12.0,0.09726991666666666
19-1042,"Medical Scientists, Except Epidemiologists",1.167239,2131,"Biologists, botanists, zoologists and related professionals",1.0,1.167239,234513,Biochemist,12.0,0.09726991666666666
19-1042,"Medical Scientists, Except Epidemiologists",1.167239,2131,"Biologists, botanists, zoologists and related professionals",1.0,1.167239,234514,Biotechnologist,12.0,0.09726991666666666
19-1042,"Medical Scientists, Except Epidemiologists",1.167239,2131,"Biologists, botanists, zoologists and related professionals",1.0,1.167239,234515,Botanist,12.0,0.09726991666666666
19-1042,"Medical Scientists, Except Epidemiologists",1.167239,2131,"Biologists, botanists, zoologists and related professionals",1.0,1.167239,234516,Marine Biologist,12.0,0.09726991666666666
19-1042,"Medical Scientists, Except Epidemiologists",1.167239,2131,"Biologists, botanists, zoologists and related professionals",1.0,1.167239,234517,Microbiologist,12.0,0.09726991666666666
19-1042,"Medical Scientists, Except Epidemiologists",1.167239,2131,"Biologists, botanists, zoologists and related professionals",1.0,1.167239,234521,Entomologist,12.0,0.09726991666666666
19-1042,"Medical Scientists, Except Epidemiologists",1.167239,2131,"Biologists, botanists, zoologists and related professionals",1.0,1.167239,234522,Zoologist,12.0,0.09726991666666666
19-1042,"Medical Scientists, Except Epidemiologists",1.167239,2131,"Biologists, botanists, zoologists and related professionals",1.0,1.167239,234599,Life Scientists nec,12.0,0.09726991666666666
19-1042,"Medical Scientists, Except Epidemiologists",1.167239,2131,"Biologists, botanists, zoologists and related professionals",1.0,1.167239,234611,Medical Laboratory Scientist,12.0,0.09726991666666666
19-2011,Astronomers,1.034772,2111,Physicists and astronomers,1.0,1.034772,234914,Physicist,1.0,1.034772
19-2012,Physicists,1.096606,2111,Physicists and astronomers,1.0,1.096606,234914,Physicist,1.0,1.096606
19-2021,Atmospheric and Space Scientists,1.259493,2112,Meteorologists,1.0,1.259493,234913,Meteorologist,1.0,1.259493
19-2031,Chemists,0.3266484,2113,Chemists,1.0,0.3266484,234211,Chemist,1.0,0.3266484
19-2032,Materials Scientists,0.7858083,2113,Chemists,2.0,0.39290415,234211,Chemist,1.0,0.39290415
19-2032,Materials Scientists,0.7858083,2146,"Mining engineers, metallurgists and related professionals",2.0,0.39290415,233611,Mining Engineer (excluding Petroleum),5.0,0.07858083
19-2032,Materials Scientists,0.7858083,2146,"Mining engineers, metallurgists and related professionals",2.0,0.39290415,233612,Petroleum Engineer,5.0,0.07858083
19-2032,Materials Scientists,0.7858083,2146,"Mining engineers, metallurgists and related professionals",2.0,0.39290415,233914,Engineering Technologist,5.0,0.07858083
19-2032,Materials Scientists,0.7858083,2146,"Mining engineers, metallurgists and related professionals",2.0,0.39290415,234912,Metallurgist,5.0,0.07858083
19-2032,Materials Scientists,0.7858083,2146,"Mining engineers, metallurgists and related professionals",2.0,0.39290415,234999,Natural and Physical Science Professionals nec,5.0,0.07858083
19-2041,"Environmental Scientists and Specialists, Including Health",0.8702797,2133,Environmental protection professionals,1.0,0.8702797,234311,Conservation Officer,5.0,0.17405594
19-2041,"Environmental Scientists and Specialists, Including Health",0.8702797,2133,Environmental protection professionals,1.0,0.8702797,234312,Environmental Consultant,5.0,0.17405594
19-2041,"Environmental Scientists and Specialists, Including Health",0.8702797,2133,Environmental protection professionals,1.0,0.8702797,234313,Environmental Research Scientist,5.0,0.17405594
19-2041,"Environmental Scientists and Specialists, Including Health",0.8702797,2133,Environmental protection professionals,1.0,0.8702797,234314,Park Ranger,5.0,0.17405594
19-2041,"Environmental Scientists and Specialists, Including Health",0.8702797,2133,Environmental protection professionals,1.0,0.8702797,234399,Environmental Scientists nec,5.0,0.17405594
19-2042,"Geoscientists, Except Hydrologists and Geographers",0.5673001,2114,Geologists and geophysicists,1.0,0.5673001,234411,Geologist,3.0,0.18910003333333333
19-2042,"Geoscientists, Except Hydrologists and Geographers",0.5673001,2114,Geologists and geophysicists,1.0,0.5673001,234412,Geophysicist,3.0,0.18910003333333333
19-2042,"Geoscientists, Except Hydrologists and Geographers",0.5673001,2114,Geologists and geophysicists,1.0,0.5673001,234413,Hydrogeologist,3.0,0.18910003333333333
19-2043,Hydrologists,0.5548691,2114,Geologists and geophysicists,1.0,0.5548691,234411,Geologist,3.0,0.18495636666666668
19-2043,Hydrologists,0.5548691,2114,Geologists and geophysicists,1.0,0.5548691,234412,Geophysicist,3.0,0.18495636666666668
19-2043,Hydrologists,0.5548691,2114,Geologists and geophysicists,1.0,0.5548691,234413,Hydrogeologist,3.0,0.18495636666666668
19-2099,"Physical Scientists, All Other",0.9125224,211,Physical and earth science professionals,1.0,0.9125224,,,,
19-3011,Economists,1.330122,2631,Economists,1.0,1.330122,224311,Economist,2.0,0.665061
19-3011,Economists,1.330122,2631,Economists,1.0,1.330122,224511,Land Economist,2.0,0.665061
19-3022,Survey Researchers,1.278523,2120,"Mathematicians, actuaries and statisticians",1.0,1.278523,224111,Actuary,5.0,0.2557046
19-3022,Survey Researchers,1.278523,2120,"Mathematicians, actuaries and statisticians",1.0,1.278523,224112,Mathematician,5.0,0.2557046
19-3022,Survey Researchers,1.278523,2120,"Mathematicians, actuaries and statisticians",1.0,1.278523,224114,Data Analyst,5.0,0.2557046
19-3022,Survey Researchers,1.278523,2120,"Mathematicians, actuaries and statisticians",1.0,1.278523,224115,Data Scientist,5.0,0.2557046
19-3022,Survey Researchers,1.278523,2120,"Mathematicians, actuaries and statisticians",1.0,1.278523,224116,Statistician,5.0,0.2557046
19-3031,"Clinical, Counseling, and School Psychologists",1.626016,2634,Psychologists,1.0,1.626016,272311,Clinical Psychologist,5.0,0.32520319999999997
19-3031,"Clinical, Counseling, and School Psychologists",1.626016,2634,Psychologists,1.0,1.626016,272312,Educational Psychologist,5.0,0.32520319999999997
19-3031,"Clinical, Counseling, and School Psychologists",1.626016,2634,Psychologists,1.0,1.626016,272313,Organisational Psychologist,5.0,0.32520319999999997
19-3031,"Clinical, Counseling, and School Psychologists",1.626016,2634,Psychologists,1.0,1.626016,272314,Psychotherapist,5.0,0.32520319999999997
19-3031,"Clinical, Counseling, and School Psychologists",1.626016,2634,Psychologists,1.0,1.626016,272399,Psychologists nec,5.0,0.32520319999999997
19-3032,Industrial-Organizational Psychologists,1.427002,2634,Psychologists,1.0,1.427002,272311,Clinical Psychologist,5.0,0.2854004
19-3032,Industrial-Organizational Psychologists,1.427002,2634,Psychologists,1.0,1.427002,272312,Educational Psychologist,5.0,0.2854004
19-3032,Industrial-Organizational Psychologists,1.427002,2634,Psychologists,1.0,1.427002,272313,Organisational Psychologist,5.0,0.2854004
19-3032,Industrial-Organizational Psychologists,1.427002,2634,Psychologists,1.0,1.427002,272314,Psychotherapist,5.0,0.2854004
19-3032,Industrial-Organizational Psychologists,1.427002,2634,Psychologists,1.0,1.427002,272399,Psychologists nec,5.0,0.2854004
19-3039,"Psychologists, All Other",1.329938,2634,Psychologists,1.0,1.329938,272311,Clinical Psychologist,5.0,0.2659876
19-3039,"Psychologists, All Other",1.329938,2634,Psychologists,1.0,1.329938,272312,Educational Psychologist,5.0,0.2659876
19-3039,"Psychologists, All Other",1.329938,2634,Psychologists,1.0,1.329938,272313,Organisational Psychologist,5.0,0.2659876
19-3039,"Psychologists, All Other",1.329938,2634,Psychologists,1.0,1.329938,272314,Psychotherapist,5.0,0.2659876
19-3039,"Psychologists, All Other",1.329938,2634,Psychologists,1.0,1.329938,272399,Psychologists nec,5.0,0.2659876
19-3041,Sociologists,1.747498,2632,"Sociologists, anthropologists and related professionals",1.0,1.747498,272414,Archaeologist,2.0,0.873749
19-3041,Sociologists,1.747498,2632,"Sociologists, anthropologists and related professionals",1.0,1.747498,272499,Social Professionals nec,2.0,0.873749
19-3051,Urban and Regional Planners,1.07547,2164,Town and traffic planners,1.0,1.07547,232611,Urban and Regional Planner,1.0,1.07547
19-3091,Anthropologists and Archeologists,0.7388214,2632,"Sociologists, anthropologists and related professionals",1.0,0.7388214,272414,Archaeologist,2.0,0.3694107
19-3091,Anthropologists and Archeologists,0.7388214,2632,"Sociologists, anthropologists and related professionals",1.0,0.7388214,272499,Social Professionals nec,2.0,0.3694107
19-3092,Geographers,1.363147,2632,"Sociologists, anthropologists and related professionals",1.0,1.363147,272414,Archaeologist,2.0,0.6815735
19-3092,Geographers,1.363147,2632,"Sociologists, anthropologists and related professionals",1.0,1.363147,272499,Social Professionals nec,2.0,0.6815735
19-3093,Historians,1.490678,2633,"Philosophers, historians and political scientists",1.0,1.490678,272411,Historian,2.0,0.745339
19-3093,Historians,1.490678,2633,"Philosophers, historians and political scientists",1.0,1.490678,272499,Social Professionals nec,2.0,0.745339
19-3094,Political Scientists,1.686549,2633,"Philosophers, historians and political scientists",1.0,1.686549,272411,Historian,2.0,0.8432745
19-3094,Political Scientists,1.686549,2633,"Philosophers, historians and political scientists",1.0,1.686549,272499,Social Professionals nec,2.0,0.8432745
19-3099,"Social Scientists and Related Workers, All Other",1.084824,2633,"Philosophers, historians and political scientists",2.0,0.542412,272411,Historian,2.0,0.271206
19-3099,"Social Scientists and Related Workers, All Other",1.084824,2633,"Philosophers, historians and political scientists",2.0,0.542412,272499,Social Professionals nec,2.0,0.271206
19-3099,"Social Scientists and Related Workers, All Other",1.084824,2643,"Translators, interpreters and other linguists",2.0,0.542412,272412,Interpreter,3.0,0.180804
19-3099,"Social Scientists and Related Workers, All Other",1.084824,2643,"Translators, interpreters and other linguists",2.0,0.542412,272413,Translator,3.0,0.180804
19-3099,"Social Scientists and Related Workers, All Other",1.084824,2643,"Translators, interpreters and other linguists",2.0,0.542412,272499,Social Professionals nec,3.0,0.180804
19-4011,Agricultural and Food Science Technicians,-0.0492323,3142,Agricultural technicians,1.0,-0.0492323,311112,Agricultural and Agritech Technician,4.0,-0.012308075
19-4011,Agricultural and Food Science Technicians,-0.0492323,3142,Agricultural technicians,1.0,-0.0492323,311113,Animal Husbandry Technician,4.0,-0.012308075
19-4011,Agricultural and Food Science Technicians,-0.0492323,3142,Agricultural technicians,1.0,-0.0492323,311114,Aquaculture or Fisheries Technician,4.0,-0.012308075
19-4011,Agricultural and Food Science Technicians,-0.0492323,3142,Agricultural technicians,1.0,-0.0492323,311115,Irrigation Designer,4.0,-0.012308075
19-4021,Biological Technicians,0.1328288,3141,Life science technicians (excluding medical),1.0,0.1328288,311413,Life Science Technician,1.0,0.1328288
19-4031,Chemical Technicians,-0.0940159,3111,Chemical and physical science technicians,1.0,-0.0940159,311411,Chemistry Technician,5.0,-0.01880318
19-4031,Chemical Technicians,-0.0940159,3111,Chemical and physical science technicians,1.0,-0.0940159,311412,Earth Science Technician,5.0,-0.01880318
19-4031,Chemical Technicians,-0.0940159,3111,Chemical and physical science technicians,1.0,-0.0940159,311414,School Laboratory Technician,5.0,-0.01880318
19-4031,Chemical Technicians,-0.0940159,3111,Chemical and physical science technicians,1.0,-0.0940159,311415,Hydrographer,5.0,-0.01880318
19-4031,Chemical Technicians,-0.0940159,3111,Chemical and physical science technicians,1.0,-0.0940159,311499,Science Technicians nec,5.0,-0.01880318
19-4041,Geological and Petroleum Technicians,-0.0265366,3111,Chemical and physical science technicians,2.0,-0.0132683,311411,Chemistry Technician,5.0,-0.00265366
19-4041,Geological and Petroleum Technicians,-0.0265366,3111,Chemical and physical science technicians,2.0,-0.0132683,311412,Earth Science Technician,5.0,-0.00265366
19-4041,Geological and Petroleum Technicians,-0.0265366,3111,Chemical and physical science technicians,2.0,-0.0132683,311414,School Laboratory Technician,5.0,-0.00265366
19-4041,Geological and Petroleum Technicians,-0.0265366,3111,Chemical and physical science technicians,2.0,-0.0132683,311415,Hydrographer,5.0,-0.00265366
19-4041,Geological and Petroleum Technicians,-0.0265366,3111,Chemical and physical science technicians,2.0,-0.0132683,311499,Science Technicians nec,5.0,-0.00265366
19-4041,Geological and Petroleum Technicians,-0.0265366,3117,Mining and metallurgical technicians,2.0,-0.0132683,312611,Safety Inspector,3.0,-0.004422766666666667
19-4041,Geological and Petroleum Technicians,-0.0265366,3117,Mining and metallurgical technicians,2.0,-0.0132683,312912,Metallurgical or Materials Technician,3.0,-0.004422766666666667
19-4041,Geological and Petroleum Technicians,-0.0265366,3117,Mining and metallurgical technicians,2.0,-0.0132683,312913,Mine Deputy,3.0,-0.004422766666666667
19-4051,Nuclear Technicians,-0.0905259,3119,Physical and engineering science technicians not elsewhere classified,1.0,-0.0905259,311499,Science Technicians nec,6.0,-0.015087650000000001
19-4051,Nuclear Technicians,-0.0905259,3119,Physical and engineering science technicians not elsewhere classified,1.0,-0.0905259,312199,"Architectural, Building and Surveying Technicians nec",6.0,-0.015087650000000001
19-4051,Nuclear Technicians,-0.0905259,3119,Physical and engineering science technicians not elsewhere classified,1.0,-0.0905259,312912,Metallurgical or Materials Technician,6.0,-0.015087650000000001
19-4051,Nuclear Technicians,-0.0905259,3119,Physical and engineering science technicians not elsewhere classified,1.0,-0.0905259,312999,Building and Engineering Technicians nec,6.0,-0.015087650000000001
19-4051,Nuclear Technicians,-0.0905259,3119,Physical and engineering science technicians not elsewhere classified,1.0,-0.0905259,399916,Plastics Technician,6.0,-0.015087650000000001
19-4051,Nuclear Technicians,-0.0905259,3119,Physical and engineering science technicians not elsewhere classified,1.0,-0.0905259,399918,Fire Protection Equipment Technician,6.0,-0.015087650000000001
19-4061,Social Science Research Assistants,1.125941,3314,"Statistical, mathematical and related associate professionals",1.0,1.125941,552314,Statistical Clerk,1.0,1.125941
19-4091,"Environmental Science and Protection Technicians, Including Health",-0.1429246,3141,Life science technicians (excluding medical),1.0,-0.1429246,311413,Life Science Technician,1.0,-0.1429246
19-4092,Forensic Science Technicians,0.0103722,3119,Physical and engineering science technicians not elsewhere classified,1.0,0.0103722,311499,Science Technicians nec,6.0,0.0017287
19-4092,Forensic Science Technicians,0.0103722,3119,Physical and engineering science technicians not elsewhere classified,1.0,0.0103722,312199,"Architectural, Building and Surveying Technicians nec",6.0,0.0017287
19-4092,Forensic Science Technicians,0.0103722,3119,Physical and engineering science technicians not elsewhere classified,1.0,0.0103722,312912,Metallurgical or Materials Technician,6.0,0.0017287
19-4092,Forensic Science Technicians,0.0103722,3119,Physical and engineering science technicians not elsewhere classified,1.0,0.0103722,312999,Building and Engineering Technicians nec,6.0,0.0017287
19-4092,Forensic Science Technicians,0.0103722,3119,Physical and engineering science technicians not elsewhere classified,1.0,0.0103722,399916,Plastics Technician,6.0,0.0017287
19-4092,Forensic Science Technicians,0.0103722,3119,Physical and engineering science technicians not elsewhere classified,1.0,0.0103722,399918,Fire Protection Equipment Technician,6.0,0.0017287
19-4093,Forest and Conservation Technicians,-0.7611464,3143,Forestry technicians,1.0,-0.7611464,311112,Agricultural and Agritech Technician,2.0,-0.3805732
19-4093,Forest and Conservation Technicians,-0.7611464,3143,Forestry technicians,1.0,-0.7611464,311413,Life Science Technician,2.0,-0.3805732
19-4099,"Life, Physical, and Social Science Technicians, All Other",0.176155,3111,Chemical and physical science technicians,2.0,0.0880775,311411,Chemistry Technician,5.0,0.0176155
19-4099,"Life, Physical, and Social Science Technicians, All Other",0.176155,3111,Chemical and physical science technicians,2.0,0.0880775,311412,Earth Science Technician,5.0,0.0176155
19-4099,"Life, Physical, and Social Science Technicians, All Other",0.176155,3111,Chemical and physical science technicians,2.0,0.0880775,311414,School Laboratory Technician,5.0,0.0176155
19-4099,"Life, Physical, and Social Science Technicians, All Other",0.176155,3111,Chemical and physical science technicians,2.0,0.0880775,311415,Hydrographer,5.0,0.0176155
19-4099,"Life, Physical, and Social Science Technicians, All Other",0.176155,3111,Chemical and physical science technicians,2.0,0.0880775,311499,Science Technicians nec,5.0,0.0176155
19-4099,"Life, Physical, and Social Science Technicians, All Other",0.176155,3119,Physical and engineering science technicians not elsewhere classified,2.0,0.0880775,311499,Science Technicians nec,6.0,0.014679583333333334
19-4099,"Life, Physical, and Social Science Technicians, All Other",0.176155,3119,Physical and engineering science technicians not elsewhere classified,2.0,0.0880775,312199,"Architectural, Building and Surveying Technicians nec",6.0,0.014679583333333334
19-4099,"Life, Physical, and Social Science Technicians, All Other",0.176155,3119,Physical and engineering science technicians not elsewhere classified,2.0,0.0880775,312912,Metallurgical or Materials Technician,6.0,0.014679583333333334
19-4099,"Life, Physical, and Social Science Technicians, All Other",0.176155,3119,Physical and engineering science technicians not elsewhere classified,2.0,0.0880775,312999,Building and Engineering Technicians nec,6.0,0.014679583333333334
19-4099,"Life, Physical, and Social Science Technicians, All Other",0.176155,3119,Physical and engineering science technicians not elsewhere classified,2.0,0.0880775,399916,Plastics Technician,6.0,0.014679583333333334
19-4099,"Life, Physical, and Social Science Technicians, All Other",0.176155,3119,Physical and engineering science technicians not elsewhere classified,2.0,0.0880775,399918,Fire Protection Equipment Technician,6.0,0.014679583333333334
21-1011,Substance Abuse and Behavioral Disorder Counselors,1.203909,2635,Social work and counselling professionals,1.0,1.203909,272112,Drug and Alcohol Counsellor,9.0,0.13376766666666665
21-1011,Substance Abuse and Behavioral Disorder Counselors,1.203909,2635,Social work and counselling professionals,1.0,1.203909,272113,Family and Marriage Counsellor,9.0,0.13376766666666665
21-1011,Substance Abuse and Behavioral Disorder Counselors,1.203909,2635,Social work and counselling professionals,1.0,1.203909,272114,Rehabilitation Counsellor,9.0,0.13376766666666665
21-1011,Substance Abuse and Behavioral Disorder Counselors,1.203909,2635,Social work and counselling professionals,1.0,1.203909,272199,Counsellors nec,9.0,0.13376766666666665
21-1011,Substance Abuse and Behavioral Disorder Counselors,1.203909,2635,Social work and counselling professionals,1.0,1.203909,272511,Social Worker,9.0,0.13376766666666665
21-1011,Substance Abuse and Behavioral Disorder Counselors,1.203909,2635,Social work and counselling professionals,1.0,1.203909,272611,Community Arts Worker,9.0,0.13376766666666665
21-1011,Substance Abuse and Behavioral Disorder Counselors,1.203909,2635,Social work and counselling professionals,1.0,1.203909,272612,Recreation Officer / Recreation Coordinator,9.0,0.13376766666666665
21-1011,Substance Abuse and Behavioral Disorder Counselors,1.203909,2635,Social work and counselling professionals,1.0,1.203909,272613,Welfare Worker,9.0,0.13376766666666665
21-1011,Substance Abuse and Behavioral Disorder Counselors,1.203909,2635,Social work and counselling professionals,1.0,1.203909,411714,Parole or Probation Officer,9.0,0.13376766666666665
21-1012,"Educational, Guidance, School, and Vocational Counselors",1.196385,2359,Teaching professionals not elsewhere classified,2.0,0.5981925,249299,Private Tutors and Teachers nec,2.0,0.29909625
21-1012,"Educational, Guidance, School, and Vocational Counselors",1.196385,2359,Teaching professionals not elsewhere classified,2.0,0.5981925,272115,Student Counsellor,2.0,0.29909625
21-1012,"Educational, Guidance, School, and Vocational Counselors",1.196385,2423,Personnel and careers professionals,2.0,0.5981925,223111,Human Resource Adviser,4.0,0.149548125
21-1012,"Educational, Guidance, School, and Vocational Counselors",1.196385,2423,Personnel and careers professionals,2.0,0.5981925,223112,Recruitment Consultant,4.0,0.149548125
21-1012,"Educational, Guidance, School, and Vocational Counselors",1.196385,2423,Personnel and careers professionals,2.0,0.5981925,223113,Workplace Relations Adviser,4.0,0.149548125
21-1012,"Educational, Guidance, School, and Vocational Counselors",1.196385,2423,Personnel and careers professionals,2.0,0.5981925,272111,Careers Counsellor,4.0,0.149548125
21-1013,Marriage and Family Therapists,1.47313,2635,Social work and counselling professionals,1.0,1.47313,272112,Drug and Alcohol Counsellor,9.0,0.1636811111111111
21-1013,Marriage and Family Therapists,1.47313,2635,Social work and counselling professionals,1.0,1.47313,272113,Family and Marriage Counsellor,9.0,0.1636811111111111
21-1013,Marriage and Family Therapists,1.47313,2635,Social work and counselling professionals,1.0,1.47313,272114,Rehabilitation Counsellor,9.0,0.1636811111111111
21-1013,Marriage and Family Therapists,1.47313,2635,Social work and counselling professionals,1.0,1.47313,272199,Counsellors nec,9.0,0.1636811111111111
21-1013,Marriage and Family Therapists,1.47313,2635,Social work and counselling professionals,1.0,1.47313,272511,Social Worker,9.0,0.1636811111111111
21-1013,Marriage and Family Therapists,1.47313,2635,Social work and counselling professionals,1.0,1.47313,272611,Community Arts Worker,9.0,0.1636811111111111
21-1013,Marriage and Family Therapists,1.47313,2635,Social work and counselling professionals,1.0,1.47313,272612,Recreation Officer / Recreation Coordinator,9.0,0.1636811111111111
21-1013,Marriage and Family Therapists,1.47313,2635,Social work and counselling professionals,1.0,1.47313,272613,Welfare Worker,9.0,0.1636811111111111
21-1013,Marriage and Family Therapists,1.47313,2635,Social work and counselling professionals,1.0,1.47313,411714,Parole or Probation Officer,9.0,0.1636811111111111
21-1014,Mental Health Counselors,1.536944,2635,Social work and counselling professionals,1.0,1.536944,272112,Drug and Alcohol Counsellor,9.0,0.17077155555555557
21-1014,Mental Health Counselors,1.536944,2635,Social work and counselling professionals,1.0,1.536944,272113,Family and Marriage Counsellor,9.0,0.17077155555555557
21-1014,Mental Health Counselors,1.536944,2635,Social work and counselling professionals,1.0,1.536944,272114,Rehabilitation Counsellor,9.0,0.17077155555555557
21-1014,Mental Health Counselors,1.536944,2635,Social work and counselling professionals,1.0,1.536944,272199,Counsellors nec,9.0,0.17077155555555557
21-1014,Mental Health Counselors,1.536944,2635,Social work and counselling professionals,1.0,1.536944,272511,Social Worker,9.0,0.17077155555555557
21-1014,Mental Health Counselors,1.536944,2635,Social work and counselling professionals,1.0,1.536944,272611,Community Arts Worker,9.0,0.17077155555555557
21-1014,Mental Health Counselors,1.536944,2635,Social work and counselling professionals,1.0,1.536944,272612,Recreation Officer / Recreation Coordinator,9.0,0.17077155555555557
21-1014,Mental Health Counselors,1.536944,2635,Social work and counselling professionals,1.0,1.536944,272613,Welfare Worker,9.0,0.17077155555555557
21-1014,Mental Health Counselors,1.536944,2635,Social work and counselling professionals,1.0,1.536944,411714,Parole or Probation Officer,9.0,0.17077155555555557
21-1015,Rehabilitation Counselors,0.8346704,2635,Social work and counselling professionals,1.0,0.8346704,272112,Drug and Alcohol Counsellor,9.0,0.09274115555555557
21-1015,Rehabilitation Counselors,0.8346704,2635,Social work and counselling professionals,1.0,0.8346704,272113,Family and Marriage Counsellor,9.0,0.09274115555555557
21-1015,Rehabilitation Counselors,0.8346704,2635,Social work and counselling professionals,1.0,0.8346704,272114,Rehabilitation Counsellor,9.0,0.09274115555555557
21-1015,Rehabilitation Counselors,0.8346704,2635,Social work and counselling professionals,1.0,0.8346704,272199,Counsellors nec,9.0,0.09274115555555557
21-1015,Rehabilitation Counselors,0.8346704,2635,Social work and counselling professionals,1.0,0.8346704,272511,Social Worker,9.0,0.09274115555555557
21-1015,Rehabilitation Counselors,0.8346704,2635,Social work and counselling professionals,1.0,0.8346704,272611,Community Arts Worker,9.0,0.09274115555555557
21-1015,Rehabilitation Counselors,0.8346704,2635,Social work and counselling professionals,1.0,0.8346704,272612,Recreation Officer / Recreation Coordinator,9.0,0.09274115555555557
21-1015,Rehabilitation Counselors,0.8346704,2635,Social work and counselling professionals,1.0,0.8346704,272613,Welfare Worker,9.0,0.09274115555555557
21-1015,Rehabilitation Counselors,0.8346704,2635,Social work and counselling professionals,1.0,0.8346704,411714,Parole or Probation Officer,9.0,0.09274115555555557
21-1021,"Child, Family, and School Social Workers",0.9571291,2635,Social work and counselling professionals,1.0,0.9571291,272112,Drug and Alcohol Counsellor,9.0,0.10634767777777777
21-1021,"Child, Family, and School Social Workers",0.9571291,2635,Social work and counselling professionals,1.0,0.9571291,272113,Family and Marriage Counsellor,9.0,0.10634767777777777
21-1021,"Child, Family, and School Social Workers",0.9571291,2635,Social work and counselling professionals,1.0,0.9571291,272114,Rehabilitation Counsellor,9.0,0.10634767777777777
21-1021,"Child, Family, and School Social Workers",0.9571291,2635,Social work and counselling professionals,1.0,0.9571291,272199,Counsellors nec,9.0,0.10634767777777777
21-1021,"Child, Family, and School Social Workers",0.9571291,2635,Social work and counselling professionals,1.0,0.9571291,272511,Social Worker,9.0,0.10634767777777777
21-1021,"Child, Family, and School Social Workers",0.9571291,2635,Social work and counselling professionals,1.0,0.9571291,272611,Community Arts Worker,9.0,0.10634767777777777
21-1021,"Child, Family, and School Social Workers",0.9571291,2635,Social work and counselling professionals,1.0,0.9571291,272612,Recreation Officer / Recreation Coordinator,9.0,0.10634767777777777
21-1021,"Child, Family, and School Social Workers",0.9571291,2635,Social work and counselling professionals,1.0,0.9571291,272613,Welfare Worker,9.0,0.10634767777777777
21-1021,"Child, Family, and School Social Workers",0.9571291,2635,Social work and counselling professionals,1.0,0.9571291,411714,Parole or Probation Officer,9.0,0.10634767777777777
21-1022,Healthcare Social Workers,1.093619,2635,Social work and counselling professionals,1.0,1.093619,272112,Drug and Alcohol Counsellor,9.0,0.12151322222222222
21-1022,Healthcare Social Workers,1.093619,2635,Social work and counselling professionals,1.0,1.093619,272113,Family and Marriage Counsellor,9.0,0.12151322222222222
21-1022,Healthcare Social Workers,1.093619,2635,Social work and counselling professionals,1.0,1.093619,272114,Rehabilitation Counsellor,9.0,0.12151322222222222
21-1022,Healthcare Social Workers,1.093619,2635,Social work and counselling professionals,1.0,1.093619,272199,Counsellors nec,9.0,0.12151322222222222
21-1022,Healthcare Social Workers,1.093619,2635,Social work and counselling professionals,1.0,1.093619,272511,Social Worker,9.0,0.12151322222222222
21-1022,Healthcare Social Workers,1.093619,2635,Social work and counselling professionals,1.0,1.093619,272611,Community Arts Worker,9.0,0.12151322222222222
21-1022,Healthcare Social Workers,1.093619,2635,Social work and counselling professionals,1.0,1.093619,272612,Recreation Officer / Recreation Coordinator,9.0,0.12151322222222222
21-1022,Healthcare Social Workers,1.093619,2635,Social work and counselling professionals,1.0,1.093619,272613,Welfare Worker,9.0,0.12151322222222222
21-1022,Healthcare Social Workers,1.093619,2635,Social work and counselling professionals,1.0,1.093619,411714,Parole or Probation Officer,9.0,0.12151322222222222
21-1023,Mental Health and Substance Abuse Social Workers,1.253184,2635,Social work and counselling professionals,1.0,1.253184,272112,Drug and Alcohol Counsellor,9.0,0.13924266666666668
21-1023,Mental Health and Substance Abuse Social Workers,1.253184,2635,Social work and counselling professionals,1.0,1.253184,272113,Family and Marriage Counsellor,9.0,0.13924266666666668
21-1023,Mental Health and Substance Abuse Social Workers,1.253184,2635,Social work and counselling professionals,1.0,1.253184,272114,Rehabilitation Counsellor,9.0,0.13924266666666668
21-1023,Mental Health and Substance Abuse Social Workers,1.253184,2635,Social work and counselling professionals,1.0,1.253184,272199,Counsellors nec,9.0,0.13924266666666668
21-1023,Mental Health and Substance Abuse Social Workers,1.253184,2635,Social work and counselling professionals,1.0,1.253184,272511,Social Worker,9.0,0.13924266666666668
21-1023,Mental Health and Substance Abuse Social Workers,1.253184,2635,Social work and counselling professionals,1.0,1.253184,272611,Community Arts Worker,9.0,0.13924266666666668
21-1023,Mental Health and Substance Abuse Social Workers,1.253184,2635,Social work and counselling professionals,1.0,1.253184,272612,Recreation Officer / Recreation Coordinator,9.0,0.13924266666666668
21-1023,Mental Health and Substance Abuse Social Workers,1.253184,2635,Social work and counselling professionals,1.0,1.253184,272613,Welfare Worker,9.0,0.13924266666666668
21-1023,Mental Health and Substance Abuse Social Workers,1.253184,2635,Social work and counselling professionals,1.0,1.253184,411714,Parole or Probation Officer,9.0,0.13924266666666668
21-1091,Health Educators,0.9684216,2263,Environmental and occupational health and hygiene professionals,1.0,0.9684216,251311,Environmental Health Officer,2.0,0.4842108
21-1091,Health Educators,0.9684216,2263,Environmental and occupational health and hygiene professionals,1.0,0.9684216,251312,Occupational Health and Safety Adviser,2.0,0.4842108
21-1092,Probation Officers and Correctional Treatment Specialists,0.896767,2635,Social work and counselling professionals,1.0,0.896767,272112,Drug and Alcohol Counsellor,9.0,0.09964077777777777
21-1092,Probation Officers and Correctional Treatment Specialists,0.896767,2635,Social work and counselling professionals,1.0,0.896767,272113,Family and Marriage Counsellor,9.0,0.09964077777777777
21-1092,Probation Officers and Correctional Treatment Specialists,0.896767,2635,Social work and counselling professionals,1.0,0.896767,272114,Rehabilitation Counsellor,9.0,0.09964077777777777
21-1092,Probation Officers and Correctional Treatment Specialists,0.896767,2635,Social work and counselling professionals,1.0,0.896767,272199,Counsellors nec,9.0,0.09964077777777777
21-1092,Probation Officers and Correctional Treatment Specialists,0.896767,2635,Social work and counselling professionals,1.0,0.896767,272511,Social Worker,9.0,0.09964077777777777
21-1092,Probation Officers and Correctional Treatment Specialists,0.896767,2635,Social work and counselling professionals,1.0,0.896767,272611,Community Arts Worker,9.0,0.09964077777777777
21-1092,Probation Officers and Correctional Treatment Specialists,0.896767,2635,Social work and counselling professionals,1.0,0.896767,272612,Recreation Officer / Recreation Coordinator,9.0,0.09964077777777777
21-1092,Probation Officers and Correctional Treatment Specialists,0.896767,2635,Social work and counselling professionals,1.0,0.896767,272613,Welfare Worker,9.0,0.09964077777777777
21-1092,Probation Officers and Correctional Treatment Specialists,0.896767,2635,Social work and counselling professionals,1.0,0.896767,411714,Parole or Probation Officer,9.0,0.09964077777777777
21-1093,Social and Human Service Assistants,0.5573961,3412,Social work associate professionals,1.0,0.5573961,224912,Liaison Officer,8.0,0.0696745125
21-1093,Social and Human Service Assistants,0.5573961,3412,Social work associate professionals,1.0,0.5573961,224999,Information and Organisation Professionals nec,8.0,0.0696745125
21-1093,Social and Human Service Assistants,0.5573961,3412,Social work associate professionals,1.0,0.5573961,411711,Community Worker,8.0,0.0696745125
21-1093,Social and Human Service Assistants,0.5573961,3412,Social work associate professionals,1.0,0.5573961,411712,Disabilities Services Officer,8.0,0.0696745125
21-1093,Social and Human Service Assistants,0.5573961,3412,Social work associate professionals,1.0,0.5573961,411713,Family Support Worker,8.0,0.0696745125
21-1093,Social and Human Service Assistants,0.5573961,3412,Social work associate professionals,1.0,0.5573961,411715,Residential Care Officer,8.0,0.0696745125
21-1093,Social and Human Service Assistants,0.5573961,3412,Social work associate professionals,1.0,0.5573961,411716,Youth Worker,8.0,0.0696745125
21-1093,Social and Human Service Assistants,0.5573961,3412,Social work associate professionals,1.0,0.5573961,423413,Refuge Worker,8.0,0.0696745125
21-1094,Community Health Workers,0.1347507,3253,Community health workers,1.0,0.1347507,251911,Health Promotion Officer,3.0,0.0449169
21-1094,Community Health Workers,0.1347507,3253,Community health workers,1.0,0.1347507,411511,Aboriginal and Torres Strait Islander Health Worker,3.0,0.0449169
21-1094,Community Health Workers,0.1347507,3253,Community health workers,1.0,0.1347507,411512,Kaiāwhina (Hauora) (Māori Health Assistant),3.0,0.0449169
21-2011,Clergy,1.470103,2636,Religious professionals,1.0,1.470103,139999,Specialist Managers nec,2.0,0.7350515
21-2011,Clergy,1.470103,2636,Religious professionals,1.0,1.470103,272211,Minister of Religion,2.0,0.7350515
21-2021,"Directors, Religious Activities and Education",1.355036,2636,Religious professionals,1.0,1.355036,139999,Specialist Managers nec,2.0,0.677518
21-2021,"Directors, Religious Activities and Education",1.355036,2636,Religious professionals,1.0,1.355036,272211,Minister of Religion,2.0,0.677518
23-1011,Lawyers,1.454044,2611,Lawyers,1.0,1.454044,271111,Barrister,3.0,0.4846813333333333
23-1011,Lawyers,1.454044,2611,Lawyers,1.0,1.454044,271214,Intellectual Property Lawyer,3.0,0.4846813333333333
23-1011,Lawyers,1.454044,2611,Lawyers,1.0,1.454044,271311,Solicitor,3.0,0.4846813333333333
23-1012,Judicial Law Clerks,1.512581,3411,Legal and related associate professionals,1.0,1.512581,442214,Private Investigator,8.0,0.189072625
23-1012,Judicial Law Clerks,1.512581,3411,Legal and related associate professionals,1.0,1.512581,599111,Conveyancer,8.0,0.189072625
23-1012,Judicial Law Clerks,1.512581,3411,Legal and related associate professionals,1.0,1.512581,599112,Legal Executive,8.0,0.189072625
23-1012,Judicial Law Clerks,1.512581,3411,Legal and related associate professionals,1.0,1.512581,599211,Clerk of Court,8.0,0.189072625
23-1012,Judicial Law Clerks,1.512581,3411,Legal and related associate professionals,1.0,1.512581,599212,Court Bailiff or Sheriff (Aus) / Court Collections Officer (NZ),8.0,0.189072625
23-1012,Judicial Law Clerks,1.512581,3411,Legal and related associate professionals,1.0,1.512581,599213,Court Orderly (Aus) / Court Registry Officer (NZ),8.0,0.189072625
23-1012,Judicial Law Clerks,1.512581,3411,Legal and related associate professionals,1.0,1.512581,599214,Law Clerk,8.0,0.189072625
23-1012,Judicial Law Clerks,1.512581,3411,Legal and related associate professionals,1.0,1.512581,599215,Trust Officer,8.0,0.189072625
23-1021,"Administrative Law Judges, Adjudicators, and Hearing Officers",1.547145,2612,Judges,1.0,1.547145,271211,Judge,2.0,0.7735725
23-1021,"Administrative Law Judges, Adjudicators, and Hearing Officers",1.547145,2612,Judges,1.0,1.547145,271212,Magistrate,2.0,0.7735725
23-1022,"Arbitrators, Mediators, and Conciliators",1.647241,2619,Legal professionals not elsewhere classified,1.0,1.647241,224913,Migration Agent / Immigration Consultant,3.0,0.5490803333333333
23-1022,"Arbitrators, Mediators, and Conciliators",1.647241,2619,Legal professionals not elsewhere classified,1.0,1.647241,271213,Tribunal Member,3.0,0.5490803333333333
23-1022,"Arbitrators, Mediators, and Conciliators",1.647241,2619,Legal professionals not elsewhere classified,1.0,1.647241,271299,Judicial and Other Legal Professionals nec,3.0,0.5490803333333333
23-1023,"Judges, Magistrate Judges, and Magistrates",1.646266,2612,Judges,1.0,1.646266,271211,Judge,2.0,0.823133
23-1023,"Judges, Magistrate Judges, and Magistrates",1.646266,2612,Judges,1.0,1.646266,271212,Magistrate,2.0,0.823133
23-2011,Paralegals and Legal Assistants,1.332659,3411,Legal and related associate professionals,1.0,1.332659,442214,Private Investigator,8.0,0.166582375
23-2011,Paralegals and Legal Assistants,1.332659,3411,Legal and related associate professionals,1.0,1.332659,599111,Conveyancer,8.0,0.166582375
23-2011,Paralegals and Legal Assistants,1.332659,3411,Legal and related associate professionals,1.0,1.332659,599112,Legal Executive,8.0,0.166582375
23-2011,Paralegals and Legal Assistants,1.332659,3411,Legal and related associate professionals,1.0,1.332659,599211,Clerk of Court,8.0,0.166582375
23-2011,Paralegals and Legal Assistants,1.332659,3411,Legal and related associate professionals,1.0,1.332659,599212,Court Bailiff or Sheriff (Aus) / Court Collections Officer (NZ),8.0,0.166582375
23-2011,Paralegals and Legal Assistants,1.332659,3411,Legal and related associate professionals,1.0,1.332659,599213,Court Orderly (Aus) / Court Registry Officer (NZ),8.0,0.166582375
23-2011,Paralegals and Legal Assistants,1.332659,3411,Legal and related associate professionals,1.0,1.332659,599214,Law Clerk,8.0,0.166582375
23-2011,Paralegals and Legal Assistants,1.332659,3411,Legal and related associate professionals,1.0,1.332659,599215,Trust Officer,8.0,0.166582375
23-2091,Court Reporters,0.9032798,3343,Administrative and executive secretaries,1.0,0.9032798,521111,Personal Assistant,3.0,0.30109326666666664
23-2091,Court Reporters,0.9032798,3343,Administrative and executive secretaries,1.0,0.9032798,521211,Secretary (General),3.0,0.30109326666666664
23-2091,Court Reporters,0.9032798,3343,Administrative and executive secretaries,1.0,0.9032798,532112,Machine Shorthand Reporter,3.0,0.30109326666666664
23-2093,"Title Examiners, Abstractors, and Searchers",1.384156,3411,Legal and related associate professionals,1.0,1.384156,442214,Private Investigator,8.0,0.1730195
23-2093,"Title Examiners, Abstractors, and Searchers",1.384156,3411,Legal and related associate professionals,1.0,1.384156,599111,Conveyancer,8.0,0.1730195
23-2093,"Title Examiners, Abstractors, and Searchers",1.384156,3411,Legal and related associate professionals,1.0,1.384156,599112,Legal Executive,8.0,0.1730195
23-2093,"Title Examiners, Abstractors, and Searchers",1.384156,3411,Legal and related associate professionals,1.0,1.384156,599211,Clerk of Court,8.0,0.1730195
23-2093,"Title Examiners, Abstractors, and Searchers",1.384156,3411,Legal and related associate professionals,1.0,1.384156,599212,Court Bailiff or Sheriff (Aus) / Court Collections Officer (NZ),8.0,0.1730195
23-2093,"Title Examiners, Abstractors, and Searchers",1.384156,3411,Legal and related associate professionals,1.0,1.384156,599213,Court Orderly (Aus) / Court Registry Officer (NZ),8.0,0.1730195
23-2093,"Title Examiners, Abstractors, and Searchers",1.384156,3411,Legal and related associate professionals,1.0,1.384156,599214,Law Clerk,8.0,0.1730195
23-2093,"Title Examiners, Abstractors, and Searchers",1.384156,3411,Legal and related associate professionals,1.0,1.384156,599215,Trust Officer,8.0,0.1730195
25-1011,"Business Teachers, Postsecondary",1.618228,2310,University and higher education teachers,1.0,1.618228,242111,University Lecturer,3.0,0.5394093333333333
25-1011,"Business Teachers, Postsecondary",1.618228,2310,University and higher education teachers,1.0,1.618228,242112,University Tutor,3.0,0.5394093333333333
25-1011,"Business Teachers, Postsecondary",1.618228,2310,University and higher education teachers,1.0,1.618228,242211,Vocational Education Teacher / Polytechnic Teacher,3.0,0.5394093333333333
25-1021,"Computer Science Teachers, Postsecondary",1.390422,2310,University and higher education teachers,1.0,1.390422,242111,University Lecturer,3.0,0.463474
25-1021,"Computer Science Teachers, Postsecondary",1.390422,2310,University and higher education teachers,1.0,1.390422,242112,University Tutor,3.0,0.463474
25-1021,"Computer Science Teachers, Postsecondary",1.390422,2310,University and higher education teachers,1.0,1.390422,242211,Vocational Education Teacher / Polytechnic Teacher,3.0,0.463474
25-1022,"Mathematical Science Teachers, Postsecondary",1.406917,2310,University and higher education teachers,1.0,1.406917,242111,University Lecturer,3.0,0.4689723333333333
25-1022,"Mathematical Science Teachers, Postsecondary",1.406917,2310,University and higher education teachers,1.0,1.406917,242112,University Tutor,3.0,0.4689723333333333
25-1022,"Mathematical Science Teachers, Postsecondary",1.406917,2310,University and higher education teachers,1.0,1.406917,242211,Vocational Education Teacher / Polytechnic Teacher,3.0,0.4689723333333333
25-1031,"Architecture Teachers, Postsecondary",1.246342,2310,University and higher education teachers,1.0,1.246342,242111,University Lecturer,3.0,0.41544733333333334
25-1031,"Architecture Teachers, Postsecondary",1.246342,2310,University and higher education teachers,1.0,1.246342,242112,University Tutor,3.0,0.41544733333333334
25-1031,"Architecture Teachers, Postsecondary",1.246342,2310,University and higher education teachers,1.0,1.246342,242211,Vocational Education Teacher / Polytechnic Teacher,3.0,0.41544733333333334
25-1032,"Engineering Teachers, Postsecondary",1.337249,2310,University and higher education teachers,1.0,1.337249,242111,University Lecturer,3.0,0.44574966666666666
25-1032,"Engineering Teachers, Postsecondary",1.337249,2310,University and higher education teachers,1.0,1.337249,242112,University Tutor,3.0,0.44574966666666666
25-1032,"Engineering Teachers, Postsecondary",1.337249,2310,University and higher education teachers,1.0,1.337249,242211,Vocational Education Teacher / Polytechnic Teacher,3.0,0.44574966666666666
25-1041,"Agricultural Sciences Teachers, Postsecondary",1.15419,2310,University and higher education teachers,1.0,1.15419,242111,University Lecturer,3.0,0.38473
25-1041,"Agricultural Sciences Teachers, Postsecondary",1.15419,2310,University and higher education teachers,1.0,1.15419,242112,University Tutor,3.0,0.38473
25-1041,"Agricultural Sciences Teachers, Postsecondary",1.15419,2310,University and higher education teachers,1.0,1.15419,242211,Vocational Education Teacher / Polytechnic Teacher,3.0,0.38473
25-1042,"Biological Science Teachers, Postsecondary",1.492517,2310,University and higher education teachers,1.0,1.492517,242111,University Lecturer,3.0,0.4975056666666667
25-1042,"Biological Science Teachers, Postsecondary",1.492517,2310,University and higher education teachers,1.0,1.492517,242112,University Tutor,3.0,0.4975056666666667
25-1042,"Biological Science Teachers, Postsecondary",1.492517,2310,University and higher education teachers,1.0,1.492517,242211,Vocational Education Teacher / Polytechnic Teacher,3.0,0.4975056666666667
25-1043,"Forestry and Conservation Science Teachers, Postsecondary",1.562946,2310,University and higher education teachers,1.0,1.562946,242111,University Lecturer,3.0,0.520982
25-1043,"Forestry and Conservation Science Teachers, Postsecondary",1.562946,2310,University and higher education teachers,1.0,1.562946,242112,University Tutor,3.0,0.520982
25-1043,"Forestry and Conservation Science Teachers, Postsecondary",1.562946,2310,University and higher education teachers,1.0,1.562946,242211,Vocational Education Teacher / Polytechnic Teacher,3.0,0.520982
25-1051,"Atmospheric, Earth, Marine, and Space Sciences Teachers, Postsecondary",1.521884,2310,University and higher education teachers,1.0,1.521884,242111,University Lecturer,3.0,0.5072946666666667
25-1051,"Atmospheric, Earth, Marine, and Space Sciences Teachers, Postsecondary",1.521884,2310,University and higher education teachers,1.0,1.521884,242112,University Tutor,3.0,0.5072946666666667
25-1051,"Atmospheric, Earth, Marine, and Space Sciences Teachers, Postsecondary",1.521884,2310,University and higher education teachers,1.0,1.521884,242211,Vocational Education Teacher / Polytechnic Teacher,3.0,0.5072946666666667
25-1052,"Chemistry Teachers, Postsecondary",1.449933,2310,University and higher education teachers,1.0,1.449933,242111,University Lecturer,3.0,0.483311
25-1052,"Chemistry Teachers, Postsecondary",1.449933,2310,University and higher education teachers,1.0,1.449933,242112,University Tutor,3.0,0.483311
25-1052,"Chemistry Teachers, Postsecondary",1.449933,2310,University and higher education teachers,1.0,1.449933,242211,Vocational Education Teacher / Polytechnic Teacher,3.0,0.483311
25-1053,"Environmental Science Teachers, Postsecondary",1.603297,2310,University and higher education teachers,1.0,1.603297,242111,University Lecturer,3.0,0.5344323333333333
25-1053,"Environmental Science Teachers, Postsecondary",1.603297,2310,University and higher education teachers,1.0,1.603297,242112,University Tutor,3.0,0.5344323333333333
25-1053,"Environmental Science Teachers, Postsecondary",1.603297,2310,University and higher education teachers,1.0,1.603297,242211,Vocational Education Teacher / Polytechnic Teacher,3.0,0.5344323333333333
25-1054,"Physics Teachers, Postsecondary",1.240154,2310,University and higher education teachers,1.0,1.240154,242111,University Lecturer,3.0,0.4133846666666667
25-1054,"Physics Teachers, Postsecondary",1.240154,2310,University and higher education teachers,1.0,1.240154,242112,University Tutor,3.0,0.4133846666666667
25-1054,"Physics Teachers, Postsecondary",1.240154,2310,University and higher education teachers,1.0,1.240154,242211,Vocational Education Teacher / Polytechnic Teacher,3.0,0.4133846666666667
25-1061,"Anthropology and Archeology Teachers, Postsecondary",1.534275,2310,University and higher education teachers,1.0,1.534275,242111,University Lecturer,3.0,0.511425
25-1061,"Anthropology and Archeology Teachers, Postsecondary",1.534275,2310,University and higher education teachers,1.0,1.534275,242112,University Tutor,3.0,0.511425
25-1061,"Anthropology and Archeology Teachers, Postsecondary",1.534275,2310,University and higher education teachers,1.0,1.534275,242211,Vocational Education Teacher / Polytechnic Teacher,3.0,0.511425
25-1062,"Area, Ethnic, and Cultural Studies Teachers, Postsecondary",1.66876,2310,University and higher education teachers,1.0,1.66876,242111,University Lecturer,3.0,0.5562533333333334
25-1062,"Area, Ethnic, and Cultural Studies Teachers, Postsecondary",1.66876,2310,University and higher education teachers,1.0,1.66876,242112,University Tutor,3.0,0.5562533333333334
25-1062,"Area, Ethnic, and Cultural Studies Teachers, Postsecondary",1.66876,2310,University and higher education teachers,1.0,1.66876,242211,Vocational Education Teacher / Polytechnic Teacher,3.0,0.5562533333333334
25-1063,"Economics Teachers, Postsecondary",1.46189,2310,University and higher education teachers,1.0,1.46189,242111,University Lecturer,3.0,0.48729666666666666
25-1063,"Economics Teachers, Postsecondary",1.46189,2310,University and higher education teachers,1.0,1.46189,242112,University Tutor,3.0,0.48729666666666666
25-1063,"Economics Teachers, Postsecondary",1.46189,2310,University and higher education teachers,1.0,1.46189,242211,Vocational Education Teacher / Polytechnic Teacher,3.0,0.48729666666666666
25-1064,"Geography Teachers, Postsecondary",1.628536,2310,University and higher education teachers,1.0,1.628536,242111,University Lecturer,3.0,0.5428453333333333
25-1064,"Geography Teachers, Postsecondary",1.628536,2310,University and higher education teachers,1.0,1.628536,242112,University Tutor,3.0,0.5428453333333333
25-1064,"Geography Teachers, Postsecondary",1.628536,2310,University and higher education teachers,1.0,1.628536,242211,Vocational Education Teacher / Polytechnic Teacher,3.0,0.5428453333333333
25-1065,"Political Science Teachers, Postsecondary",1.769565,2310,University and higher education teachers,1.0,1.769565,242111,University Lecturer,3.0,0.589855
25-1065,"Political Science Teachers, Postsecondary",1.769565,2310,University and higher education teachers,1.0,1.769565,242112,University Tutor,3.0,0.589855
25-1065,"Political Science Teachers, Postsecondary",1.769565,2310,University and higher education teachers,1.0,1.769565,242211,Vocational Education Teacher / Polytechnic Teacher,3.0,0.589855
25-1066,"Psychology Teachers, Postsecondary",1.716472,2310,University and higher education teachers,1.0,1.716472,242111,University Lecturer,3.0,0.5721573333333333
25-1066,"Psychology Teachers, Postsecondary",1.716472,2310,University and higher education teachers,1.0,1.716472,242112,University Tutor,3.0,0.5721573333333333
25-1066,"Psychology Teachers, Postsecondary",1.716472,2310,University and higher education teachers,1.0,1.716472,242211,Vocational Education Teacher / Polytechnic Teacher,3.0,0.5721573333333333
25-1067,"Sociology Teachers, Postsecondary",1.770457,2310,University and higher education teachers,1.0,1.770457,242111,University Lecturer,3.0,0.5901523333333333
25-1067,"Sociology Teachers, Postsecondary",1.770457,2310,University and higher education teachers,1.0,1.770457,242112,University Tutor,3.0,0.5901523333333333
25-1067,"Sociology Teachers, Postsecondary",1.770457,2310,University and higher education teachers,1.0,1.770457,242211,Vocational Education Teacher / Polytechnic Teacher,3.0,0.5901523333333333
25-1071,"Health Specialties Teachers, Postsecondary",1.225631,2310,University and higher education teachers,1.0,1.225631,242111,University Lecturer,3.0,0.40854366666666664
25-1071,"Health Specialties Teachers, Postsecondary",1.225631,2310,University and higher education teachers,1.0,1.225631,242112,University Tutor,3.0,0.40854366666666664
25-1071,"Health Specialties Teachers, Postsecondary",1.225631,2310,University and higher education teachers,1.0,1.225631,242211,Vocational Education Teacher / Polytechnic Teacher,3.0,0.40854366666666664
25-1072,"Nursing Instructors and Teachers, Postsecondary",0.74384,2310,University and higher education teachers,1.0,0.74384,242111,University Lecturer,3.0,0.24794666666666665
25-1072,"Nursing Instructors and Teachers, Postsecondary",0.74384,2310,University and higher education teachers,1.0,0.74384,242112,University Tutor,3.0,0.24794666666666665
25-1072,"Nursing Instructors and Teachers, Postsecondary",0.74384,2310,University and higher education teachers,1.0,0.74384,242211,Vocational Education Teacher / Polytechnic Teacher,3.0,0.24794666666666665
25-1081,"Education Teachers, Postsecondary",1.623696,2310,University and higher education teachers,1.0,1.623696,242111,University Lecturer,3.0,0.541232
25-1081,"Education Teachers, Postsecondary",1.623696,2310,University and higher education teachers,1.0,1.623696,242112,University Tutor,3.0,0.541232
25-1081,"Education Teachers, Postsecondary",1.623696,2310,University and higher education teachers,1.0,1.623696,242211,Vocational Education Teacher / Polytechnic Teacher,3.0,0.541232
25-1082,"Library Science Teachers, Postsecondary",1.626376,2310,University and higher education teachers,1.0,1.626376,242111,University Lecturer,3.0,0.5421253333333333
25-1082,"Library Science Teachers, Postsecondary",1.626376,2310,University and higher education teachers,1.0,1.626376,242112,University Tutor,3.0,0.5421253333333333
25-1082,"Library Science Teachers, Postsecondary",1.626376,2310,University and higher education teachers,1.0,1.626376,242211,Vocational Education Teacher / Polytechnic Teacher,3.0,0.5421253333333333
25-1111,"Criminal Justice and Law Enforcement Teachers, Postsecondary",1.754122,2310,University and higher education teachers,1.0,1.754122,242111,University Lecturer,3.0,0.5847073333333334
25-1111,"Criminal Justice and Law Enforcement Teachers, Postsecondary",1.754122,2310,University and higher education teachers,1.0,1.754122,242112,University Tutor,3.0,0.5847073333333334
25-1111,"Criminal Justice and Law Enforcement Teachers, Postsecondary",1.754122,2310,University and higher education teachers,1.0,1.754122,242211,Vocational Education Teacher / Polytechnic Teacher,3.0,0.5847073333333334
25-1112,"Law Teachers, Postsecondary",1.801888,2310,University and higher education teachers,1.0,1.801888,242111,University Lecturer,3.0,0.6006293333333333
25-1112,"Law Teachers, Postsecondary",1.801888,2310,University and higher education teachers,1.0,1.801888,242112,University Tutor,3.0,0.6006293333333333
25-1112,"Law Teachers, Postsecondary",1.801888,2310,University and higher education teachers,1.0,1.801888,242211,Vocational Education Teacher / Polytechnic Teacher,3.0,0.6006293333333333
25-1113,"Social Work Teachers, Postsecondary",1.738791,2310,University and higher education teachers,1.0,1.738791,242111,University Lecturer,3.0,0.579597
25-1113,"Social Work Teachers, Postsecondary",1.738791,2310,University and higher education teachers,1.0,1.738791,242112,University Tutor,3.0,0.579597
25-1113,"Social Work Teachers, Postsecondary",1.738791,2310,University and higher education teachers,1.0,1.738791,242211,Vocational Education Teacher / Polytechnic Teacher,3.0,0.579597
25-1121,"Art, Drama, and Music Teachers, Postsecondary",1.007435,2310,University and higher education teachers,1.0,1.007435,242111,University Lecturer,3.0,0.3358116666666667
25-1121,"Art, Drama, and Music Teachers, Postsecondary",1.007435,2310,University and higher education teachers,1.0,1.007435,242112,University Tutor,3.0,0.3358116666666667
25-1121,"Art, Drama, and Music Teachers, Postsecondary",1.007435,2310,University and higher education teachers,1.0,1.007435,242211,Vocational Education Teacher / Polytechnic Teacher,3.0,0.3358116666666667
25-1122,"Communications Teachers, Postsecondary",1.70167,2310,University and higher education teachers,1.0,1.70167,242111,University Lecturer,3.0,0.5672233333333333
25-1122,"Communications Teachers, Postsecondary",1.70167,2310,University and higher education teachers,1.0,1.70167,242112,University Tutor,3.0,0.5672233333333333
25-1122,"Communications Teachers, Postsecondary",1.70167,2310,University and higher education teachers,1.0,1.70167,242211,Vocational Education Teacher / Polytechnic Teacher,3.0,0.5672233333333333
25-1123,"English Language and Literature Teachers, Postsecondary",1.85686,2310,University and higher education teachers,1.0,1.85686,242111,University Lecturer,3.0,0.6189533333333334
25-1123,"English Language and Literature Teachers, Postsecondary",1.85686,2310,University and higher education teachers,1.0,1.85686,242112,University Tutor,3.0,0.6189533333333334
25-1123,"English Language and Literature Teachers, Postsecondary",1.85686,2310,University and higher education teachers,1.0,1.85686,242211,Vocational Education Teacher / Polytechnic Teacher,3.0,0.6189533333333334
25-1124,"Foreign Language and Literature Teachers, Postsecondary",1.813892,2310,University and higher education teachers,1.0,1.813892,242111,University Lecturer,3.0,0.6046306666666666
25-1124,"Foreign Language and Literature Teachers, Postsecondary",1.813892,2310,University and higher education teachers,1.0,1.813892,242112,University Tutor,3.0,0.6046306666666666
25-1124,"Foreign Language and Literature Teachers, Postsecondary",1.813892,2310,University and higher education teachers,1.0,1.813892,242211,Vocational Education Teacher / Polytechnic Teacher,3.0,0.6046306666666666
25-1125,"History Teachers, Postsecondary",1.813362,2310,University and higher education teachers,1.0,1.813362,242111,University Lecturer,3.0,0.6044539999999999
25-1125,"History Teachers, Postsecondary",1.813362,2310,University and higher education teachers,1.0,1.813362,242112,University Tutor,3.0,0.6044539999999999
25-1125,"History Teachers, Postsecondary",1.813362,2310,University and higher education teachers,1.0,1.813362,242211,Vocational Education Teacher / Polytechnic Teacher,3.0,0.6044539999999999
25-1126,"Philosophy and Religion Teachers, Postsecondary",1.799875,2310,University and higher education teachers,1.0,1.799875,242111,University Lecturer,3.0,0.5999583333333333
25-1126,"Philosophy and Religion Teachers, Postsecondary",1.799875,2310,University and higher education teachers,1.0,1.799875,242112,University Tutor,3.0,0.5999583333333333
25-1126,"Philosophy and Religion Teachers, Postsecondary",1.799875,2310,University and higher education teachers,1.0,1.799875,242211,Vocational Education Teacher / Polytechnic Teacher,3.0,0.5999583333333333
25-1191,Graduate Teaching Assistants,1.376487,2310,University and higher education teachers,1.0,1.376487,242111,University Lecturer,3.0,0.458829
25-1191,Graduate Teaching Assistants,1.376487,2310,University and higher education teachers,1.0,1.376487,242112,University Tutor,3.0,0.458829
25-1191,Graduate Teaching Assistants,1.376487,2310,University and higher education teachers,1.0,1.376487,242211,Vocational Education Teacher / Polytechnic Teacher,3.0,0.458829
25-1192,"Home Economics Teachers, Postsecondary",1.467661,2310,University and higher education teachers,1.0,1.467661,242111,University Lecturer,3.0,0.48922033333333337
25-1192,"Home Economics Teachers, Postsecondary",1.467661,2310,University and higher education teachers,1.0,1.467661,242112,University Tutor,3.0,0.48922033333333337
25-1192,"Home Economics Teachers, Postsecondary",1.467661,2310,University and higher education teachers,1.0,1.467661,242211,Vocational Education Teacher / Polytechnic Teacher,3.0,0.48922033333333337
25-1193,"Recreation and Fitness Studies Teachers, Postsecondary",1.429312,2310,University and higher education teachers,1.0,1.429312,242111,University Lecturer,3.0,0.4764373333333333
25-1193,"Recreation and Fitness Studies Teachers, Postsecondary",1.429312,2310,University and higher education teachers,1.0,1.429312,242112,University Tutor,3.0,0.4764373333333333
25-1193,"Recreation and Fitness Studies Teachers, Postsecondary",1.429312,2310,University and higher education teachers,1.0,1.429312,242211,Vocational Education Teacher / Polytechnic Teacher,3.0,0.4764373333333333
25-1194,"Vocational Education Teachers, Postsecondary",0.3901885,2320,Vocational education teachers,1.0,0.3901885,242211,Vocational Education Teacher / Polytechnic Teacher,1.0,0.3901885
25-2011,"Preschool Teachers, Except Special Education",0.3222551,2342,Early childhood educators,1.0,0.3222551,241111,Early Childhood (Pre-primary School) Teacher,2.0,0.16112755
25-2011,"Preschool Teachers, Except Special Education",0.3222551,2342,Early childhood educators,1.0,0.3222551,241112,Kaiako Kohanga Reo (Māori Language Nest Teacher),2.0,0.16112755
25-2012,"Kindergarten Teachers, Except Special Education",0.6531022,2342,Early childhood educators,1.0,0.6531022,241111,Early Childhood (Pre-primary School) Teacher,2.0,0.3265511
25-2012,"Kindergarten Teachers, Except Special Education",0.6531022,2342,Early childhood educators,1.0,0.6531022,241112,Kaiako Kohanga Reo (Māori Language Nest Teacher),2.0,0.3265511
25-2021,"Elementary School Teachers, Except Special Education",1.016625,2341,Primary school teachers,1.0,1.016625,241211,Kaiako Kura Kaupapa Māori (Māori-medium Primary School Teacher),6.0,0.1694375
25-2021,"Elementary School Teachers, Except Special Education",1.016625,2341,Primary school teachers,1.0,1.016625,241212,Pouako Kura Kaupapa Māori (Māori-medium Primary School Senior Teacher),6.0,0.1694375
25-2021,"Elementary School Teachers, Except Special Education",1.016625,2341,Primary school teachers,1.0,1.016625,241213,Primary School Teacher,6.0,0.1694375
25-2021,"Elementary School Teachers, Except Special Education",1.016625,2341,Primary school teachers,1.0,1.016625,241311,Middle School Teacher / Intermediate School Teacher,6.0,0.1694375
25-2021,"Elementary School Teachers, Except Special Education",1.016625,2341,Primary school teachers,1.0,1.016625,422113,Kaiāwhina Kohanga Reo (Māori Language Nest Assistant),6.0,0.1694375
25-2021,"Elementary School Teachers, Except Special Education",1.016625,2341,Primary school teachers,1.0,1.016625,422114,Kaiāwhina Kura Kaupapa Māori (Māori-medium School Assistant),6.0,0.1694375
25-2022,"Middle School Teachers, Except Special and Career/Technical Education",1.284328,2341,Primary school teachers,1.0,1.284328,241211,Kaiako Kura Kaupapa Māori (Māori-medium Primary School Teacher),6.0,0.21405466666666664
25-2022,"Middle School Teachers, Except Special and Career/Technical Education",1.284328,2341,Primary school teachers,1.0,1.284328,241212,Pouako Kura Kaupapa Māori (Māori-medium Primary School Senior Teacher),6.0,0.21405466666666664
25-2022,"Middle School Teachers, Except Special and Career/Technical Education",1.284328,2341,Primary school teachers,1.0,1.284328,241213,Primary School Teacher,6.0,0.21405466666666664
25-2022,"Middle School Teachers, Except Special and Career/Technical Education",1.284328,2341,Primary school teachers,1.0,1.284328,241311,Middle School Teacher / Intermediate School Teacher,6.0,0.21405466666666664
25-2022,"Middle School Teachers, Except Special and Career/Technical Education",1.284328,2341,Primary school teachers,1.0,1.284328,422113,Kaiāwhina Kohanga Reo (Māori Language Nest Assistant),6.0,0.21405466666666664
25-2022,"Middle School Teachers, Except Special and Career/Technical Education",1.284328,2341,Primary school teachers,1.0,1.284328,422114,Kaiāwhina Kura Kaupapa Māori (Māori-medium School Assistant),6.0,0.21405466666666664
25-2023,"Career/Technical Education Teachers, Middle School",0.6469598,2320,Vocational education teachers,1.0,0.6469598,242211,Vocational Education Teacher / Polytechnic Teacher,1.0,0.6469598
25-2031,"Secondary School Teachers, Except Special and Career/Technical Education",1.248528,2330,Secondary education teachers,1.0,1.248528,241311,Middle School Teacher / Intermediate School Teacher,2.0,0.624264
25-2031,"Secondary School Teachers, Except Special and Career/Technical Education",1.248528,2330,Secondary education teachers,1.0,1.248528,241411,Secondary School Teacher,2.0,0.624264
25-2032,"Career/Technical Education Teachers, Secondary School",0.4222647,2320,Vocational education teachers,1.0,0.4222647,242211,Vocational Education Teacher / Polytechnic Teacher,1.0,0.4222647
25-2051,"Special Education Teachers, Preschool",0.6546578,2352,Special needs teachers,1.0,0.6546578,241511,Special Needs Teacher,4.0,0.16366445
25-2051,"Special Education Teachers, Preschool",0.6546578,2352,Special needs teachers,1.0,0.6546578,241512,Teacher of the Hearing Impaired,4.0,0.16366445
25-2051,"Special Education Teachers, Preschool",0.6546578,2352,Special needs teachers,1.0,0.6546578,241513,Teacher of the Sight Impaired,4.0,0.16366445
25-2051,"Special Education Teachers, Preschool",0.6546578,2352,Special needs teachers,1.0,0.6546578,241599,Special Education Teachers nec,4.0,0.16366445
25-2052,"Special Education Teachers, Kindergarten and Elementary School",0.9371846,2352,Special needs teachers,1.0,0.9371846,241511,Special Needs Teacher,4.0,0.23429615
25-2052,"Special Education Teachers, Kindergarten and Elementary School",0.9371846,2352,Special needs teachers,1.0,0.9371846,241512,Teacher of the Hearing Impaired,4.0,0.23429615
25-2052,"Special Education Teachers, Kindergarten and Elementary School",0.9371846,2352,Special needs teachers,1.0,0.9371846,241513,Teacher of the Sight Impaired,4.0,0.23429615
25-2052,"Special Education Teachers, Kindergarten and Elementary School",0.9371846,2352,Special needs teachers,1.0,0.9371846,241599,Special Education Teachers nec,4.0,0.23429615
25-2053,"Special Education Teachers, Middle School",1.334401,2352,Special needs teachers,1.0,1.334401,241511,Special Needs Teacher,4.0,0.33360025
25-2053,"Special Education Teachers, Middle School",1.334401,2352,Special needs teachers,1.0,1.334401,241512,Teacher of the Hearing Impaired,4.0,0.33360025
25-2053,"Special Education Teachers, Middle School",1.334401,2352,Special needs teachers,1.0,1.334401,241513,Teacher of the Sight Impaired,4.0,0.33360025
25-2053,"Special Education Teachers, Middle School",1.334401,2352,Special needs teachers,1.0,1.334401,241599,Special Education Teachers nec,4.0,0.33360025
25-2054,"Special Education Teachers, Secondary School",0.9999323,2352,Special needs teachers,1.0,0.9999323,241511,Special Needs Teacher,4.0,0.249983075
25-2054,"Special Education Teachers, Secondary School",0.9999323,2352,Special needs teachers,1.0,0.9999323,241512,Teacher of the Hearing Impaired,4.0,0.249983075
25-2054,"Special Education Teachers, Secondary School",0.9999323,2352,Special needs teachers,1.0,0.9999323,241513,Teacher of the Sight Impaired,4.0,0.249983075
25-2054,"Special Education Teachers, Secondary School",0.9999323,2352,Special needs teachers,1.0,0.9999323,241599,Special Education Teachers nec,4.0,0.249983075
25-2059,"Special Education Teachers, All Other",-0.2361226,2352,Special needs teachers,1.0,-0.2361226,241511,Special Needs Teacher,4.0,-0.05903065
25-2059,"Special Education Teachers, All Other",-0.2361226,2352,Special needs teachers,1.0,-0.2361226,241512,Teacher of the Hearing Impaired,4.0,-0.05903065
25-2059,"Special Education Teachers, All Other",-0.2361226,2352,Special needs teachers,1.0,-0.2361226,241513,Teacher of the Sight Impaired,4.0,-0.05903065
25-2059,"Special Education Teachers, All Other",-0.2361226,2352,Special needs teachers,1.0,-0.2361226,241599,Special Education Teachers nec,4.0,-0.05903065
25-3011,Adult Basic and Secondary Education and Literacy Teachers and Instructors,1.440082,2353,Other language teachers,1.0,1.440082,249299,Private Tutors and Teachers nec,2.0,0.720041
25-3011,Adult Basic and Secondary Education and Literacy Teachers and Instructors,1.440082,2353,Other language teachers,1.0,1.440082,249311,Teacher of English to Speakers of Other Languages,2.0,0.720041
25-3021,Self-Enrichment Education Teachers,0.824783,2353,Other language teachers,6.0,0.13746383333333334,249299,Private Tutors and Teachers nec,2.0,0.06873191666666667
25-3021,Self-Enrichment Education Teachers,0.824783,2353,Other language teachers,6.0,0.13746383333333334,249311,Teacher of English to Speakers of Other Languages,2.0,0.06873191666666667
25-3021,Self-Enrichment Education Teachers,0.824783,2354,Other music teachers,6.0,0.13746383333333334,249214,Music Teacher (Private Tuition),1.0,0.13746383333333334
25-3021,Self-Enrichment Education Teachers,0.824783,2355,Other arts teachers,6.0,0.13746383333333334,249211,Art Teacher (Private Tuition),3.0,0.04582127777777778
25-3021,Self-Enrichment Education Teachers,0.824783,2355,Other arts teachers,6.0,0.13746383333333334,249212,Dance Teacher (Private Tuition),3.0,0.04582127777777778
25-3021,Self-Enrichment Education Teachers,0.824783,2355,Other arts teachers,6.0,0.13746383333333334,249213,Drama Teacher (Private Tuition),3.0,0.04582127777777778
25-3021,Self-Enrichment Education Teachers,0.824783,3422,"Sports coaches, instructors and officials",6.0,0.13746383333333334,452311,Diving Instructor (Open Water),10.0,0.013746383333333334
25-3021,Self-Enrichment Education Teachers,0.824783,3422,"Sports coaches, instructors and officials",6.0,0.13746383333333334,452312,Gymnastics Coach or Instructor,10.0,0.013746383333333334
25-3021,Self-Enrichment Education Teachers,0.824783,3422,"Sports coaches, instructors and officials",6.0,0.13746383333333334,452314,Snowsport Instructor,10.0,0.013746383333333334
25-3021,Self-Enrichment Education Teachers,0.824783,3422,"Sports coaches, instructors and officials",6.0,0.13746383333333334,452315,Swimming Coach or Instructor,10.0,0.013746383333333334
25-3021,Self-Enrichment Education Teachers,0.824783,3422,"Sports coaches, instructors and officials",6.0,0.13746383333333334,452316,Tennis Coach,10.0,0.013746383333333334
25-3021,Self-Enrichment Education Teachers,0.824783,3422,"Sports coaches, instructors and officials",6.0,0.13746383333333334,452317,Other Sports Coach or Instructor,10.0,0.013746383333333334
25-3021,Self-Enrichment Education Teachers,0.824783,3422,"Sports coaches, instructors and officials",6.0,0.13746383333333334,452318,Dog and Horse Racing Official,10.0,0.013746383333333334
25-3021,Self-Enrichment Education Teachers,0.824783,3422,"Sports coaches, instructors and officials",6.0,0.13746383333333334,452321,Sports Development Officer,10.0,0.013746383333333334
25-3021,Self-Enrichment Education Teachers,0.824783,3422,"Sports coaches, instructors and officials",6.0,0.13746383333333334,452322,Sports Umpire,10.0,0.013746383333333334
25-3021,Self-Enrichment Education Teachers,0.824783,3422,"Sports coaches, instructors and officials",6.0,0.13746383333333334,452323,Other Sports Official,10.0,0.013746383333333334
25-3021,Self-Enrichment Education Teachers,0.824783,3423,Fitness and recreation instructors and program leaders,6.0,0.13746383333333334,452111,Fitness Instructor,10.0,0.013746383333333334
25-3021,Self-Enrichment Education Teachers,0.824783,3423,Fitness and recreation instructors and program leaders,6.0,0.13746383333333334,452211,Bungy Jump Master,10.0,0.013746383333333334
25-3021,Self-Enrichment Education Teachers,0.824783,3423,Fitness and recreation instructors and program leaders,6.0,0.13746383333333334,452212,Fishing Guide,10.0,0.013746383333333334
25-3021,Self-Enrichment Education Teachers,0.824783,3423,Fitness and recreation instructors and program leaders,6.0,0.13746383333333334,452213,Hunting Guide,10.0,0.013746383333333334
25-3021,Self-Enrichment Education Teachers,0.824783,3423,Fitness and recreation instructors and program leaders,6.0,0.13746383333333334,452214,Mountain or Glacier Guide,10.0,0.013746383333333334
25-3021,Self-Enrichment Education Teachers,0.824783,3423,Fitness and recreation instructors and program leaders,6.0,0.13746383333333334,452215,Outdoor Adventure Instructor,10.0,0.013746383333333334
25-3021,Self-Enrichment Education Teachers,0.824783,3423,Fitness and recreation instructors and program leaders,6.0,0.13746383333333334,452216,Trekking Guide,10.0,0.013746383333333334
25-3021,Self-Enrichment Education Teachers,0.824783,3423,Fitness and recreation instructors and program leaders,6.0,0.13746383333333334,452217,Whitewater Rafting Guide,10.0,0.013746383333333334
25-3021,Self-Enrichment Education Teachers,0.824783,3423,Fitness and recreation instructors and program leaders,6.0,0.13746383333333334,452299,Outdoor Adventure Guides nec,10.0,0.013746383333333334
25-3021,Self-Enrichment Education Teachers,0.824783,3423,Fitness and recreation instructors and program leaders,6.0,0.13746383333333334,452313,Horse Riding Coach or Instructor,10.0,0.013746383333333334
25-3021,Self-Enrichment Education Teachers,0.824783,5165,Driving instructors,6.0,0.13746383333333334,451211,Driving Instructor,1.0,0.13746383333333334
25-3099,"Teachers and Instructors, All Other",1.486138,2359,Teaching professionals not elsewhere classified,3.0,0.49537933333333334,249299,Private Tutors and Teachers nec,2.0,0.24768966666666667
25-3099,"Teachers and Instructors, All Other",1.486138,2359,Teaching professionals not elsewhere classified,3.0,0.49537933333333334,272115,Student Counsellor,2.0,0.24768966666666667
25-3099,"Teachers and Instructors, All Other",1.486138,2353,Other language teachers,3.0,0.49537933333333334,249299,Private Tutors and Teachers nec,2.0,0.24768966666666667
25-3099,"Teachers and Instructors, All Other",1.486138,2353,Other language teachers,3.0,0.49537933333333334,249311,Teacher of English to Speakers of Other Languages,2.0,0.24768966666666667
25-3099,"Teachers and Instructors, All Other",1.486138,2355,Other arts teachers,3.0,0.49537933333333334,249211,Art Teacher (Private Tuition),3.0,0.16512644444444444
25-3099,"Teachers and Instructors, All Other",1.486138,2355,Other arts teachers,3.0,0.49537933333333334,249212,Dance Teacher (Private Tuition),3.0,0.16512644444444444
25-3099,"Teachers and Instructors, All Other",1.486138,2355,Other arts teachers,3.0,0.49537933333333334,249213,Drama Teacher (Private Tuition),3.0,0.16512644444444444
25-4011,Archivists,0.6928958,2621,Archivists and curators,1.0,0.6928958,224211,Archivist,4.0,0.17322395
25-4011,Archivists,0.6928958,2621,Archivists and curators,1.0,0.6928958,224212,Gallery or Museum Curator,4.0,0.17322395
25-4011,Archivists,0.6928958,2621,Archivists and curators,1.0,0.6928958,224214,Records Manager,4.0,0.17322395
25-4011,Archivists,0.6928958,2621,Archivists and curators,1.0,0.6928958,234911,Conservator,4.0,0.17322395
25-4012,Curators,0.6558576,2621,Archivists and curators,1.0,0.6558576,224211,Archivist,4.0,0.1639644
25-4012,Curators,0.6558576,2621,Archivists and curators,1.0,0.6558576,224212,Gallery or Museum Curator,4.0,0.1639644
25-4012,Curators,0.6558576,2621,Archivists and curators,1.0,0.6558576,224214,Records Manager,4.0,0.1639644
25-4012,Curators,0.6558576,2621,Archivists and curators,1.0,0.6558576,234911,Conservator,4.0,0.1639644
25-4013,Museum Technicians and Conservators,-0.1107287,3433,"Gallery, museum and library technicians",1.0,-0.1107287,399311,Gallery or Museum Technician,2.0,-0.05536435
25-4013,Museum Technicians and Conservators,-0.1107287,3433,"Gallery, museum and library technicians",1.0,-0.1107287,399312,Library Technician,2.0,-0.05536435
25-4021,Librarians,0.9777895,2622,Librarians and related information professionals,1.0,0.9777895,224214,Records Manager,3.0,0.3259298333333333
25-4021,Librarians,0.9777895,2622,Librarians and related information professionals,1.0,0.9777895,224611,Librarian,3.0,0.3259298333333333
25-4021,Librarians,0.9777895,2622,Librarians and related information professionals,1.0,0.9777895,224999,Information and Organisation Professionals nec,3.0,0.3259298333333333
25-4031,Library Technicians,0.1795232,3433,"Gallery, museum and library technicians",2.0,0.0897616,399311,Gallery or Museum Technician,2.0,0.0448808
25-4031,Library Technicians,0.1795232,3433,"Gallery, museum and library technicians",2.0,0.0897616,399312,Library Technician,2.0,0.0448808
25-4031,Library Technicians,0.1795232,4411,Library clerks,2.0,0.0897616,599711,Library Assistant,1.0,0.0897616
25-9011,Audio-Visual and Multimedia Collections Specialists,0.272109,2622,Librarians and related information professionals,1.0,0.272109,224214,Records Manager,3.0,0.09070299999999999
25-9011,Audio-Visual and Multimedia Collections Specialists,0.272109,2622,Librarians and related information professionals,1.0,0.272109,224611,Librarian,3.0,0.09070299999999999
25-9011,Audio-Visual and Multimedia Collections Specialists,0.272109,2622,Librarians and related information professionals,1.0,0.272109,224999,Information and Organisation Professionals nec,3.0,0.09070299999999999
25-9021,Farm and Home Management Advisors,0.7838627,2132,"Farming, forestry and fisheries advisers",1.0,0.7838627,234111,Agricultural Consultant,6.0,0.13064378333333335
25-9021,Farm and Home Management Advisors,0.7838627,2132,"Farming, forestry and fisheries advisers",1.0,0.7838627,234113,Forester / Forest Scientist,6.0,0.13064378333333335
25-9021,Farm and Home Management Advisors,0.7838627,2132,"Farming, forestry and fisheries advisers",1.0,0.7838627,234114,Agricultural Research Scientist,6.0,0.13064378333333335
25-9021,Farm and Home Management Advisors,0.7838627,2132,"Farming, forestry and fisheries advisers",1.0,0.7838627,234115,Agronomist,6.0,0.13064378333333335
25-9021,Farm and Home Management Advisors,0.7838627,2132,"Farming, forestry and fisheries advisers",1.0,0.7838627,234116,Aquaculture or Fisheries Scientist,6.0,0.13064378333333335
25-9021,Farm and Home Management Advisors,0.7838627,2132,"Farming, forestry and fisheries advisers",1.0,0.7838627,234399,Environmental Scientists nec,6.0,0.13064378333333335
25-9031,Instructional Coordinators,1.32382,2351,Education methods specialists,1.0,1.32382,249111,Education Adviser,2.0,0.66191
25-9031,Instructional Coordinators,1.32382,2351,Education methods specialists,1.0,1.32382,249112,Education Reviewer,2.0,0.66191
25-9041,Teacher Assistants,0.7475703,5312,Teachers' aides,1.0,0.7475703,422111,Aboriginal and Torres Strait Islander Education Worker,6.0,0.12459505
25-9041,Teacher Assistants,0.7475703,5312,Teachers' aides,1.0,0.7475703,422112,Integration Aide,6.0,0.12459505
25-9041,Teacher Assistants,0.7475703,5312,Teachers' aides,1.0,0.7475703,422113,Kaiāwhina Kohanga Reo (Māori Language Nest Assistant),6.0,0.12459505
25-9041,Teacher Assistants,0.7475703,5312,Teachers' aides,1.0,0.7475703,422114,Kaiāwhina Kura Kaupapa Māori (Māori-medium School Assistant),6.0,0.12459505
25-9041,Teacher Assistants,0.7475703,5312,Teachers' aides,1.0,0.7475703,422115,Preschool Aide,6.0,0.12459505
25-9041,Teacher Assistants,0.7475703,5312,Teachers' aides,1.0,0.7475703,422116,Teachers' Aide,6.0,0.12459505
27-1011,Art Directors,0.727281,2654,"Film, stage and related directors and producers",1.0,0.727281,212111,Artistic Director,10.0,0.07272809999999999
27-1011,Art Directors,0.727281,2654,"Film, stage and related directors and producers",1.0,0.727281,212112,Media Producer (excluding Video),10.0,0.07272809999999999
27-1011,Art Directors,0.727281,2654,"Film, stage and related directors and producers",1.0,0.727281,212311,"Art Director (Film, Television or Stage)",10.0,0.07272809999999999
27-1011,Art Directors,0.727281,2654,"Film, stage and related directors and producers",1.0,0.727281,212312,"Director (Film, Television, Radio or Stage)",10.0,0.07272809999999999
27-1011,Art Directors,0.727281,2654,"Film, stage and related directors and producers",1.0,0.727281,212313,Director of Photography,10.0,0.07272809999999999
27-1011,Art Directors,0.727281,2654,"Film, stage and related directors and producers",1.0,0.727281,212314,Film and Video Editor,10.0,0.07272809999999999
27-1011,Art Directors,0.727281,2654,"Film, stage and related directors and producers",1.0,0.727281,212315,Program Director (Television or Radio),10.0,0.07272809999999999
27-1011,Art Directors,0.727281,2654,"Film, stage and related directors and producers",1.0,0.727281,212317,Technical Director,10.0,0.07272809999999999
27-1011,Art Directors,0.727281,2654,"Film, stage and related directors and producers",1.0,0.727281,212318,Video Producer,10.0,0.07272809999999999
27-1011,Art Directors,0.727281,2654,"Film, stage and related directors and producers",1.0,0.727281,212399,"Film, Television, Radio and Stage Directors nec",10.0,0.07272809999999999
27-1012,Craft Artists,-0.9173622,2651,Visual artists,5.0,-0.18347244000000001,211411,Painter (Visual Arts),4.0,-0.045868110000000004
27-1012,Craft Artists,-0.9173622,2651,Visual artists,5.0,-0.18347244000000001,211412,Potter or Ceramic Artist,4.0,-0.045868110000000004
27-1012,Craft Artists,-0.9173622,2651,Visual artists,5.0,-0.18347244000000001,211413,Sculptor,4.0,-0.045868110000000004
27-1012,Craft Artists,-0.9173622,2651,Visual artists,5.0,-0.18347244000000001,232412,Illustrator,4.0,-0.045868110000000004
27-1012,Craft Artists,-0.9173622,3433,"Gallery, museum and library technicians",5.0,-0.18347244000000001,399311,Gallery or Museum Technician,2.0,-0.09173622000000001
27-1012,Craft Artists,-0.9173622,3433,"Gallery, museum and library technicians",5.0,-0.18347244000000001,399312,Library Technician,2.0,-0.09173622000000001
27-1012,Craft Artists,-0.9173622,7314,Potters and related workers,5.0,-0.18347244000000001,211412,Potter or Ceramic Artist,1.0,-0.18347244000000001
27-1012,Craft Artists,-0.9173622,7317,"Handicraft workers in wood, basketry and related materials",5.0,-0.18347244000000001,211499,Visual Arts and Crafts Professionals nec,2.0,-0.09173622000000001
27-1012,Craft Artists,-0.9173622,7317,"Handicraft workers in wood, basketry and related materials",5.0,-0.18347244000000001,394299,Wood Machinists and Other Wood Trades Workers nec,2.0,-0.09173622000000001
27-1012,Craft Artists,-0.9173622,7319,Handicraft workers not elsewhere classified,5.0,-0.18347244000000001,211499,Visual Arts and Crafts Professionals nec,1.0,-0.18347244000000001
27-1013,"Fine Artists, Including Painters, Sculptors, and Illustrators",-0.6984655,2651,Visual artists,2.0,-0.34923275,211411,Painter (Visual Arts),4.0,-0.0873081875
27-1013,"Fine Artists, Including Painters, Sculptors, and Illustrators",-0.6984655,2651,Visual artists,2.0,-0.34923275,211412,Potter or Ceramic Artist,4.0,-0.0873081875
27-1013,"Fine Artists, Including Painters, Sculptors, and Illustrators",-0.6984655,2651,Visual artists,2.0,-0.34923275,211413,Sculptor,4.0,-0.0873081875
27-1013,"Fine Artists, Including Painters, Sculptors, and Illustrators",-0.6984655,2651,Visual artists,2.0,-0.34923275,232412,Illustrator,4.0,-0.0873081875
27-1013,"Fine Artists, Including Painters, Sculptors, and Illustrators",-0.6984655,3118,Draughtspersons,2.0,-0.34923275,312111,Architectural Draftsperson,7.0,-0.049890392857142855
27-1013,"Fine Artists, Including Painters, Sculptors, and Illustrators",-0.6984655,3118,Draughtspersons,2.0,-0.34923275,312116,Surveying or Spatial Science Technician,7.0,-0.049890392857142855
27-1013,"Fine Artists, Including Painters, Sculptors, and Illustrators",-0.6984655,3118,Draughtspersons,2.0,-0.34923275,312211,Civil Engineering Draftsperson,7.0,-0.049890392857142855
27-1013,"Fine Artists, Including Painters, Sculptors, and Illustrators",-0.6984655,3118,Draughtspersons,2.0,-0.34923275,312311,Electrical Engineering Draftsperson,7.0,-0.049890392857142855
27-1013,"Fine Artists, Including Painters, Sculptors, and Illustrators",-0.6984655,3118,Draughtspersons,2.0,-0.34923275,312411,Electronic Engineering Draftsperson,7.0,-0.049890392857142855
27-1013,"Fine Artists, Including Painters, Sculptors, and Illustrators",-0.6984655,3118,Draughtspersons,2.0,-0.34923275,312511,Mechanical Engineering Draftsperson,7.0,-0.049890392857142855
27-1013,"Fine Artists, Including Painters, Sculptors, and Illustrators",-0.6984655,3118,Draughtspersons,2.0,-0.34923275,312914,Other Draftsperson,7.0,-0.049890392857142855
27-1014,Multimedia Artists and Animators,0.4317718,2166,Graphic and multimedia designers,1.0,0.4317718,232411,Graphic Designer,4.0,0.10794295
27-1014,Multimedia Artists and Animators,0.4317718,2166,Graphic and multimedia designers,1.0,0.4317718,232412,Illustrator,4.0,0.10794295
27-1014,Multimedia Artists and Animators,0.4317718,2166,Graphic and multimedia designers,1.0,0.4317718,232413,Multimedia Designer,4.0,0.10794295
27-1014,Multimedia Artists and Animators,0.4317718,2166,Graphic and multimedia designers,1.0,0.4317718,232414,Web Designer,4.0,0.10794295
27-1021,Commercial and Industrial Designers,0.5598583,2163,Product and garment designers,1.0,0.5598583,232311,Fashion Designer,3.0,0.18661943333333333
27-1021,Commercial and Industrial Designers,0.5598583,2163,Product and garment designers,1.0,0.5598583,232312,Industrial Designer,3.0,0.18661943333333333
27-1021,Commercial and Industrial Designers,0.5598583,2163,Product and garment designers,1.0,0.5598583,232313,Jewellery Designer,3.0,0.18661943333333333
27-1022,Fashion Designers,0.5077618,2163,Product and garment designers,1.0,0.5077618,232311,Fashion Designer,3.0,0.16925393333333336
27-1022,Fashion Designers,0.5077618,2163,Product and garment designers,1.0,0.5077618,232312,Industrial Designer,3.0,0.16925393333333336
27-1022,Fashion Designers,0.5077618,2163,Product and garment designers,1.0,0.5077618,232313,Jewellery Designer,3.0,0.16925393333333336
27-1023,Floral Designers,-0.2188882,7549,Craft and related workers not elsewhere classified,1.0,-0.2188882,362111,Florist,3.0,-0.07296273333333333
27-1023,Floral Designers,-0.2188882,7549,Craft and related workers not elsewhere classified,1.0,-0.2188882,399914,Optical Mechanic,3.0,-0.07296273333333333
27-1023,Floral Designers,-0.2188882,7549,Craft and related workers not elsewhere classified,1.0,-0.2188882,399999,Technicians and Trades Workers nec,3.0,-0.07296273333333333
27-1024,Graphic Designers,0.5274013,2166,Graphic and multimedia designers,1.0,0.5274013,232411,Graphic Designer,4.0,0.131850325
27-1024,Graphic Designers,0.5274013,2166,Graphic and multimedia designers,1.0,0.5274013,232412,Illustrator,4.0,0.131850325
27-1024,Graphic Designers,0.5274013,2166,Graphic and multimedia designers,1.0,0.5274013,232413,Multimedia Designer,4.0,0.131850325
27-1024,Graphic Designers,0.5274013,2166,Graphic and multimedia designers,1.0,0.5274013,232414,Web Designer,4.0,0.131850325
27-1025,Interior Designers,0.8219336,3432,Interior designers and decorators,1.0,0.8219336,232511,Interior Designer,3.0,0.2739778666666667
27-1025,Interior Designers,0.8219336,3432,Interior designers and decorators,1.0,0.8219336,399912,Interior Decorator,3.0,0.2739778666666667
27-1025,Interior Designers,0.8219336,3432,Interior designers and decorators,1.0,0.8219336,639511,Visual Merchandiser,3.0,0.2739778666666667
27-1026,Merchandise Displayers and Window Trimmers,-0.7348464,3432,Interior designers and decorators,1.0,-0.7348464,232511,Interior Designer,3.0,-0.2449488
27-1026,Merchandise Displayers and Window Trimmers,-0.7348464,3432,Interior designers and decorators,1.0,-0.7348464,399912,Interior Decorator,3.0,-0.2449488
27-1026,Merchandise Displayers and Window Trimmers,-0.7348464,3432,Interior designers and decorators,1.0,-0.7348464,639511,Visual Merchandiser,3.0,-0.2449488
27-1027,Set and Exhibit Designers,-0.1602642,3432,Interior designers and decorators,1.0,-0.1602642,232511,Interior Designer,3.0,-0.0534214
27-1027,Set and Exhibit Designers,-0.1602642,3432,Interior designers and decorators,1.0,-0.1602642,399912,Interior Decorator,3.0,-0.0534214
27-1027,Set and Exhibit Designers,-0.1602642,3432,Interior designers and decorators,1.0,-0.1602642,639511,Visual Merchandiser,3.0,-0.0534214
27-2011,Actors,0.5784018,2655,Actors,1.0,0.5784018,211111,Actor,2.0,0.2892009
27-2011,Actors,0.5784018,2655,Actors,1.0,0.5784018,211199,"Actors, Dancers and Other Entertainers nec",2.0,0.2892009
27-2012,Producers and Directors,0.8597838,2654,"Film, stage and related directors and producers",1.0,0.8597838,212111,Artistic Director,10.0,0.08597838
27-2012,Producers and Directors,0.8597838,2654,"Film, stage and related directors and producers",1.0,0.8597838,212112,Media Producer (excluding Video),10.0,0.08597838
27-2012,Producers and Directors,0.8597838,2654,"Film, stage and related directors and producers",1.0,0.8597838,212311,"Art Director (Film, Television or Stage)",10.0,0.08597838
27-2012,Producers and Directors,0.8597838,2654,"Film, stage and related directors and producers",1.0,0.8597838,212312,"Director (Film, Television, Radio or Stage)",10.0,0.08597838
27-2012,Producers and Directors,0.8597838,2654,"Film, stage and related directors and producers",1.0,0.8597838,212313,Director of Photography,10.0,0.08597838
27-2012,Producers and Directors,0.8597838,2654,"Film, stage and related directors and producers",1.0,0.8597838,212314,Film and Video Editor,10.0,0.08597838
27-2012,Producers and Directors,0.8597838,2654,"Film, stage and related directors and producers",1.0,0.8597838,212315,Program Director (Television or Radio),10.0,0.08597838
27-2012,Producers and Directors,0.8597838,2654,"Film, stage and related directors and producers",1.0,0.8597838,212317,Technical Director,10.0,0.08597838
27-2012,Producers and Directors,0.8597838,2654,"Film, stage and related directors and producers",1.0,0.8597838,212318,Video Producer,10.0,0.08597838
27-2012,Producers and Directors,0.8597838,2654,"Film, stage and related directors and producers",1.0,0.8597838,212399,"Film, Television, Radio and Stage Directors nec",10.0,0.08597838
27-2021,Athletes and Sports Competitors,-1.290383,3421,Athletes and sports players,1.0,-1.290383,452411,Footballer,4.0,-0.32259575
27-2021,Athletes and Sports Competitors,-1.290383,3421,Athletes and sports players,1.0,-1.290383,452412,Golfer,4.0,-0.32259575
27-2021,Athletes and Sports Competitors,-1.290383,3421,Athletes and sports players,1.0,-1.290383,452413,Jockey,4.0,-0.32259575
27-2021,Athletes and Sports Competitors,-1.290383,3421,Athletes and sports players,1.0,-1.290383,452499,Sportspersons nec,4.0,-0.32259575
27-2022,Coaches and Scouts,0.3188508,3422,"Sports coaches, instructors and officials",1.0,0.3188508,452311,Diving Instructor (Open Water),10.0,0.031885079999999996
27-2022,Coaches and Scouts,0.3188508,3422,"Sports coaches, instructors and officials",1.0,0.3188508,452312,Gymnastics Coach or Instructor,10.0,0.031885079999999996
27-2022,Coaches and Scouts,0.3188508,3422,"Sports coaches, instructors and officials",1.0,0.3188508,452314,Snowsport Instructor,10.0,0.031885079999999996
27-2022,Coaches and Scouts,0.3188508,3422,"Sports coaches, instructors and officials",1.0,0.3188508,452315,Swimming Coach or Instructor,10.0,0.031885079999999996
27-2022,Coaches and Scouts,0.3188508,3422,"Sports coaches, instructors and officials",1.0,0.3188508,452316,Tennis Coach,10.0,0.031885079999999996
27-2022,Coaches and Scouts,0.3188508,3422,"Sports coaches, instructors and officials",1.0,0.3188508,452317,Other Sports Coach or Instructor,10.0,0.031885079999999996
27-2022,Coaches and Scouts,0.3188508,3422,"Sports coaches, instructors and officials",1.0,0.3188508,452318,Dog and Horse Racing Official,10.0,0.031885079999999996
27-2022,Coaches and Scouts,0.3188508,3422,"Sports coaches, instructors and officials",1.0,0.3188508,452321,Sports Development Officer,10.0,0.031885079999999996
27-2022,Coaches and Scouts,0.3188508,3422,"Sports coaches, instructors and officials",1.0,0.3188508,452322,Sports Umpire,10.0,0.031885079999999996
27-2022,Coaches and Scouts,0.3188508,3422,"Sports coaches, instructors and officials",1.0,0.3188508,452323,Other Sports Official,10.0,0.031885079999999996
27-2023,"Umpires, Referees, and Other Sports Officials",-0.1454976,3422,"Sports coaches, instructors and officials",1.0,-0.1454976,452311,Diving Instructor (Open Water),10.0,-0.01454976
27-2023,"Umpires, Referees, and Other Sports Officials",-0.1454976,3422,"Sports coaches, instructors and officials",1.0,-0.1454976,452312,Gymnastics Coach or Instructor,10.0,-0.01454976
27-2023,"Umpires, Referees, and Other Sports Officials",-0.1454976,3422,"Sports coaches, instructors and officials",1.0,-0.1454976,452314,Snowsport Instructor,10.0,-0.01454976
27-2023,"Umpires, Referees, and Other Sports Officials",-0.1454976,3422,"Sports coaches, instructors and officials",1.0,-0.1454976,452315,Swimming Coach or Instructor,10.0,-0.01454976
27-2023,"Umpires, Referees, and Other Sports Officials",-0.1454976,3422,"Sports coaches, instructors and officials",1.0,-0.1454976,452316,Tennis Coach,10.0,-0.01454976
27-2023,"Umpires, Referees, and Other Sports Officials",-0.1454976,3422,"Sports coaches, instructors and officials",1.0,-0.1454976,452317,Other Sports Coach or Instructor,10.0,-0.01454976
27-2023,"Umpires, Referees, and Other Sports Officials",-0.1454976,3422,"Sports coaches, instructors and officials",1.0,-0.1454976,452318,Dog and Horse Racing Official,10.0,-0.01454976
27-2023,"Umpires, Referees, and Other Sports Officials",-0.1454976,3422,"Sports coaches, instructors and officials",1.0,-0.1454976,452321,Sports Development Officer,10.0,-0.01454976
27-2023,"Umpires, Referees, and Other Sports Officials",-0.1454976,3422,"Sports coaches, instructors and officials",1.0,-0.1454976,452322,Sports Umpire,10.0,-0.01454976
27-2023,"Umpires, Referees, and Other Sports Officials",-0.1454976,3422,"Sports coaches, instructors and officials",1.0,-0.1454976,452323,Other Sports Official,10.0,-0.01454976
27-2031,Dancers,-1.79308,2653,Dancers and choreographers,1.0,-1.79308,211112,Dancer or Choreographer,1.0,-1.79308
27-2032,Choreographers,-0.8860701,2653,Dancers and choreographers,1.0,-0.8860701,211112,Dancer or Choreographer,1.0,-0.8860701
27-2041,Music Directors and Composers,1.03168,2652,"Musicians, singers and composers",1.0,1.03168,211113,Entertainer or Variety Artist,6.0,0.17194666666666666
27-2041,Music Directors and Composers,1.03168,2652,"Musicians, singers and composers",1.0,1.03168,211211,Composer,6.0,0.17194666666666666
27-2041,Music Directors and Composers,1.03168,2652,"Musicians, singers and composers",1.0,1.03168,211212,Music Director,6.0,0.17194666666666666
27-2041,Music Directors and Composers,1.03168,2652,"Musicians, singers and composers",1.0,1.03168,211213,Musician (Instrumental),6.0,0.17194666666666666
27-2041,Music Directors and Composers,1.03168,2652,"Musicians, singers and composers",1.0,1.03168,211214,Singer,6.0,0.17194666666666666
27-2041,Music Directors and Composers,1.03168,2652,"Musicians, singers and composers",1.0,1.03168,211299,Music Professionals nec,6.0,0.17194666666666666
27-2042,Musicians and Singers,0.2904993,2652,"Musicians, singers and composers",1.0,0.2904993,211113,Entertainer or Variety Artist,6.0,0.04841655
27-2042,Musicians and Singers,0.2904993,2652,"Musicians, singers and composers",1.0,0.2904993,211211,Composer,6.0,0.04841655
27-2042,Musicians and Singers,0.2904993,2652,"Musicians, singers and composers",1.0,0.2904993,211212,Music Director,6.0,0.04841655
27-2042,Musicians and Singers,0.2904993,2652,"Musicians, singers and composers",1.0,0.2904993,211213,Musician (Instrumental),6.0,0.04841655
27-2042,Musicians and Singers,0.2904993,2652,"Musicians, singers and composers",1.0,0.2904993,211214,Singer,6.0,0.04841655
27-2042,Musicians and Singers,0.2904993,2652,"Musicians, singers and composers",1.0,0.2904993,211299,Music Professionals nec,6.0,0.04841655
27-3011,Radio and Television Announcers,1.123739,2656,"Announcers on radio, television and other media",1.0,1.123739,212113,Radio Presenter,2.0,0.5618695
27-3011,Radio and Television Announcers,1.123739,2656,"Announcers on radio, television and other media",1.0,1.123739,212114,Television Presenter,2.0,0.5618695
27-3012,Public Address System and Other Announcers,0.7731112,2656,"Announcers on radio, television and other media",1.0,0.7731112,212113,Radio Presenter,2.0,0.3865556
27-3012,Public Address System and Other Announcers,0.7731112,2656,"Announcers on radio, television and other media",1.0,0.7731112,212114,Television Presenter,2.0,0.3865556
27-3021,Broadcast News Analysts,1.229622,2656,"Announcers on radio, television and other media",1.0,1.229622,212113,Radio Presenter,2.0,0.614811
27-3021,Broadcast News Analysts,1.229622,2656,"Announcers on radio, television and other media",1.0,1.229622,212114,Television Presenter,2.0,0.614811
27-3022,Reporters and Correspondents,1.47074,2642,Journalists,1.0,1.47074,212412,Newspaper or Periodical Editor,5.0,0.29414799999999997
27-3022,Reporters and Correspondents,1.47074,2642,Journalists,1.0,1.47074,212413,Print Journalist,5.0,0.29414799999999997
27-3022,Reporters and Correspondents,1.47074,2642,Journalists,1.0,1.47074,212414,Radio Journalist,5.0,0.29414799999999997
27-3022,Reporters and Correspondents,1.47074,2642,Journalists,1.0,1.47074,212416,Television Journalist,5.0,0.29414799999999997
27-3022,Reporters and Correspondents,1.47074,2642,Journalists,1.0,1.47074,212499,Journalists and Other Writers nec,5.0,0.29414799999999997
27-3031,Public Relations Specialists,1.517637,2432,Public relations professionals,1.0,1.517637,212411,Copywriter,3.0,0.505879
27-3031,Public Relations Specialists,1.517637,2432,Public relations professionals,1.0,1.517637,224912,Liaison Officer,3.0,0.505879
27-3031,Public Relations Specialists,1.517637,2432,Public relations professionals,1.0,1.517637,225311,Public Relations Professional,3.0,0.505879
27-3041,Editors,1.190631,2641,Authors and related writers,2.0,0.5953155,212211,Author,4.0,0.148828875
27-3041,Editors,1.190631,2641,Authors and related writers,2.0,0.5953155,212212,Book or Script Editor,4.0,0.148828875
27-3041,Editors,1.190631,2641,Authors and related writers,2.0,0.5953155,212415,Technical Writer,4.0,0.148828875
27-3041,Editors,1.190631,2641,Authors and related writers,2.0,0.5953155,212499,Journalists and Other Writers nec,4.0,0.148828875
27-3041,Editors,1.190631,2642,Journalists,2.0,0.5953155,212412,Newspaper or Periodical Editor,5.0,0.1190631
27-3041,Editors,1.190631,2642,Journalists,2.0,0.5953155,212413,Print Journalist,5.0,0.1190631
27-3041,Editors,1.190631,2642,Journalists,2.0,0.5953155,212414,Radio Journalist,5.0,0.1190631
27-3041,Editors,1.190631,2642,Journalists,2.0,0.5953155,212416,Television Journalist,5.0,0.1190631
27-3041,Editors,1.190631,2642,Journalists,2.0,0.5953155,212499,Journalists and Other Writers nec,5.0,0.1190631
27-3042,Technical Writers,1.316551,2641,Authors and related writers,1.0,1.316551,212211,Author,4.0,0.32913775
27-3042,Technical Writers,1.316551,2641,Authors and related writers,1.0,1.316551,212212,Book or Script Editor,4.0,0.32913775
27-3042,Technical Writers,1.316551,2641,Authors and related writers,1.0,1.316551,212415,Technical Writer,4.0,0.32913775
27-3042,Technical Writers,1.316551,2641,Authors and related writers,1.0,1.316551,212499,Journalists and Other Writers nec,4.0,0.32913775
27-3043,Writers and Authors,1.170131,2641,Authors and related writers,2.0,0.5850655,212211,Author,4.0,0.146266375
27-3043,Writers and Authors,1.170131,2641,Authors and related writers,2.0,0.5850655,212212,Book or Script Editor,4.0,0.146266375
27-3043,Writers and Authors,1.170131,2641,Authors and related writers,2.0,0.5850655,212415,Technical Writer,4.0,0.146266375
27-3043,Writers and Authors,1.170131,2641,Authors and related writers,2.0,0.5850655,212499,Journalists and Other Writers nec,4.0,0.146266375
27-3043,Writers and Authors,1.170131,2431,Advertising and marketing professionals,2.0,0.5850655,212411,Copywriter,6.0,0.09751091666666667
27-3043,Writers and Authors,1.170131,2431,Advertising and marketing professionals,2.0,0.5850655,225111,Advertising Specialist,6.0,0.09751091666666667
27-3043,Writers and Authors,1.170131,2431,Advertising and marketing professionals,2.0,0.5850655,225112,Market Research Analyst,6.0,0.09751091666666667
27-3043,Writers and Authors,1.170131,2431,Advertising and marketing professionals,2.0,0.5850655,225113,Marketing Specialist,6.0,0.09751091666666667
27-3043,Writers and Authors,1.170131,2431,Advertising and marketing professionals,2.0,0.5850655,225114,Content Creator (Marketing),6.0,0.09751091666666667
27-3043,Writers and Authors,1.170131,2431,Advertising and marketing professionals,2.0,0.5850655,225115,Digital Marketing Analyst,6.0,0.09751091666666667
27-3091,Interpreters and Translators,1.351959,2643,"Translators, interpreters and other linguists",1.0,1.351959,272412,Interpreter,3.0,0.45065299999999997
27-3091,Interpreters and Translators,1.351959,2643,"Translators, interpreters and other linguists",1.0,1.351959,272413,Translator,3.0,0.45065299999999997
27-3091,Interpreters and Translators,1.351959,2643,"Translators, interpreters and other linguists",1.0,1.351959,272499,Social Professionals nec,3.0,0.45065299999999997
27-4011,Audio and Video Equipment Technicians,-0.120451,3521,Broadcasting and audio-visual technicians,1.0,-0.120451,342312,Communications Operator,8.0,-0.015056375
27-4011,Audio and Video Equipment Technicians,-0.120451,3521,Broadcasting and audio-visual technicians,1.0,-0.120451,399511,Broadcast Transmitter Operator,8.0,-0.015056375
27-4011,Audio and Video Equipment Technicians,-0.120451,3521,Broadcasting and audio-visual technicians,1.0,-0.120451,399512,"Camera Operator (Film, Television or Video)",8.0,-0.015056375
27-4011,Audio and Video Equipment Technicians,-0.120451,3521,Broadcasting and audio-visual technicians,1.0,-0.120451,399516,Sound Technician,8.0,-0.015056375
27-4011,Audio and Video Equipment Technicians,-0.120451,3521,Broadcasting and audio-visual technicians,1.0,-0.120451,399517,Television Equipment Operator,8.0,-0.015056375
27-4011,Audio and Video Equipment Technicians,-0.120451,3521,Broadcasting and audio-visual technicians,1.0,-0.120451,399599,Performing Arts Technicians nec,8.0,-0.015056375
27-4011,Audio and Video Equipment Technicians,-0.120451,3521,Broadcasting and audio-visual technicians,1.0,-0.120451,599912,"Production Assistant (Film, Television, Radio or Stage)",8.0,-0.015056375
27-4011,Audio and Video Equipment Technicians,-0.120451,3521,Broadcasting and audio-visual technicians,1.0,-0.120451,711912,Motion Picture Projectionist,8.0,-0.015056375
27-4012,Broadcast Technicians,-0.1105672,3521,Broadcasting and audio-visual technicians,1.0,-0.1105672,342312,Communications Operator,8.0,-0.0138209
27-4012,Broadcast Technicians,-0.1105672,3521,Broadcasting and audio-visual technicians,1.0,-0.1105672,399511,Broadcast Transmitter Operator,8.0,-0.0138209
27-4012,Broadcast Technicians,-0.1105672,3521,Broadcasting and audio-visual technicians,1.0,-0.1105672,399512,"Camera Operator (Film, Television or Video)",8.0,-0.0138209
27-4012,Broadcast Technicians,-0.1105672,3521,Broadcasting and audio-visual technicians,1.0,-0.1105672,399516,Sound Technician,8.0,-0.0138209
27-4012,Broadcast Technicians,-0.1105672,3521,Broadcasting and audio-visual technicians,1.0,-0.1105672,399517,Television Equipment Operator,8.0,-0.0138209
27-4012,Broadcast Technicians,-0.1105672,3521,Broadcasting and audio-visual technicians,1.0,-0.1105672,399599,Performing Arts Technicians nec,8.0,-0.0138209
27-4012,Broadcast Technicians,-0.1105672,3521,Broadcasting and audio-visual technicians,1.0,-0.1105672,599912,"Production Assistant (Film, Television, Radio or Stage)",8.0,-0.0138209
27-4012,Broadcast Technicians,-0.1105672,3521,Broadcasting and audio-visual technicians,1.0,-0.1105672,711912,Motion Picture Projectionist,8.0,-0.0138209
27-4013,Radio Operators,0.9408438,3521,Broadcasting and audio-visual technicians,1.0,0.9408438,342312,Communications Operator,8.0,0.117605475
27-4013,Radio Operators,0.9408438,3521,Broadcasting and audio-visual technicians,1.0,0.9408438,399511,Broadcast Transmitter Operator,8.0,0.117605475
27-4013,Radio Operators,0.9408438,3521,Broadcasting and audio-visual technicians,1.0,0.9408438,399512,"Camera Operator (Film, Television or Video)",8.0,0.117605475
27-4013,Radio Operators,0.9408438,3521,Broadcasting and audio-visual technicians,1.0,0.9408438,399516,Sound Technician,8.0,0.117605475
27-4013,Radio Operators,0.9408438,3521,Broadcasting and audio-visual technicians,1.0,0.9408438,399517,Television Equipment Operator,8.0,0.117605475
27-4013,Radio Operators,0.9408438,3521,Broadcasting and audio-visual technicians,1.0,0.9408438,399599,Performing Arts Technicians nec,8.0,0.117605475
27-4013,Radio Operators,0.9408438,3521,Broadcasting and audio-visual technicians,1.0,0.9408438,599912,"Production Assistant (Film, Television, Radio or Stage)",8.0,0.117605475
27-4013,Radio Operators,0.9408438,3521,Broadcasting and audio-visual technicians,1.0,0.9408438,711912,Motion Picture Projectionist,8.0,0.117605475
27-4014,Sound Engineering Technicians,0.3384944,3521,Broadcasting and audio-visual technicians,1.0,0.3384944,342312,Communications Operator,8.0,0.0423118
27-4014,Sound Engineering Technicians,0.3384944,3521,Broadcasting and audio-visual technicians,1.0,0.3384944,399511,Broadcast Transmitter Operator,8.0,0.0423118
27-4014,Sound Engineering Technicians,0.3384944,3521,Broadcasting and audio-visual technicians,1.0,0.3384944,399512,"Camera Operator (Film, Television or Video)",8.0,0.0423118
27-4014,Sound Engineering Technicians,0.3384944,3521,Broadcasting and audio-visual technicians,1.0,0.3384944,399516,Sound Technician,8.0,0.0423118
27-4014,Sound Engineering Technicians,0.3384944,3521,Broadcasting and audio-visual technicians,1.0,0.3384944,399517,Television Equipment Operator,8.0,0.0423118
27-4014,Sound Engineering Technicians,0.3384944,3521,Broadcasting and audio-visual technicians,1.0,0.3384944,399599,Performing Arts Technicians nec,8.0,0.0423118
27-4014,Sound Engineering Technicians,0.3384944,3521,Broadcasting and audio-visual technicians,1.0,0.3384944,599912,"Production Assistant (Film, Television, Radio or Stage)",8.0,0.0423118
27-4014,Sound Engineering Technicians,0.3384944,3521,Broadcasting and audio-visual technicians,1.0,0.3384944,711912,Motion Picture Projectionist,8.0,0.0423118
27-4021,Photographers,-0.3821391,3431,Photographers,1.0,-0.3821391,211311,Photographer,2.0,-0.19106955
27-4021,Photographers,-0.3821391,3431,Photographers,1.0,-0.3821391,399915,Photographer's Assistant,2.0,-0.19106955
27-4031,"Camera Operators, Television, Video, and Motion Picture",-0.6289793,3521,Broadcasting and audio-visual technicians,1.0,-0.6289793,342312,Communications Operator,8.0,-0.0786224125
27-4031,"Camera Operators, Television, Video, and Motion Picture",-0.6289793,3521,Broadcasting and audio-visual technicians,1.0,-0.6289793,399511,Broadcast Transmitter Operator,8.0,-0.0786224125
27-4031,"Camera Operators, Television, Video, and Motion Picture",-0.6289793,3521,Broadcasting and audio-visual technicians,1.0,-0.6289793,399512,"Camera Operator (Film, Television or Video)",8.0,-0.0786224125
27-4031,"Camera Operators, Television, Video, and Motion Picture",-0.6289793,3521,Broadcasting and audio-visual technicians,1.0,-0.6289793,399516,Sound Technician,8.0,-0.0786224125
27-4031,"Camera Operators, Television, Video, and Motion Picture",-0.6289793,3521,Broadcasting and audio-visual technicians,1.0,-0.6289793,399517,Television Equipment Operator,8.0,-0.0786224125
27-4031,"Camera Operators, Television, Video, and Motion Picture",-0.6289793,3521,Broadcasting and audio-visual technicians,1.0,-0.6289793,399599,Performing Arts Technicians nec,8.0,-0.0786224125
27-4031,"Camera Operators, Television, Video, and Motion Picture",-0.6289793,3521,Broadcasting and audio-visual technicians,1.0,-0.6289793,599912,"Production Assistant (Film, Television, Radio or Stage)",8.0,-0.0786224125
27-4031,"Camera Operators, Television, Video, and Motion Picture",-0.6289793,3521,Broadcasting and audio-visual technicians,1.0,-0.6289793,711912,Motion Picture Projectionist,8.0,-0.0786224125
27-4032,Film and Video Editors,0.6566918,2654,"Film, stage and related directors and producers",1.0,0.6566918,212111,Artistic Director,10.0,0.06566918000000001
27-4032,Film and Video Editors,0.6566918,2654,"Film, stage and related directors and producers",1.0,0.6566918,212112,Media Producer (excluding Video),10.0,0.06566918000000001
27-4032,Film and Video Editors,0.6566918,2654,"Film, stage and related directors and producers",1.0,0.6566918,212311,"Art Director (Film, Television or Stage)",10.0,0.06566918000000001
27-4032,Film and Video Editors,0.6566918,2654,"Film, stage and related directors and producers",1.0,0.6566918,212312,"Director (Film, Television, Radio or Stage)",10.0,0.06566918000000001
27-4032,Film and Video Editors,0.6566918,2654,"Film, stage and related directors and producers",1.0,0.6566918,212313,Director of Photography,10.0,0.06566918000000001
27-4032,Film and Video Editors,0.6566918,2654,"Film, stage and related directors and producers",1.0,0.6566918,212314,Film and Video Editor,10.0,0.06566918000000001
27-4032,Film and Video Editors,0.6566918,2654,"Film, stage and related directors and producers",1.0,0.6566918,212315,Program Director (Television or Radio),10.0,0.06566918000000001
27-4032,Film and Video Editors,0.6566918,2654,"Film, stage and related directors and producers",1.0,0.6566918,212317,Technical Director,10.0,0.06566918000000001
27-4032,Film and Video Editors,0.6566918,2654,"Film, stage and related directors and producers",1.0,0.6566918,212318,Video Producer,10.0,0.06566918000000001
27-4032,Film and Video Editors,0.6566918,2654,"Film, stage and related directors and producers",1.0,0.6566918,212399,"Film, Television, Radio and Stage Directors nec",10.0,0.06566918000000001
29-1011,Chiropractors,0.0516267,2269,Health professionals not elsewhere classified,1.0,0.0516267,234612,Respiratory Scientist,9.0,0.0057363
29-1011,Chiropractors,0.0516267,2269,Health professionals not elsewhere classified,1.0,0.0516267,234915,Exercise Physiologist,9.0,0.0057363
29-1011,Chiropractors,0.0516267,2269,Health professionals not elsewhere classified,1.0,0.0516267,234999,Natural and Physical Science Professionals nec,9.0,0.0057363
29-1011,Chiropractors,0.0516267,2269,Health professionals not elsewhere classified,1.0,0.0516267,251999,Health Diagnostic and Promotion Professionals nec,9.0,0.0057363
29-1011,Chiropractors,0.0516267,2269,Health professionals not elsewhere classified,1.0,0.0516267,252111,Chiropractor,9.0,0.0057363
29-1011,Chiropractors,0.0516267,2269,Health professionals not elsewhere classified,1.0,0.0516267,252112,Osteopath,9.0,0.0057363
29-1011,Chiropractors,0.0516267,2269,Health professionals not elsewhere classified,1.0,0.0516267,252299,Complementary Health Therapists nec,9.0,0.0057363
29-1011,Chiropractors,0.0516267,2269,Health professionals not elsewhere classified,1.0,0.0516267,252411,Occupational Therapist,9.0,0.0057363
29-1011,Chiropractors,0.0516267,2269,Health professionals not elsewhere classified,1.0,0.0516267,252611,Podiatrist,9.0,0.0057363
29-1021,"Dentists, General",-0.3476516,2261,Dentists,1.0,-0.3476516,252311,Dental Specialist,2.0,-0.1738258
29-1021,"Dentists, General",-0.3476516,2261,Dentists,1.0,-0.3476516,252312,Dentist,2.0,-0.1738258
29-1022,Oral and Maxillofacial Surgeons,-0.3302738,2261,Dentists,1.0,-0.3302738,252311,Dental Specialist,2.0,-0.1651369
29-1022,Oral and Maxillofacial Surgeons,-0.3302738,2261,Dentists,1.0,-0.3302738,252312,Dentist,2.0,-0.1651369
29-1023,Orthodontists,0.0205331,2261,Dentists,1.0,0.0205331,252311,Dental Specialist,2.0,0.01026655
29-1023,Orthodontists,0.0205331,2261,Dentists,1.0,0.0205331,252312,Dentist,2.0,0.01026655
29-1024,Prosthodontists,-0.2144845,2261,Dentists,1.0,-0.2144845,252311,Dental Specialist,2.0,-0.10724225
29-1024,Prosthodontists,-0.2144845,2261,Dentists,1.0,-0.2144845,252312,Dentist,2.0,-0.10724225
29-1031,Dietitians and Nutritionists,1.363892,2265,Dieticians and nutritionists,1.0,1.363892,251111,Dietitian,2.0,0.681946
29-1031,Dietitians and Nutritionists,1.363892,2265,Dieticians and nutritionists,1.0,1.363892,251112,Nutritionist,2.0,0.681946
29-1041,Optometrists,0.2003319,2267,Optometrists and ophthalmic opticians,1.0,0.2003319,251411,Optometrist,2.0,0.10016595
29-1041,Optometrists,0.2003319,2267,Optometrists and ophthalmic opticians,1.0,0.2003319,251412,Orthoptist,2.0,0.10016595
29-1051,Pharmacists,0.5705959,2262,Pharmacists,1.0,0.5705959,251511,Hospital Pharmacist,3.0,0.19019863333333334
29-1051,Pharmacists,0.5705959,2262,Pharmacists,1.0,0.5705959,251512,Industrial Pharmacist,3.0,0.19019863333333334
29-1051,Pharmacists,0.5705959,2262,Pharmacists,1.0,0.5705959,251513,Retail Pharmacist,3.0,0.19019863333333334
29-1061,Anesthesiologists,0.211804,2212,Specialist medical practitioners ,1.0,0.211804,253211,Anaesthetist,32.0,0.006618875
29-1061,Anesthesiologists,0.211804,2212,Specialist medical practitioners ,1.0,0.211804,253311,Specialist Physician (General Medicine),32.0,0.006618875
29-1061,Anesthesiologists,0.211804,2212,Specialist medical practitioners ,1.0,0.211804,253312,Cardiologist,32.0,0.006618875
29-1061,Anesthesiologists,0.211804,2212,Specialist medical practitioners ,1.0,0.211804,253313,Clinical Haematologist,32.0,0.006618875
29-1061,Anesthesiologists,0.211804,2212,Specialist medical practitioners ,1.0,0.211804,253314,Medical Oncologist,32.0,0.006618875
29-1061,Anesthesiologists,0.211804,2212,Specialist medical practitioners ,1.0,0.211804,253315,Endocrinologist,32.0,0.006618875
29-1061,Anesthesiologists,0.211804,2212,Specialist medical practitioners ,1.0,0.211804,253316,Gastroenterologist,32.0,0.006618875
29-1061,Anesthesiologists,0.211804,2212,Specialist medical practitioners ,1.0,0.211804,253317,Intensive Care Specialist,32.0,0.006618875
29-1061,Anesthesiologists,0.211804,2212,Specialist medical practitioners ,1.0,0.211804,253318,Neurologist,32.0,0.006618875
29-1061,Anesthesiologists,0.211804,2212,Specialist medical practitioners ,1.0,0.211804,253321,Paediatrician,32.0,0.006618875
29-1061,Anesthesiologists,0.211804,2212,Specialist medical practitioners ,1.0,0.211804,253322,Renal Medicine Specialist,32.0,0.006618875
29-1061,Anesthesiologists,0.211804,2212,Specialist medical practitioners ,1.0,0.211804,253323,Rheumatologist,32.0,0.006618875
29-1061,Anesthesiologists,0.211804,2212,Specialist medical practitioners ,1.0,0.211804,253324,Thoracic Medicine Specialist,32.0,0.006618875
29-1061,Anesthesiologists,0.211804,2212,Specialist medical practitioners ,1.0,0.211804,253399,Specialist Physicians nec,32.0,0.006618875
29-1061,Anesthesiologists,0.211804,2212,Specialist medical practitioners ,1.0,0.211804,253411,Psychiatrist,32.0,0.006618875
29-1061,Anesthesiologists,0.211804,2212,Specialist medical practitioners ,1.0,0.211804,253511,Surgeon (General),32.0,0.006618875
29-1061,Anesthesiologists,0.211804,2212,Specialist medical practitioners ,1.0,0.211804,253512,Cardiothoracic Surgeon,32.0,0.006618875
29-1061,Anesthesiologists,0.211804,2212,Specialist medical practitioners ,1.0,0.211804,253513,Neurosurgeon,32.0,0.006618875
29-1061,Anesthesiologists,0.211804,2212,Specialist medical practitioners ,1.0,0.211804,253514,Orthopaedic Surgeon,32.0,0.006618875
29-1061,Anesthesiologists,0.211804,2212,Specialist medical practitioners ,1.0,0.211804,253515,Otorhinolaryngologist,32.0,0.006618875
29-1061,Anesthesiologists,0.211804,2212,Specialist medical practitioners ,1.0,0.211804,253516,Paediatric Surgeon,32.0,0.006618875
29-1061,Anesthesiologists,0.211804,2212,Specialist medical practitioners ,1.0,0.211804,253517,Plastic and Reconstructive Surgeon,32.0,0.006618875
29-1061,Anesthesiologists,0.211804,2212,Specialist medical practitioners ,1.0,0.211804,253518,Urologist,32.0,0.006618875
29-1061,Anesthesiologists,0.211804,2212,Specialist medical practitioners ,1.0,0.211804,253521,Vascular Surgeon,32.0,0.006618875
29-1061,Anesthesiologists,0.211804,2212,Specialist medical practitioners ,1.0,0.211804,253911,Dermatologist,32.0,0.006618875
29-1061,Anesthesiologists,0.211804,2212,Specialist medical practitioners ,1.0,0.211804,253912,Emergency Medicine Specialist,32.0,0.006618875
29-1061,Anesthesiologists,0.211804,2212,Specialist medical practitioners ,1.0,0.211804,253913,Obstetrician and Gynaecologist,32.0,0.006618875
29-1061,Anesthesiologists,0.211804,2212,Specialist medical practitioners ,1.0,0.211804,253914,Ophthalmologist,32.0,0.006618875
29-1061,Anesthesiologists,0.211804,2212,Specialist medical practitioners ,1.0,0.211804,253915,Pathologist,32.0,0.006618875
29-1061,Anesthesiologists,0.211804,2212,Specialist medical practitioners ,1.0,0.211804,253917,Diagnostic and Interventional Radiologist,32.0,0.006618875
29-1061,Anesthesiologists,0.211804,2212,Specialist medical practitioners ,1.0,0.211804,253918,Radiation Oncologist,32.0,0.006618875
29-1061,Anesthesiologists,0.211804,2212,Specialist medical practitioners ,1.0,0.211804,253999,Medical Practitioners nec,32.0,0.006618875
29-1062,Family and General Practitioners,1.115116,2211,Generalist medical practitioners ,1.0,1.115116,253111,General Practitioner,2.0,0.557558
29-1062,Family and General Practitioners,1.115116,2211,Generalist medical practitioners ,1.0,1.115116,253112,Resident Medical Officer,2.0,0.557558
29-1063,"Internists, General",1.001316,2211,Generalist medical practitioners ,1.0,1.001316,253111,General Practitioner,2.0,0.500658
29-1063,"Internists, General",1.001316,2211,Generalist medical practitioners ,1.0,1.001316,253112,Resident Medical Officer,2.0,0.500658
29-1064,Obstetricians and Gynecologists,0.3644282,2212,Specialist medical practitioners ,1.0,0.3644282,253211,Anaesthetist,32.0,0.01138838125
29-1064,Obstetricians and Gynecologists,0.3644282,2212,Specialist medical practitioners ,1.0,0.3644282,253311,Specialist Physician (General Medicine),32.0,0.01138838125
29-1064,Obstetricians and Gynecologists,0.3644282,2212,Specialist medical practitioners ,1.0,0.3644282,253312,Cardiologist,32.0,0.01138838125
29-1064,Obstetricians and Gynecologists,0.3644282,2212,Specialist medical practitioners ,1.0,0.3644282,253313,Clinical Haematologist,32.0,0.01138838125
29-1064,Obstetricians and Gynecologists,0.3644282,2212,Specialist medical practitioners ,1.0,0.3644282,253314,Medical Oncologist,32.0,0.01138838125
29-1064,Obstetricians and Gynecologists,0.3644282,2212,Specialist medical practitioners ,1.0,0.3644282,253315,Endocrinologist,32.0,0.01138838125
29-1064,Obstetricians and Gynecologists,0.3644282,2212,Specialist medical practitioners ,1.0,0.3644282,253316,Gastroenterologist,32.0,0.01138838125
29-1064,Obstetricians and Gynecologists,0.3644282,2212,Specialist medical practitioners ,1.0,0.3644282,253317,Intensive Care Specialist,32.0,0.01138838125
29-1064,Obstetricians and Gynecologists,0.3644282,2212,Specialist medical practitioners ,1.0,0.3644282,253318,Neurologist,32.0,0.01138838125
29-1064,Obstetricians and Gynecologists,0.3644282,2212,Specialist medical practitioners ,1.0,0.3644282,253321,Paediatrician,32.0,0.01138838125
29-1064,Obstetricians and Gynecologists,0.3644282,2212,Specialist medical practitioners ,1.0,0.3644282,253322,Renal Medicine Specialist,32.0,0.01138838125
29-1064,Obstetricians and Gynecologists,0.3644282,2212,Specialist medical practitioners ,1.0,0.3644282,253323,Rheumatologist,32.0,0.01138838125
29-1064,Obstetricians and Gynecologists,0.3644282,2212,Specialist medical practitioners ,1.0,0.3644282,253324,Thoracic Medicine Specialist,32.0,0.01138838125
29-1064,Obstetricians and Gynecologists,0.3644282,2212,Specialist medical practitioners ,1.0,0.3644282,253399,Specialist Physicians nec,32.0,0.01138838125
29-1064,Obstetricians and Gynecologists,0.3644282,2212,Specialist medical practitioners ,1.0,0.3644282,253411,Psychiatrist,32.0,0.01138838125
29-1064,Obstetricians and Gynecologists,0.3644282,2212,Specialist medical practitioners ,1.0,0.3644282,253511,Surgeon (General),32.0,0.01138838125
29-1064,Obstetricians and Gynecologists,0.3644282,2212,Specialist medical practitioners ,1.0,0.3644282,253512,Cardiothoracic Surgeon,32.0,0.01138838125
29-1064,Obstetricians and Gynecologists,0.3644282,2212,Specialist medical practitioners ,1.0,0.3644282,253513,Neurosurgeon,32.0,0.01138838125
29-1064,Obstetricians and Gynecologists,0.3644282,2212,Specialist medical practitioners ,1.0,0.3644282,253514,Orthopaedic Surgeon,32.0,0.01138838125
29-1064,Obstetricians and Gynecologists,0.3644282,2212,Specialist medical practitioners ,1.0,0.3644282,253515,Otorhinolaryngologist,32.0,0.01138838125
29-1064,Obstetricians and Gynecologists,0.3644282,2212,Specialist medical practitioners ,1.0,0.3644282,253516,Paediatric Surgeon,32.0,0.01138838125
29-1064,Obstetricians and Gynecologists,0.3644282,2212,Specialist medical practitioners ,1.0,0.3644282,253517,Plastic and Reconstructive Surgeon,32.0,0.01138838125
29-1064,Obstetricians and Gynecologists,0.3644282,2212,Specialist medical practitioners ,1.0,0.3644282,253518,Urologist,32.0,0.01138838125
29-1064,Obstetricians and Gynecologists,0.3644282,2212,Specialist medical practitioners ,1.0,0.3644282,253521,Vascular Surgeon,32.0,0.01138838125
29-1064,Obstetricians and Gynecologists,0.3644282,2212,Specialist medical practitioners ,1.0,0.3644282,253911,Dermatologist,32.0,0.01138838125
29-1064,Obstetricians and Gynecologists,0.3644282,2212,Specialist medical practitioners ,1.0,0.3644282,253912,Emergency Medicine Specialist,32.0,0.01138838125
29-1064,Obstetricians and Gynecologists,0.3644282,2212,Specialist medical practitioners ,1.0,0.3644282,253913,Obstetrician and Gynaecologist,32.0,0.01138838125
29-1064,Obstetricians and Gynecologists,0.3644282,2212,Specialist medical practitioners ,1.0,0.3644282,253914,Ophthalmologist,32.0,0.01138838125
29-1064,Obstetricians and Gynecologists,0.3644282,2212,Specialist medical practitioners ,1.0,0.3644282,253915,Pathologist,32.0,0.01138838125
29-1064,Obstetricians and Gynecologists,0.3644282,2212,Specialist medical practitioners ,1.0,0.3644282,253917,Diagnostic and Interventional Radiologist,32.0,0.01138838125
29-1064,Obstetricians and Gynecologists,0.3644282,2212,Specialist medical practitioners ,1.0,0.3644282,253918,Radiation Oncologist,32.0,0.01138838125
29-1064,Obstetricians and Gynecologists,0.3644282,2212,Specialist medical practitioners ,1.0,0.3644282,253999,Medical Practitioners nec,32.0,0.01138838125
29-1065,"Pediatricians, General",1.146142,2211,Generalist medical practitioners ,1.0,1.146142,253111,General Practitioner,2.0,0.573071
29-1065,"Pediatricians, General",1.146142,2211,Generalist medical practitioners ,1.0,1.146142,253112,Resident Medical Officer,2.0,0.573071
29-1066,Psychiatrists,1.365892,2212,Specialist medical practitioners ,1.0,1.365892,253211,Anaesthetist,32.0,0.042684125
29-1066,Psychiatrists,1.365892,2212,Specialist medical practitioners ,1.0,1.365892,253311,Specialist Physician (General Medicine),32.0,0.042684125
29-1066,Psychiatrists,1.365892,2212,Specialist medical practitioners ,1.0,1.365892,253312,Cardiologist,32.0,0.042684125
29-1066,Psychiatrists,1.365892,2212,Specialist medical practitioners ,1.0,1.365892,253313,Clinical Haematologist,32.0,0.042684125
29-1066,Psychiatrists,1.365892,2212,Specialist medical practitioners ,1.0,1.365892,253314,Medical Oncologist,32.0,0.042684125
29-1066,Psychiatrists,1.365892,2212,Specialist medical practitioners ,1.0,1.365892,253315,Endocrinologist,32.0,0.042684125
29-1066,Psychiatrists,1.365892,2212,Specialist medical practitioners ,1.0,1.365892,253316,Gastroenterologist,32.0,0.042684125
29-1066,Psychiatrists,1.365892,2212,Specialist medical practitioners ,1.0,1.365892,253317,Intensive Care Specialist,32.0,0.042684125
29-1066,Psychiatrists,1.365892,2212,Specialist medical practitioners ,1.0,1.365892,253318,Neurologist,32.0,0.042684125
29-1066,Psychiatrists,1.365892,2212,Specialist medical practitioners ,1.0,1.365892,253321,Paediatrician,32.0,0.042684125
29-1066,Psychiatrists,1.365892,2212,Specialist medical practitioners ,1.0,1.365892,253322,Renal Medicine Specialist,32.0,0.042684125
29-1066,Psychiatrists,1.365892,2212,Specialist medical practitioners ,1.0,1.365892,253323,Rheumatologist,32.0,0.042684125
29-1066,Psychiatrists,1.365892,2212,Specialist medical practitioners ,1.0,1.365892,253324,Thoracic Medicine Specialist,32.0,0.042684125
29-1066,Psychiatrists,1.365892,2212,Specialist medical practitioners ,1.0,1.365892,253399,Specialist Physicians nec,32.0,0.042684125
29-1066,Psychiatrists,1.365892,2212,Specialist medical practitioners ,1.0,1.365892,253411,Psychiatrist,32.0,0.042684125
29-1066,Psychiatrists,1.365892,2212,Specialist medical practitioners ,1.0,1.365892,253511,Surgeon (General),32.0,0.042684125
29-1066,Psychiatrists,1.365892,2212,Specialist medical practitioners ,1.0,1.365892,253512,Cardiothoracic Surgeon,32.0,0.042684125
29-1066,Psychiatrists,1.365892,2212,Specialist medical practitioners ,1.0,1.365892,253513,Neurosurgeon,32.0,0.042684125
29-1066,Psychiatrists,1.365892,2212,Specialist medical practitioners ,1.0,1.365892,253514,Orthopaedic Surgeon,32.0,0.042684125
29-1066,Psychiatrists,1.365892,2212,Specialist medical practitioners ,1.0,1.365892,253515,Otorhinolaryngologist,32.0,0.042684125
29-1066,Psychiatrists,1.365892,2212,Specialist medical practitioners ,1.0,1.365892,253516,Paediatric Surgeon,32.0,0.042684125
29-1066,Psychiatrists,1.365892,2212,Specialist medical practitioners ,1.0,1.365892,253517,Plastic and Reconstructive Surgeon,32.0,0.042684125
29-1066,Psychiatrists,1.365892,2212,Specialist medical practitioners ,1.0,1.365892,253518,Urologist,32.0,0.042684125
29-1066,Psychiatrists,1.365892,2212,Specialist medical practitioners ,1.0,1.365892,253521,Vascular Surgeon,32.0,0.042684125
29-1066,Psychiatrists,1.365892,2212,Specialist medical practitioners ,1.0,1.365892,253911,Dermatologist,32.0,0.042684125
29-1066,Psychiatrists,1.365892,2212,Specialist medical practitioners ,1.0,1.365892,253912,Emergency Medicine Specialist,32.0,0.042684125
29-1066,Psychiatrists,1.365892,2212,Specialist medical practitioners ,1.0,1.365892,253913,Obstetrician and Gynaecologist,32.0,0.042684125
29-1066,Psychiatrists,1.365892,2212,Specialist medical practitioners ,1.0,1.365892,253914,Ophthalmologist,32.0,0.042684125
29-1066,Psychiatrists,1.365892,2212,Specialist medical practitioners ,1.0,1.365892,253915,Pathologist,32.0,0.042684125
29-1066,Psychiatrists,1.365892,2212,Specialist medical practitioners ,1.0,1.365892,253917,Diagnostic and Interventional Radiologist,32.0,0.042684125
29-1066,Psychiatrists,1.365892,2212,Specialist medical practitioners ,1.0,1.365892,253918,Radiation Oncologist,32.0,0.042684125
29-1066,Psychiatrists,1.365892,2212,Specialist medical practitioners ,1.0,1.365892,253999,Medical Practitioners nec,32.0,0.042684125
29-1067,Surgeons,-0.145476,2212,Specialist medical practitioners ,1.0,-0.145476,253211,Anaesthetist,32.0,-0.004546125
29-1067,Surgeons,-0.145476,2212,Specialist medical practitioners ,1.0,-0.145476,253311,Specialist Physician (General Medicine),32.0,-0.004546125
29-1067,Surgeons,-0.145476,2212,Specialist medical practitioners ,1.0,-0.145476,253312,Cardiologist,32.0,-0.004546125
29-1067,Surgeons,-0.145476,2212,Specialist medical practitioners ,1.0,-0.145476,253313,Clinical Haematologist,32.0,-0.004546125
29-1067,Surgeons,-0.145476,2212,Specialist medical practitioners ,1.0,-0.145476,253314,Medical Oncologist,32.0,-0.004546125
29-1067,Surgeons,-0.145476,2212,Specialist medical practitioners ,1.0,-0.145476,253315,Endocrinologist,32.0,-0.004546125
29-1067,Surgeons,-0.145476,2212,Specialist medical practitioners ,1.0,-0.145476,253316,Gastroenterologist,32.0,-0.004546125
29-1067,Surgeons,-0.145476,2212,Specialist medical practitioners ,1.0,-0.145476,253317,Intensive Care Specialist,32.0,-0.004546125
29-1067,Surgeons,-0.145476,2212,Specialist medical practitioners ,1.0,-0.145476,253318,Neurologist,32.0,-0.004546125
29-1067,Surgeons,-0.145476,2212,Specialist medical practitioners ,1.0,-0.145476,253321,Paediatrician,32.0,-0.004546125
29-1067,Surgeons,-0.145476,2212,Specialist medical practitioners ,1.0,-0.145476,253322,Renal Medicine Specialist,32.0,-0.004546125
29-1067,Surgeons,-0.145476,2212,Specialist medical practitioners ,1.0,-0.145476,253323,Rheumatologist,32.0,-0.004546125
29-1067,Surgeons,-0.145476,2212,Specialist medical practitioners ,1.0,-0.145476,253324,Thoracic Medicine Specialist,32.0,-0.004546125
29-1067,Surgeons,-0.145476,2212,Specialist medical practitioners ,1.0,-0.145476,253399,Specialist Physicians nec,32.0,-0.004546125
29-1067,Surgeons,-0.145476,2212,Specialist medical practitioners ,1.0,-0.145476,253411,Psychiatrist,32.0,-0.004546125
29-1067,Surgeons,-0.145476,2212,Specialist medical practitioners ,1.0,-0.145476,253511,Surgeon (General),32.0,-0.004546125
29-1067,Surgeons,-0.145476,2212,Specialist medical practitioners ,1.0,-0.145476,253512,Cardiothoracic Surgeon,32.0,-0.004546125
29-1067,Surgeons,-0.145476,2212,Specialist medical practitioners ,1.0,-0.145476,253513,Neurosurgeon,32.0,-0.004546125
29-1067,Surgeons,-0.145476,2212,Specialist medical practitioners ,1.0,-0.145476,253514,Orthopaedic Surgeon,32.0,-0.004546125
29-1067,Surgeons,-0.145476,2212,Specialist medical practitioners ,1.0,-0.145476,253515,Otorhinolaryngologist,32.0,-0.004546125
29-1067,Surgeons,-0.145476,2212,Specialist medical practitioners ,1.0,-0.145476,253516,Paediatric Surgeon,32.0,-0.004546125
29-1067,Surgeons,-0.145476,2212,Specialist medical practitioners ,1.0,-0.145476,253517,Plastic and Reconstructive Surgeon,32.0,-0.004546125
29-1067,Surgeons,-0.145476,2212,Specialist medical practitioners ,1.0,-0.145476,253518,Urologist,32.0,-0.004546125
29-1067,Surgeons,-0.145476,2212,Specialist medical practitioners ,1.0,-0.145476,253521,Vascular Surgeon,32.0,-0.004546125
29-1067,Surgeons,-0.145476,2212,Specialist medical practitioners ,1.0,-0.145476,253911,Dermatologist,32.0,-0.004546125
29-1067,Surgeons,-0.145476,2212,Specialist medical practitioners ,1.0,-0.145476,253912,Emergency Medicine Specialist,32.0,-0.004546125
29-1067,Surgeons,-0.145476,2212,Specialist medical practitioners ,1.0,-0.145476,253913,Obstetrician and Gynaecologist,32.0,-0.004546125
29-1067,Surgeons,-0.145476,2212,Specialist medical practitioners ,1.0,-0.145476,253914,Ophthalmologist,32.0,-0.004546125
29-1067,Surgeons,-0.145476,2212,Specialist medical practitioners ,1.0,-0.145476,253915,Pathologist,32.0,-0.004546125
29-1067,Surgeons,-0.145476,2212,Specialist medical practitioners ,1.0,-0.145476,253917,Diagnostic and Interventional Radiologist,32.0,-0.004546125
29-1067,Surgeons,-0.145476,2212,Specialist medical practitioners ,1.0,-0.145476,253918,Radiation Oncologist,32.0,-0.004546125
29-1067,Surgeons,-0.145476,2212,Specialist medical practitioners ,1.0,-0.145476,253999,Medical Practitioners nec,32.0,-0.004546125
29-1069,"Physicians and Surgeons, All Other",0.6186871,2211,Generalist medical practitioners ,2.0,0.30934355,253111,General Practitioner,2.0,0.154671775
29-1069,"Physicians and Surgeons, All Other",0.6186871,2211,Generalist medical practitioners ,2.0,0.30934355,253112,Resident Medical Officer,2.0,0.154671775
29-1069,"Physicians and Surgeons, All Other",0.6186871,2212,Specialist medical practitioners ,2.0,0.30934355,253211,Anaesthetist,32.0,0.0096669859375
29-1069,"Physicians and Surgeons, All Other",0.6186871,2212,Specialist medical practitioners ,2.0,0.30934355,253311,Specialist Physician (General Medicine),32.0,0.0096669859375
29-1069,"Physicians and Surgeons, All Other",0.6186871,2212,Specialist medical practitioners ,2.0,0.30934355,253312,Cardiologist,32.0,0.0096669859375
29-1069,"Physicians and Surgeons, All Other",0.6186871,2212,Specialist medical practitioners ,2.0,0.30934355,253313,Clinical Haematologist,32.0,0.0096669859375
29-1069,"Physicians and Surgeons, All Other",0.6186871,2212,Specialist medical practitioners ,2.0,0.30934355,253314,Medical Oncologist,32.0,0.0096669859375
29-1069,"Physicians and Surgeons, All Other",0.6186871,2212,Specialist medical practitioners ,2.0,0.30934355,253315,Endocrinologist,32.0,0.0096669859375
29-1069,"Physicians and Surgeons, All Other",0.6186871,2212,Specialist medical practitioners ,2.0,0.30934355,253316,Gastroenterologist,32.0,0.0096669859375
29-1069,"Physicians and Surgeons, All Other",0.6186871,2212,Specialist medical practitioners ,2.0,0.30934355,253317,Intensive Care Specialist,32.0,0.0096669859375
29-1069,"Physicians and Surgeons, All Other",0.6186871,2212,Specialist medical practitioners ,2.0,0.30934355,253318,Neurologist,32.0,0.0096669859375
29-1069,"Physicians and Surgeons, All Other",0.6186871,2212,Specialist medical practitioners ,2.0,0.30934355,253321,Paediatrician,32.0,0.0096669859375
29-1069,"Physicians and Surgeons, All Other",0.6186871,2212,Specialist medical practitioners ,2.0,0.30934355,253322,Renal Medicine Specialist,32.0,0.0096669859375
29-1069,"Physicians and Surgeons, All Other",0.6186871,2212,Specialist medical practitioners ,2.0,0.30934355,253323,Rheumatologist,32.0,0.0096669859375
29-1069,"Physicians and Surgeons, All Other",0.6186871,2212,Specialist medical practitioners ,2.0,0.30934355,253324,Thoracic Medicine Specialist,32.0,0.0096669859375
29-1069,"Physicians and Surgeons, All Other",0.6186871,2212,Specialist medical practitioners ,2.0,0.30934355,253399,Specialist Physicians nec,32.0,0.0096669859375
29-1069,"Physicians and Surgeons, All Other",0.6186871,2212,Specialist medical practitioners ,2.0,0.30934355,253411,Psychiatrist,32.0,0.0096669859375
29-1069,"Physicians and Surgeons, All Other",0.6186871,2212,Specialist medical practitioners ,2.0,0.30934355,253511,Surgeon (General),32.0,0.0096669859375
29-1069,"Physicians and Surgeons, All Other",0.6186871,2212,Specialist medical practitioners ,2.0,0.30934355,253512,Cardiothoracic Surgeon,32.0,0.0096669859375
29-1069,"Physicians and Surgeons, All Other",0.6186871,2212,Specialist medical practitioners ,2.0,0.30934355,253513,Neurosurgeon,32.0,0.0096669859375
29-1069,"Physicians and Surgeons, All Other",0.6186871,2212,Specialist medical practitioners ,2.0,0.30934355,253514,Orthopaedic Surgeon,32.0,0.0096669859375
29-1069,"Physicians and Surgeons, All Other",0.6186871,2212,Specialist medical practitioners ,2.0,0.30934355,253515,Otorhinolaryngologist,32.0,0.0096669859375
29-1069,"Physicians and Surgeons, All Other",0.6186871,2212,Specialist medical practitioners ,2.0,0.30934355,253516,Paediatric Surgeon,32.0,0.0096669859375
29-1069,"Physicians and Surgeons, All Other",0.6186871,2212,Specialist medical practitioners ,2.0,0.30934355,253517,Plastic and Reconstructive Surgeon,32.0,0.0096669859375
29-1069,"Physicians and Surgeons, All Other",0.6186871,2212,Specialist medical practitioners ,2.0,0.30934355,253518,Urologist,32.0,0.0096669859375
29-1069,"Physicians and Surgeons, All Other",0.6186871,2212,Specialist medical practitioners ,2.0,0.30934355,253521,Vascular Surgeon,32.0,0.0096669859375
29-1069,"Physicians and Surgeons, All Other",0.6186871,2212,Specialist medical practitioners ,2.0,0.30934355,253911,Dermatologist,32.0,0.0096669859375
29-1069,"Physicians and Surgeons, All Other",0.6186871,2212,Specialist medical practitioners ,2.0,0.30934355,253912,Emergency Medicine Specialist,32.0,0.0096669859375
29-1069,"Physicians and Surgeons, All Other",0.6186871,2212,Specialist medical practitioners ,2.0,0.30934355,253913,Obstetrician and Gynaecologist,32.0,0.0096669859375
29-1069,"Physicians and Surgeons, All Other",0.6186871,2212,Specialist medical practitioners ,2.0,0.30934355,253914,Ophthalmologist,32.0,0.0096669859375
29-1069,"Physicians and Surgeons, All Other",0.6186871,2212,Specialist medical practitioners ,2.0,0.30934355,253915,Pathologist,32.0,0.0096669859375
29-1069,"Physicians and Surgeons, All Other",0.6186871,2212,Specialist medical practitioners ,2.0,0.30934355,253917,Diagnostic and Interventional Radiologist,32.0,0.0096669859375
29-1069,"Physicians and Surgeons, All Other",0.6186871,2212,Specialist medical practitioners ,2.0,0.30934355,253918,Radiation Oncologist,32.0,0.0096669859375
29-1069,"Physicians and Surgeons, All Other",0.6186871,2212,Specialist medical practitioners ,2.0,0.30934355,253999,Medical Practitioners nec,32.0,0.0096669859375
29-1071,Physician Assistants,0.0402409,2240,Paramedical practitioners,1.0,0.0402409,411112,Intensive Care Ambulance Paramedic (Aus) / Ambulance Paramedic (NZ),1.0,0.0402409
29-1081,Podiatrists,0.5537257,2269,Health professionals not elsewhere classified,1.0,0.5537257,234612,Respiratory Scientist,9.0,0.06152507777777778
29-1081,Podiatrists,0.5537257,2269,Health professionals not elsewhere classified,1.0,0.5537257,234915,Exercise Physiologist,9.0,0.06152507777777778
29-1081,Podiatrists,0.5537257,2269,Health professionals not elsewhere classified,1.0,0.5537257,234999,Natural and Physical Science Professionals nec,9.0,0.06152507777777778
29-1081,Podiatrists,0.5537257,2269,Health professionals not elsewhere classified,1.0,0.5537257,251999,Health Diagnostic and Promotion Professionals nec,9.0,0.06152507777777778
29-1081,Podiatrists,0.5537257,2269,Health professionals not elsewhere classified,1.0,0.5537257,252111,Chiropractor,9.0,0.06152507777777778
29-1081,Podiatrists,0.5537257,2269,Health professionals not elsewhere classified,1.0,0.5537257,252112,Osteopath,9.0,0.06152507777777778
29-1081,Podiatrists,0.5537257,2269,Health professionals not elsewhere classified,1.0,0.5537257,252299,Complementary Health Therapists nec,9.0,0.06152507777777778
29-1081,Podiatrists,0.5537257,2269,Health professionals not elsewhere classified,1.0,0.5537257,252411,Occupational Therapist,9.0,0.06152507777777778
29-1081,Podiatrists,0.5537257,2269,Health professionals not elsewhere classified,1.0,0.5537257,252611,Podiatrist,9.0,0.06152507777777778
29-1122,Occupational Therapists,0.2657048,2269,Health professionals not elsewhere classified,1.0,0.2657048,234612,Respiratory Scientist,9.0,0.029522755555555558
29-1122,Occupational Therapists,0.2657048,2269,Health professionals not elsewhere classified,1.0,0.2657048,234915,Exercise Physiologist,9.0,0.029522755555555558
29-1122,Occupational Therapists,0.2657048,2269,Health professionals not elsewhere classified,1.0,0.2657048,234999,Natural and Physical Science Professionals nec,9.0,0.029522755555555558
29-1122,Occupational Therapists,0.2657048,2269,Health professionals not elsewhere classified,1.0,0.2657048,251999,Health Diagnostic and Promotion Professionals nec,9.0,0.029522755555555558
29-1122,Occupational Therapists,0.2657048,2269,Health professionals not elsewhere classified,1.0,0.2657048,252111,Chiropractor,9.0,0.029522755555555558
29-1122,Occupational Therapists,0.2657048,2269,Health professionals not elsewhere classified,1.0,0.2657048,252112,Osteopath,9.0,0.029522755555555558
29-1122,Occupational Therapists,0.2657048,2269,Health professionals not elsewhere classified,1.0,0.2657048,252299,Complementary Health Therapists nec,9.0,0.029522755555555558
29-1122,Occupational Therapists,0.2657048,2269,Health professionals not elsewhere classified,1.0,0.2657048,252411,Occupational Therapist,9.0,0.029522755555555558
29-1122,Occupational Therapists,0.2657048,2269,Health professionals not elsewhere classified,1.0,0.2657048,252611,Podiatrist,9.0,0.029522755555555558
29-1123,Physical Therapists,-0.0588146,2264,Physiotherapists ,1.0,-0.0588146,252511,Physiotherapist,1.0,-0.0588146
29-1124,Radiation Therapists,-0.3161771,3211,Medical imaging and therapeutic equipment technicians,1.0,-0.3161771,251211,Medical Diagnostic Radiographer,5.0,-0.06323542
29-1124,Radiation Therapists,-0.3161771,3211,Medical imaging and therapeutic equipment technicians,1.0,-0.3161771,251212,Medical Radiation Therapist,5.0,-0.06323542
29-1124,Radiation Therapists,-0.3161771,3211,Medical imaging and therapeutic equipment technicians,1.0,-0.3161771,251213,Nuclear Medicine Technologist,5.0,-0.06323542
29-1124,Radiation Therapists,-0.3161771,3211,Medical imaging and therapeutic equipment technicians,1.0,-0.3161771,251214,Sonographer,5.0,-0.06323542
29-1124,Radiation Therapists,-0.3161771,3211,Medical imaging and therapeutic equipment technicians,1.0,-0.3161771,311212,Cardiac Technician,5.0,-0.06323542
29-1125,Recreational Therapists,0.4009678,2269,Health professionals not elsewhere classified,1.0,0.4009678,234612,Respiratory Scientist,9.0,0.04455197777777778
29-1125,Recreational Therapists,0.4009678,2269,Health professionals not elsewhere classified,1.0,0.4009678,234915,Exercise Physiologist,9.0,0.04455197777777778
29-1125,Recreational Therapists,0.4009678,2269,Health professionals not elsewhere classified,1.0,0.4009678,234999,Natural and Physical Science Professionals nec,9.0,0.04455197777777778
29-1125,Recreational Therapists,0.4009678,2269,Health professionals not elsewhere classified,1.0,0.4009678,251999,Health Diagnostic and Promotion Professionals nec,9.0,0.04455197777777778
29-1125,Recreational Therapists,0.4009678,2269,Health professionals not elsewhere classified,1.0,0.4009678,252111,Chiropractor,9.0,0.04455197777777778
29-1125,Recreational Therapists,0.4009678,2269,Health professionals not elsewhere classified,1.0,0.4009678,252112,Osteopath,9.0,0.04455197777777778
29-1125,Recreational Therapists,0.4009678,2269,Health professionals not elsewhere classified,1.0,0.4009678,252299,Complementary Health Therapists nec,9.0,0.04455197777777778
29-1125,Recreational Therapists,0.4009678,2269,Health professionals not elsewhere classified,1.0,0.4009678,252411,Occupational Therapist,9.0,0.04455197777777778
29-1125,Recreational Therapists,0.4009678,2269,Health professionals not elsewhere classified,1.0,0.4009678,252611,Podiatrist,9.0,0.04455197777777778
29-1126,Respiratory Therapists,-0.1994213,3259,Health associate professionals not elsewhere classified,1.0,-0.1994213,252299,Complementary Health Therapists nec,7.0,-0.028488757142857143
29-1126,Respiratory Therapists,-0.1994213,3259,Health associate professionals not elsewhere classified,1.0,-0.1994213,311211,Anaesthetic Technician,7.0,-0.028488757142857143
29-1126,Respiratory Therapists,-0.1994213,3259,Health associate professionals not elsewhere classified,1.0,-0.1994213,311212,Cardiac Technician,7.0,-0.028488757142857143
29-1126,Respiratory Therapists,-0.1994213,3259,Health associate professionals not elsewhere classified,1.0,-0.1994213,311214,Operating Theatre Technician,7.0,-0.028488757142857143
29-1126,Respiratory Therapists,-0.1994213,3259,Health associate professionals not elsewhere classified,1.0,-0.1994213,311299,Medical Technicians nec,7.0,-0.028488757142857143
29-1126,Respiratory Therapists,-0.1994213,3259,Health associate professionals not elsewhere classified,1.0,-0.1994213,411311,Diversional Therapist,7.0,-0.028488757142857143
29-1126,Respiratory Therapists,-0.1994213,3259,Health associate professionals not elsewhere classified,1.0,-0.1994213,423314,Therapy Aide,7.0,-0.028488757142857143
29-1127,Speech-Language Pathologists,1.343344,2266,Audiologists and speech therapists,1.0,1.343344,252711,Audiologist,2.0,0.671672
29-1127,Speech-Language Pathologists,1.343344,2266,Audiologists and speech therapists,1.0,1.343344,252712,Speech Pathologist / Speech Language Therapist,2.0,0.671672
29-1128,Exercise Physiologists,0.3066196,2264,Physiotherapists ,1.0,0.3066196,252511,Physiotherapist,1.0,0.3066196
29-1131,Veterinarians,-0.0842553,2250,Veterinarians,1.0,-0.0842553,234711,Veterinarian,1.0,-0.0842553
29-1141,Registered Nurses,0.2723904,2221,Nursing professionals,1.0,0.2723904,254211,Nurse Educator,17.0,0.016022964705882353
29-1141,Registered Nurses,0.2723904,2221,Nursing professionals,1.0,0.2723904,254212,Nurse Researcher,17.0,0.016022964705882353
29-1141,Registered Nurses,0.2723904,2221,Nursing professionals,1.0,0.2723904,254311,Nurse Manager,17.0,0.016022964705882353
29-1141,Registered Nurses,0.2723904,2221,Nursing professionals,1.0,0.2723904,254411,Nurse Practitioner,17.0,0.016022964705882353
29-1141,Registered Nurses,0.2723904,2221,Nursing professionals,1.0,0.2723904,254412,Registered Nurse (Aged Care),17.0,0.016022964705882353
29-1141,Registered Nurses,0.2723904,2221,Nursing professionals,1.0,0.2723904,254413,Registered Nurse (Child and Family Health),17.0,0.016022964705882353
29-1141,Registered Nurses,0.2723904,2221,Nursing professionals,1.0,0.2723904,254414,Registered Nurse (Community Health),17.0,0.016022964705882353
29-1141,Registered Nurses,0.2723904,2221,Nursing professionals,1.0,0.2723904,254415,Registered Nurse (Critical Care and Emergency),17.0,0.016022964705882353
29-1141,Registered Nurses,0.2723904,2221,Nursing professionals,1.0,0.2723904,254416,Registered Nurse (Developmental Disability),17.0,0.016022964705882353
29-1141,Registered Nurses,0.2723904,2221,Nursing professionals,1.0,0.2723904,254417,Registered Nurse (Disability and Rehabilitation),17.0,0.016022964705882353
29-1141,Registered Nurses,0.2723904,2221,Nursing professionals,1.0,0.2723904,254418,Registered Nurse (Medical),17.0,0.016022964705882353
29-1141,Registered Nurses,0.2723904,2221,Nursing professionals,1.0,0.2723904,254421,Registered Nurse (Medical Practice),17.0,0.016022964705882353
29-1141,Registered Nurses,0.2723904,2221,Nursing professionals,1.0,0.2723904,254422,Registered Nurse (Mental Health),17.0,0.016022964705882353
29-1141,Registered Nurses,0.2723904,2221,Nursing professionals,1.0,0.2723904,254423,Registered Nurse (Perioperative),17.0,0.016022964705882353
29-1141,Registered Nurses,0.2723904,2221,Nursing professionals,1.0,0.2723904,254424,Registered Nurse (Surgical),17.0,0.016022964705882353
29-1141,Registered Nurses,0.2723904,2221,Nursing professionals,1.0,0.2723904,254425,Registered Nurse (Paediatrics),17.0,0.016022964705882353
29-1141,Registered Nurses,0.2723904,2221,Nursing professionals,1.0,0.2723904,254499,Registered Nurses nec,17.0,0.016022964705882353
29-1151,Nurse Anesthetists,0.1344116,2221,Nursing professionals,1.0,0.1344116,254211,Nurse Educator,17.0,0.007906564705882352
29-1151,Nurse Anesthetists,0.1344116,2221,Nursing professionals,1.0,0.1344116,254212,Nurse Researcher,17.0,0.007906564705882352
29-1151,Nurse Anesthetists,0.1344116,2221,Nursing professionals,1.0,0.1344116,254311,Nurse Manager,17.0,0.007906564705882352
29-1151,Nurse Anesthetists,0.1344116,2221,Nursing professionals,1.0,0.1344116,254411,Nurse Practitioner,17.0,0.007906564705882352
29-1151,Nurse Anesthetists,0.1344116,2221,Nursing professionals,1.0,0.1344116,254412,Registered Nurse (Aged Care),17.0,0.007906564705882352
29-1151,Nurse Anesthetists,0.1344116,2221,Nursing professionals,1.0,0.1344116,254413,Registered Nurse (Child and Family Health),17.0,0.007906564705882352
29-1151,Nurse Anesthetists,0.1344116,2221,Nursing professionals,1.0,0.1344116,254414,Registered Nurse (Community Health),17.0,0.007906564705882352
29-1151,Nurse Anesthetists,0.1344116,2221,Nursing professionals,1.0,0.1344116,254415,Registered Nurse (Critical Care and Emergency),17.0,0.007906564705882352
29-1151,Nurse Anesthetists,0.1344116,2221,Nursing professionals,1.0,0.1344116,254416,Registered Nurse (Developmental Disability),17.0,0.007906564705882352
29-1151,Nurse Anesthetists,0.1344116,2221,Nursing professionals,1.0,0.1344116,254417,Registered Nurse (Disability and Rehabilitation),17.0,0.007906564705882352
29-1151,Nurse Anesthetists,0.1344116,2221,Nursing professionals,1.0,0.1344116,254418,Registered Nurse (Medical),17.0,0.007906564705882352
29-1151,Nurse Anesthetists,0.1344116,2221,Nursing professionals,1.0,0.1344116,254421,Registered Nurse (Medical Practice),17.0,0.007906564705882352
29-1151,Nurse Anesthetists,0.1344116,2221,Nursing professionals,1.0,0.1344116,254422,Registered Nurse (Mental Health),17.0,0.007906564705882352
29-1151,Nurse Anesthetists,0.1344116,2221,Nursing professionals,1.0,0.1344116,254423,Registered Nurse (Perioperative),17.0,0.007906564705882352
29-1151,Nurse Anesthetists,0.1344116,2221,Nursing professionals,1.0,0.1344116,254424,Registered Nurse (Surgical),17.0,0.007906564705882352
29-1151,Nurse Anesthetists,0.1344116,2221,Nursing professionals,1.0,0.1344116,254425,Registered Nurse (Paediatrics),17.0,0.007906564705882352
29-1151,Nurse Anesthetists,0.1344116,2221,Nursing professionals,1.0,0.1344116,254499,Registered Nurses nec,17.0,0.007906564705882352
29-1161,Nurse Midwives,0.3052241,2222,Midwifery professionals,1.0,0.3052241,254111,Midwife,1.0,0.3052241
29-1171,Nurse Practitioners,0.3016596,2221,Nursing professionals,1.0,0.3016596,254211,Nurse Educator,17.0,0.017744682352941177
29-1171,Nurse Practitioners,0.3016596,2221,Nursing professionals,1.0,0.3016596,254212,Nurse Researcher,17.0,0.017744682352941177
29-1171,Nurse Practitioners,0.3016596,2221,Nursing professionals,1.0,0.3016596,254311,Nurse Manager,17.0,0.017744682352941177
29-1171,Nurse Practitioners,0.3016596,2221,Nursing professionals,1.0,0.3016596,254411,Nurse Practitioner,17.0,0.017744682352941177
29-1171,Nurse Practitioners,0.3016596,2221,Nursing professionals,1.0,0.3016596,254412,Registered Nurse (Aged Care),17.0,0.017744682352941177
29-1171,Nurse Practitioners,0.3016596,2221,Nursing professionals,1.0,0.3016596,254413,Registered Nurse (Child and Family Health),17.0,0.017744682352941177
29-1171,Nurse Practitioners,0.3016596,2221,Nursing professionals,1.0,0.3016596,254414,Registered Nurse (Community Health),17.0,0.017744682352941177
29-1171,Nurse Practitioners,0.3016596,2221,Nursing professionals,1.0,0.3016596,254415,Registered Nurse (Critical Care and Emergency),17.0,0.017744682352941177
29-1171,Nurse Practitioners,0.3016596,2221,Nursing professionals,1.0,0.3016596,254416,Registered Nurse (Developmental Disability),17.0,0.017744682352941177
29-1171,Nurse Practitioners,0.3016596,2221,Nursing professionals,1.0,0.3016596,254417,Registered Nurse (Disability and Rehabilitation),17.0,0.017744682352941177
29-1171,Nurse Practitioners,0.3016596,2221,Nursing professionals,1.0,0.3016596,254418,Registered Nurse (Medical),17.0,0.017744682352941177
29-1171,Nurse Practitioners,0.3016596,2221,Nursing professionals,1.0,0.3016596,254421,Registered Nurse (Medical Practice),17.0,0.017744682352941177
29-1171,Nurse Practitioners,0.3016596,2221,Nursing professionals,1.0,0.3016596,254422,Registered Nurse (Mental Health),17.0,0.017744682352941177
29-1171,Nurse Practitioners,0.3016596,2221,Nursing professionals,1.0,0.3016596,254423,Registered Nurse (Perioperative),17.0,0.017744682352941177
29-1171,Nurse Practitioners,0.3016596,2221,Nursing professionals,1.0,0.3016596,254424,Registered Nurse (Surgical),17.0,0.017744682352941177
29-1171,Nurse Practitioners,0.3016596,2221,Nursing professionals,1.0,0.3016596,254425,Registered Nurse (Paediatrics),17.0,0.017744682352941177
29-1171,Nurse Practitioners,0.3016596,2221,Nursing professionals,1.0,0.3016596,254499,Registered Nurses nec,17.0,0.017744682352941177
29-1181,Audiologists,0.6955392,2266,Audiologists and speech therapists,1.0,0.6955392,252711,Audiologist,2.0,0.3477696
29-1181,Audiologists,0.6955392,2266,Audiologists and speech therapists,1.0,0.6955392,252712,Speech Pathologist / Speech Language Therapist,2.0,0.3477696
29-1199,"Health Diagnosing and Treating Practitioners, All Other",0.6788277,2230,Traditional and complementary medicine professionals,3.0,0.2262759,252211,Acupuncturist,6.0,0.03771265
29-1199,"Health Diagnosing and Treating Practitioners, All Other",0.6788277,2230,Traditional and complementary medicine professionals,3.0,0.2262759,252212,Homoeopath,6.0,0.03771265
29-1199,"Health Diagnosing and Treating Practitioners, All Other",0.6788277,2230,Traditional and complementary medicine professionals,3.0,0.2262759,252213,Naturopath,6.0,0.03771265
29-1199,"Health Diagnosing and Treating Practitioners, All Other",0.6788277,2230,Traditional and complementary medicine professionals,3.0,0.2262759,252214,Traditional Chinese Medicine Practitioner,6.0,0.03771265
29-1199,"Health Diagnosing and Treating Practitioners, All Other",0.6788277,2230,Traditional and complementary medicine professionals,3.0,0.2262759,252215,Traditional Māori Health Practitioner,6.0,0.03771265
29-1199,"Health Diagnosing and Treating Practitioners, All Other",0.6788277,2230,Traditional and complementary medicine professionals,3.0,0.2262759,252299,Complementary Health Therapists nec,6.0,0.03771265
29-1199,"Health Diagnosing and Treating Practitioners, All Other",0.6788277,2269,Health professionals not elsewhere classified,3.0,0.2262759,234612,Respiratory Scientist,9.0,0.025141766666666666
29-1199,"Health Diagnosing and Treating Practitioners, All Other",0.6788277,2269,Health professionals not elsewhere classified,3.0,0.2262759,234915,Exercise Physiologist,9.0,0.025141766666666666
29-1199,"Health Diagnosing and Treating Practitioners, All Other",0.6788277,2269,Health professionals not elsewhere classified,3.0,0.2262759,234999,Natural and Physical Science Professionals nec,9.0,0.025141766666666666
29-1199,"Health Diagnosing and Treating Practitioners, All Other",0.6788277,2269,Health professionals not elsewhere classified,3.0,0.2262759,251999,Health Diagnostic and Promotion Professionals nec,9.0,0.025141766666666666
29-1199,"Health Diagnosing and Treating Practitioners, All Other",0.6788277,2269,Health professionals not elsewhere classified,3.0,0.2262759,252111,Chiropractor,9.0,0.025141766666666666
29-1199,"Health Diagnosing and Treating Practitioners, All Other",0.6788277,2269,Health professionals not elsewhere classified,3.0,0.2262759,252112,Osteopath,9.0,0.025141766666666666
29-1199,"Health Diagnosing and Treating Practitioners, All Other",0.6788277,2269,Health professionals not elsewhere classified,3.0,0.2262759,252299,Complementary Health Therapists nec,9.0,0.025141766666666666
29-1199,"Health Diagnosing and Treating Practitioners, All Other",0.6788277,2269,Health professionals not elsewhere classified,3.0,0.2262759,252411,Occupational Therapist,9.0,0.025141766666666666
29-1199,"Health Diagnosing and Treating Practitioners, All Other",0.6788277,2269,Health professionals not elsewhere classified,3.0,0.2262759,252611,Podiatrist,9.0,0.025141766666666666
29-1199,"Health Diagnosing and Treating Practitioners, All Other",0.6788277,3255,Physiotherapy technicians and assistants,3.0,0.2262759,411611,Massage Therapist,2.0,0.11313795
29-1199,"Health Diagnosing and Treating Practitioners, All Other",0.6788277,3255,Physiotherapy technicians and assistants,3.0,0.2262759,423314,Therapy Aide,2.0,0.11313795
29-2011,Medical and Clinical Laboratory Technologists,-0.042349,3212,Medical and pathology laboratory technicians ,1.0,-0.042349,234611,Medical Laboratory Scientist,2.0,-0.0211745
29-2011,Medical and Clinical Laboratory Technologists,-0.042349,3212,Medical and pathology laboratory technicians ,1.0,-0.042349,311213,Medical Laboratory Technician,2.0,-0.0211745
29-2012,Medical and Clinical Laboratory Technicians,-0.2827884,3212,Medical and pathology laboratory technicians ,1.0,-0.2827884,234611,Medical Laboratory Scientist,2.0,-0.1413942
29-2012,Medical and Clinical Laboratory Technicians,-0.2827884,3212,Medical and pathology laboratory technicians ,1.0,-0.2827884,311213,Medical Laboratory Technician,2.0,-0.1413942
29-2021,Dental Hygienists,-0.3524675,3251,Dental assistants and therapists,1.0,-0.3524675,411211,Dental Hygienist,3.0,-0.11748916666666666
29-2021,Dental Hygienists,-0.3524675,3251,Dental assistants and therapists,1.0,-0.3524675,411214,Dental Therapist,3.0,-0.11748916666666666
29-2021,Dental Hygienists,-0.3524675,3251,Dental assistants and therapists,1.0,-0.3524675,423211,Dental Assistant,3.0,-0.11748916666666666
29-2031,Cardiovascular Technologists and Technicians,-0.131293,3259,Health associate professionals not elsewhere classified,1.0,-0.131293,252299,Complementary Health Therapists nec,7.0,-0.018756142857142857
29-2031,Cardiovascular Technologists and Technicians,-0.131293,3259,Health associate professionals not elsewhere classified,1.0,-0.131293,311211,Anaesthetic Technician,7.0,-0.018756142857142857
29-2031,Cardiovascular Technologists and Technicians,-0.131293,3259,Health associate professionals not elsewhere classified,1.0,-0.131293,311212,Cardiac Technician,7.0,-0.018756142857142857
29-2031,Cardiovascular Technologists and Technicians,-0.131293,3259,Health associate professionals not elsewhere classified,1.0,-0.131293,311214,Operating Theatre Technician,7.0,-0.018756142857142857
29-2031,Cardiovascular Technologists and Technicians,-0.131293,3259,Health associate professionals not elsewhere classified,1.0,-0.131293,311299,Medical Technicians nec,7.0,-0.018756142857142857
29-2031,Cardiovascular Technologists and Technicians,-0.131293,3259,Health associate professionals not elsewhere classified,1.0,-0.131293,411311,Diversional Therapist,7.0,-0.018756142857142857
29-2031,Cardiovascular Technologists and Technicians,-0.131293,3259,Health associate professionals not elsewhere classified,1.0,-0.131293,423314,Therapy Aide,7.0,-0.018756142857142857
29-2032,Diagnostic Medical Sonographers,-0.2743202,3211,Medical imaging and therapeutic equipment technicians,1.0,-0.2743202,251211,Medical Diagnostic Radiographer,5.0,-0.05486404
29-2032,Diagnostic Medical Sonographers,-0.2743202,3211,Medical imaging and therapeutic equipment technicians,1.0,-0.2743202,251212,Medical Radiation Therapist,5.0,-0.05486404
29-2032,Diagnostic Medical Sonographers,-0.2743202,3211,Medical imaging and therapeutic equipment technicians,1.0,-0.2743202,251213,Nuclear Medicine Technologist,5.0,-0.05486404
29-2032,Diagnostic Medical Sonographers,-0.2743202,3211,Medical imaging and therapeutic equipment technicians,1.0,-0.2743202,251214,Sonographer,5.0,-0.05486404
29-2032,Diagnostic Medical Sonographers,-0.2743202,3211,Medical imaging and therapeutic equipment technicians,1.0,-0.2743202,311212,Cardiac Technician,5.0,-0.05486404
29-2033,Nuclear Medicine Technologists,-0.0226015,3211,Medical imaging and therapeutic equipment technicians,1.0,-0.0226015,251211,Medical Diagnostic Radiographer,5.0,-0.0045203
29-2033,Nuclear Medicine Technologists,-0.0226015,3211,Medical imaging and therapeutic equipment technicians,1.0,-0.0226015,251212,Medical Radiation Therapist,5.0,-0.0045203
29-2033,Nuclear Medicine Technologists,-0.0226015,3211,Medical imaging and therapeutic equipment technicians,1.0,-0.0226015,251213,Nuclear Medicine Technologist,5.0,-0.0045203
29-2033,Nuclear Medicine Technologists,-0.0226015,3211,Medical imaging and therapeutic equipment technicians,1.0,-0.0226015,251214,Sonographer,5.0,-0.0045203
29-2033,Nuclear Medicine Technologists,-0.0226015,3211,Medical imaging and therapeutic equipment technicians,1.0,-0.0226015,311212,Cardiac Technician,5.0,-0.0045203
29-2034,Radiologic Technologists,-0.4048342,3211,Medical imaging and therapeutic equipment technicians,1.0,-0.4048342,251211,Medical Diagnostic Radiographer,5.0,-0.08096684
29-2034,Radiologic Technologists,-0.4048342,3211,Medical imaging and therapeutic equipment technicians,1.0,-0.4048342,251212,Medical Radiation Therapist,5.0,-0.08096684
29-2034,Radiologic Technologists,-0.4048342,3211,Medical imaging and therapeutic equipment technicians,1.0,-0.4048342,251213,Nuclear Medicine Technologist,5.0,-0.08096684
29-2034,Radiologic Technologists,-0.4048342,3211,Medical imaging and therapeutic equipment technicians,1.0,-0.4048342,251214,Sonographer,5.0,-0.08096684
29-2034,Radiologic Technologists,-0.4048342,3211,Medical imaging and therapeutic equipment technicians,1.0,-0.4048342,311212,Cardiac Technician,5.0,-0.08096684
29-2035,Magnetic Resonance Imaging Technologists,-0.1366283,3211,Medical imaging and therapeutic equipment technicians,1.0,-0.1366283,251211,Medical Diagnostic Radiographer,5.0,-0.02732566
29-2035,Magnetic Resonance Imaging Technologists,-0.1366283,3211,Medical imaging and therapeutic equipment technicians,1.0,-0.1366283,251212,Medical Radiation Therapist,5.0,-0.02732566
29-2035,Magnetic Resonance Imaging Technologists,-0.1366283,3211,Medical imaging and therapeutic equipment technicians,1.0,-0.1366283,251213,Nuclear Medicine Technologist,5.0,-0.02732566
29-2035,Magnetic Resonance Imaging Technologists,-0.1366283,3211,Medical imaging and therapeutic equipment technicians,1.0,-0.1366283,251214,Sonographer,5.0,-0.02732566
29-2035,Magnetic Resonance Imaging Technologists,-0.1366283,3211,Medical imaging and therapeutic equipment technicians,1.0,-0.1366283,311212,Cardiac Technician,5.0,-0.02732566
29-2041,Emergency Medical Technicians and Paramedics,-0.6994473,3258,Ambulance workers,1.0,-0.6994473,411111,Ambulance Officer,2.0,-0.34972365
29-2041,Emergency Medical Technicians and Paramedics,-0.6994473,3258,Ambulance workers,1.0,-0.6994473,411112,Intensive Care Ambulance Paramedic (Aus) / Ambulance Paramedic (NZ),2.0,-0.34972365
29-2051,Dietetic Technicians,-0.1277389,3259,Health associate professionals not elsewhere classified,1.0,-0.1277389,252299,Complementary Health Therapists nec,7.0,-0.018248414285714283
29-2051,Dietetic Technicians,-0.1277389,3259,Health associate professionals not elsewhere classified,1.0,-0.1277389,311211,Anaesthetic Technician,7.0,-0.018248414285714283
29-2051,Dietetic Technicians,-0.1277389,3259,Health associate professionals not elsewhere classified,1.0,-0.1277389,311212,Cardiac Technician,7.0,-0.018248414285714283
29-2051,Dietetic Technicians,-0.1277389,3259,Health associate professionals not elsewhere classified,1.0,-0.1277389,311214,Operating Theatre Technician,7.0,-0.018248414285714283
29-2051,Dietetic Technicians,-0.1277389,3259,Health associate professionals not elsewhere classified,1.0,-0.1277389,311299,Medical Technicians nec,7.0,-0.018248414285714283
29-2051,Dietetic Technicians,-0.1277389,3259,Health associate professionals not elsewhere classified,1.0,-0.1277389,411311,Diversional Therapist,7.0,-0.018248414285714283
29-2051,Dietetic Technicians,-0.1277389,3259,Health associate professionals not elsewhere classified,1.0,-0.1277389,423314,Therapy Aide,7.0,-0.018248414285714283
29-2052,Pharmacy Technicians,-0.0233856,3213,Pharmaceutical technicians and assistants,1.0,-0.0233856,311215,Pharmacy Technician,1.0,-0.0233856
29-2053,Psychiatric Technicians,-0.0011,3259,Health associate professionals not elsewhere classified,1.0,-0.0011,252299,Complementary Health Therapists nec,7.0,-0.00015714285714285716
29-2053,Psychiatric Technicians,-0.0011,3259,Health associate professionals not elsewhere classified,1.0,-0.0011,311211,Anaesthetic Technician,7.0,-0.00015714285714285716
29-2053,Psychiatric Technicians,-0.0011,3259,Health associate professionals not elsewhere classified,1.0,-0.0011,311212,Cardiac Technician,7.0,-0.00015714285714285716
29-2053,Psychiatric Technicians,-0.0011,3259,Health associate professionals not elsewhere classified,1.0,-0.0011,311214,Operating Theatre Technician,7.0,-0.00015714285714285716
29-2053,Psychiatric Technicians,-0.0011,3259,Health associate professionals not elsewhere classified,1.0,-0.0011,311299,Medical Technicians nec,7.0,-0.00015714285714285716
29-2053,Psychiatric Technicians,-0.0011,3259,Health associate professionals not elsewhere classified,1.0,-0.0011,411311,Diversional Therapist,7.0,-0.00015714285714285716
29-2053,Psychiatric Technicians,-0.0011,3259,Health associate professionals not elsewhere classified,1.0,-0.0011,423314,Therapy Aide,7.0,-0.00015714285714285716
29-2054,Respiratory Therapy Technicians,-0.0883059,3259,Health associate professionals not elsewhere classified,1.0,-0.0883059,252299,Complementary Health Therapists nec,7.0,-0.012615128571428573
29-2054,Respiratory Therapy Technicians,-0.0883059,3259,Health associate professionals not elsewhere classified,1.0,-0.0883059,311211,Anaesthetic Technician,7.0,-0.012615128571428573
29-2054,Respiratory Therapy Technicians,-0.0883059,3259,Health associate professionals not elsewhere classified,1.0,-0.0883059,311212,Cardiac Technician,7.0,-0.012615128571428573
29-2054,Respiratory Therapy Technicians,-0.0883059,3259,Health associate professionals not elsewhere classified,1.0,-0.0883059,311214,Operating Theatre Technician,7.0,-0.012615128571428573
29-2054,Respiratory Therapy Technicians,-0.0883059,3259,Health associate professionals not elsewhere classified,1.0,-0.0883059,311299,Medical Technicians nec,7.0,-0.012615128571428573
29-2054,Respiratory Therapy Technicians,-0.0883059,3259,Health associate professionals not elsewhere classified,1.0,-0.0883059,411311,Diversional Therapist,7.0,-0.012615128571428573
29-2054,Respiratory Therapy Technicians,-0.0883059,3259,Health associate professionals not elsewhere classified,1.0,-0.0883059,423314,Therapy Aide,7.0,-0.012615128571428573
29-2055,Surgical Technologists,-0.5417635,3259,Health associate professionals not elsewhere classified,1.0,-0.5417635,252299,Complementary Health Therapists nec,7.0,-0.07739478571428571
29-2055,Surgical Technologists,-0.5417635,3259,Health associate professionals not elsewhere classified,1.0,-0.5417635,311211,Anaesthetic Technician,7.0,-0.07739478571428571
29-2055,Surgical Technologists,-0.5417635,3259,Health associate professionals not elsewhere classified,1.0,-0.5417635,311212,Cardiac Technician,7.0,-0.07739478571428571
29-2055,Surgical Technologists,-0.5417635,3259,Health associate professionals not elsewhere classified,1.0,-0.5417635,311214,Operating Theatre Technician,7.0,-0.07739478571428571
29-2055,Surgical Technologists,-0.5417635,3259,Health associate professionals not elsewhere classified,1.0,-0.5417635,311299,Medical Technicians nec,7.0,-0.07739478571428571
29-2055,Surgical Technologists,-0.5417635,3259,Health associate professionals not elsewhere classified,1.0,-0.5417635,411311,Diversional Therapist,7.0,-0.07739478571428571
29-2055,Surgical Technologists,-0.5417635,3259,Health associate professionals not elsewhere classified,1.0,-0.5417635,423314,Therapy Aide,7.0,-0.07739478571428571
29-2056,Veterinary Technologists and Technicians,-0.2819632,3240,Veterinary technicians and assistants,1.0,-0.2819632,311413,Life Science Technician,2.0,-0.1409816
29-2056,Veterinary Technologists and Technicians,-0.2819632,3240,Veterinary technicians and assistants,1.0,-0.2819632,361311,Veterinary Nurse,2.0,-0.1409816
29-2057,Ophthalmic Medical Technicians,0.0829021,3256,Medical assistants,1.0,0.0829021,311299,Medical Technicians nec,1.0,0.0829021
29-2061,Licensed Practical and Licensed Vocational Nurses,-0.2979922,3221,Nursing associate professionals,1.0,-0.2979922,411411,Enrolled Nurse,1.0,-0.2979922
29-2071,Medical Records and Health Information Technicians,0.5524089,3252,Medical records and health information technicians,1.0,0.5524089,224213,Health Information Manager,3.0,0.1841363
29-2071,Medical Records and Health Information Technicians,0.5524089,3252,Medical records and health information technicians,1.0,0.5524089,561311,Filing or Registry Clerk,3.0,0.1841363
29-2071,Medical Records and Health Information Technicians,0.5524089,3252,Medical records and health information technicians,1.0,0.5524089,599915,Clinical Coder,3.0,0.1841363
29-2081,"Opticians, Dispensing",0.0285751,3254,Dispensing opticians,1.0,0.0285751,399913,Optical Dispenser / Dispensing Optician,1.0,0.0285751
29-2091,Orthotists and Prosthetists,0.1256412,3214,Medical and dental prosthetic technicians,1.0,0.1256412,251912,Orthotist or Prosthetist,5.0,0.025128240000000003
29-2091,Orthotists and Prosthetists,0.1256412,3214,Medical and dental prosthetic technicians,1.0,0.1256412,311217,Respiratory Technician,5.0,0.025128240000000003
29-2091,Orthotists and Prosthetists,0.1256412,3214,Medical and dental prosthetic technicians,1.0,0.1256412,311299,Medical Technicians nec,5.0,0.025128240000000003
29-2091,Orthotists and Prosthetists,0.1256412,3214,Medical and dental prosthetic technicians,1.0,0.1256412,411212,Dental Prosthetist,5.0,0.025128240000000003
29-2091,Orthotists and Prosthetists,0.1256412,3214,Medical and dental prosthetic technicians,1.0,0.1256412,411213,Dental Technician,5.0,0.025128240000000003
29-2092,Hearing Aid Specialists,0.4584805,3214,Medical and dental prosthetic technicians,1.0,0.4584805,251912,Orthotist or Prosthetist,5.0,0.0916961
29-2092,Hearing Aid Specialists,0.4584805,3214,Medical and dental prosthetic technicians,1.0,0.4584805,311217,Respiratory Technician,5.0,0.0916961
29-2092,Hearing Aid Specialists,0.4584805,3214,Medical and dental prosthetic technicians,1.0,0.4584805,311299,Medical Technicians nec,5.0,0.0916961
29-2092,Hearing Aid Specialists,0.4584805,3214,Medical and dental prosthetic technicians,1.0,0.4584805,411212,Dental Prosthetist,5.0,0.0916961
29-2092,Hearing Aid Specialists,0.4584805,3214,Medical and dental prosthetic technicians,1.0,0.4584805,411213,Dental Technician,5.0,0.0916961
29-2099,"Health Technologists and Technicians, All Other",-0.2805267,3259,Health associate professionals not elsewhere classified,1.0,-0.2805267,252299,Complementary Health Therapists nec,7.0,-0.04007524285714286
29-2099,"Health Technologists and Technicians, All Other",-0.2805267,3259,Health associate professionals not elsewhere classified,1.0,-0.2805267,311211,Anaesthetic Technician,7.0,-0.04007524285714286
29-2099,"Health Technologists and Technicians, All Other",-0.2805267,3259,Health associate professionals not elsewhere classified,1.0,-0.2805267,311212,Cardiac Technician,7.0,-0.04007524285714286
29-2099,"Health Technologists and Technicians, All Other",-0.2805267,3259,Health associate professionals not elsewhere classified,1.0,-0.2805267,311214,Operating Theatre Technician,7.0,-0.04007524285714286
29-2099,"Health Technologists and Technicians, All Other",-0.2805267,3259,Health associate professionals not elsewhere classified,1.0,-0.2805267,311299,Medical Technicians nec,7.0,-0.04007524285714286
29-2099,"Health Technologists and Technicians, All Other",-0.2805267,3259,Health associate professionals not elsewhere classified,1.0,-0.2805267,411311,Diversional Therapist,7.0,-0.04007524285714286
29-2099,"Health Technologists and Technicians, All Other",-0.2805267,3259,Health associate professionals not elsewhere classified,1.0,-0.2805267,423314,Therapy Aide,7.0,-0.04007524285714286
29-9011,Occupational Health and Safety Specialists,0.5978742,2263,Environmental and occupational health and hygiene professionals,1.0,0.5978742,251311,Environmental Health Officer,2.0,0.2989371
29-9011,Occupational Health and Safety Specialists,0.5978742,2263,Environmental and occupational health and hygiene professionals,1.0,0.5978742,251312,Occupational Health and Safety Adviser,2.0,0.2989371
29-9012,Occupational Health and Safety Technicians,0.3289637,3257,Environmental and occupational health inspectors and associates,1.0,0.3289637,251311,Environmental Health Officer,8.0,0.0411204625
29-9012,Occupational Health and Safety Technicians,0.3289637,3257,Environmental and occupational health inspectors and associates,1.0,0.3289637,311312,Meat Inspector,8.0,0.0411204625
29-9012,Occupational Health and Safety Technicians,0.3289637,3257,Environmental and occupational health inspectors and associates,1.0,0.3289637,311314,Primary Products Quality Assurance Officer,8.0,0.0411204625
29-9012,Occupational Health and Safety Technicians,0.3289637,3257,Environmental and occupational health inspectors and associates,1.0,0.3289637,311399,Primary Products Assurance and Inspection Officers nec,8.0,0.0411204625
29-9012,Occupational Health and Safety Technicians,0.3289637,3257,Environmental and occupational health inspectors and associates,1.0,0.3289637,312611,Safety Inspector,8.0,0.0411204625
29-9012,Occupational Health and Safety Technicians,0.3289637,3257,Environmental and occupational health inspectors and associates,1.0,0.3289637,599514,"Invasive Pest, Weed and Disease Inspector",8.0,0.0411204625
29-9012,Occupational Health and Safety Technicians,0.3289637,3257,Environmental and occupational health inspectors and associates,1.0,0.3289637,599521,Water Inspector,8.0,0.0411204625
29-9012,Occupational Health and Safety Technicians,0.3289637,3257,Environmental and occupational health inspectors and associates,1.0,0.3289637,599599,Inspectors and Regulatory Officers nec,8.0,0.0411204625
29-9091,Athletic Trainers,-0.0953968,3423,Fitness and recreation instructors and program leaders,1.0,-0.0953968,452111,Fitness Instructor,10.0,-0.00953968
29-9091,Athletic Trainers,-0.0953968,3423,Fitness and recreation instructors and program leaders,1.0,-0.0953968,452211,Bungy Jump Master,10.0,-0.00953968
29-9091,Athletic Trainers,-0.0953968,3423,Fitness and recreation instructors and program leaders,1.0,-0.0953968,452212,Fishing Guide,10.0,-0.00953968
29-9091,Athletic Trainers,-0.0953968,3423,Fitness and recreation instructors and program leaders,1.0,-0.0953968,452213,Hunting Guide,10.0,-0.00953968
29-9091,Athletic Trainers,-0.0953968,3423,Fitness and recreation instructors and program leaders,1.0,-0.0953968,452214,Mountain or Glacier Guide,10.0,-0.00953968
29-9091,Athletic Trainers,-0.0953968,3423,Fitness and recreation instructors and program leaders,1.0,-0.0953968,452215,Outdoor Adventure Instructor,10.0,-0.00953968
29-9091,Athletic Trainers,-0.0953968,3423,Fitness and recreation instructors and program leaders,1.0,-0.0953968,452216,Trekking Guide,10.0,-0.00953968
29-9091,Athletic Trainers,-0.0953968,3423,Fitness and recreation instructors and program leaders,1.0,-0.0953968,452217,Whitewater Rafting Guide,10.0,-0.00953968
29-9091,Athletic Trainers,-0.0953968,3423,Fitness and recreation instructors and program leaders,1.0,-0.0953968,452299,Outdoor Adventure Guides nec,10.0,-0.00953968
29-9091,Athletic Trainers,-0.0953968,3423,Fitness and recreation instructors and program leaders,1.0,-0.0953968,452313,Horse Riding Coach or Instructor,10.0,-0.00953968
29-9092,Genetic Counselors,1.477603,2269,Health professionals not elsewhere classified,1.0,1.477603,234612,Respiratory Scientist,9.0,0.1641781111111111
29-9092,Genetic Counselors,1.477603,2269,Health professionals not elsewhere classified,1.0,1.477603,234915,Exercise Physiologist,9.0,0.1641781111111111
29-9092,Genetic Counselors,1.477603,2269,Health professionals not elsewhere classified,1.0,1.477603,234999,Natural and Physical Science Professionals nec,9.0,0.1641781111111111
29-9092,Genetic Counselors,1.477603,2269,Health professionals not elsewhere classified,1.0,1.477603,251999,Health Diagnostic and Promotion Professionals nec,9.0,0.1641781111111111
29-9092,Genetic Counselors,1.477603,2269,Health professionals not elsewhere classified,1.0,1.477603,252111,Chiropractor,9.0,0.1641781111111111
29-9092,Genetic Counselors,1.477603,2269,Health professionals not elsewhere classified,1.0,1.477603,252112,Osteopath,9.0,0.1641781111111111
29-9092,Genetic Counselors,1.477603,2269,Health professionals not elsewhere classified,1.0,1.477603,252299,Complementary Health Therapists nec,9.0,0.1641781111111111
29-9092,Genetic Counselors,1.477603,2269,Health professionals not elsewhere classified,1.0,1.477603,252411,Occupational Therapist,9.0,0.1641781111111111
29-9092,Genetic Counselors,1.477603,2269,Health professionals not elsewhere classified,1.0,1.477603,252611,Podiatrist,9.0,0.1641781111111111
29-9099,"Healthcare Practitioners and Technical Workers, All Other",0.2785947,3222,Midwifery associate professionals,3.0,0.09286489999999999,411412,Mothercraft Nurse,1.0,0.09286489999999999
29-9099,"Healthcare Practitioners and Technical Workers, All Other",0.2785947,3230,Traditional and complementary medicine associate professionals,3.0,0.09286489999999999,451511,Natural Remedy Consultant,2.0,0.04643244999999999
29-9099,"Healthcare Practitioners and Technical Workers, All Other",0.2785947,3230,Traditional and complementary medicine associate professionals,3.0,0.09286489999999999,451513,Herbalist (Western),2.0,0.04643244999999999
29-9099,"Healthcare Practitioners and Technical Workers, All Other",0.2785947,3259,Health associate professionals not elsewhere classified,3.0,0.09286489999999999,252299,Complementary Health Therapists nec,7.0,0.013266414285714285
29-9099,"Healthcare Practitioners and Technical Workers, All Other",0.2785947,3259,Health associate professionals not elsewhere classified,3.0,0.09286489999999999,311211,Anaesthetic Technician,7.0,0.013266414285714285
29-9099,"Healthcare Practitioners and Technical Workers, All Other",0.2785947,3259,Health associate professionals not elsewhere classified,3.0,0.09286489999999999,311212,Cardiac Technician,7.0,0.013266414285714285
29-9099,"Healthcare Practitioners and Technical Workers, All Other",0.2785947,3259,Health associate professionals not elsewhere classified,3.0,0.09286489999999999,311214,Operating Theatre Technician,7.0,0.013266414285714285
29-9099,"Healthcare Practitioners and Technical Workers, All Other",0.2785947,3259,Health associate professionals not elsewhere classified,3.0,0.09286489999999999,311299,Medical Technicians nec,7.0,0.013266414285714285
29-9099,"Healthcare Practitioners and Technical Workers, All Other",0.2785947,3259,Health associate professionals not elsewhere classified,3.0,0.09286489999999999,411311,Diversional Therapist,7.0,0.013266414285714285
29-9099,"Healthcare Practitioners and Technical Workers, All Other",0.2785947,3259,Health associate professionals not elsewhere classified,3.0,0.09286489999999999,423314,Therapy Aide,7.0,0.013266414285714285
31-1011,Home Health Aides,-0.404814,5322,Home-based personal care workers,1.0,-0.404814,423111,Aged or Disabled Carer,1.0,-0.404814
31-1013,Psychiatric Aides,-0.2746419,5321,Health care assistants,1.0,-0.2746419,423312,Nursing Support Worker,2.0,-0.13732095
31-1013,Psychiatric Aides,-0.2746419,5321,Health care assistants,1.0,-0.2746419,423313,Personal Care Assistant,2.0,-0.13732095
31-1014,Nursing Assistants,-0.5148466,5321,Health care assistants,1.0,-0.5148466,423312,Nursing Support Worker,2.0,-0.2574233
31-1014,Nursing Assistants,-0.5148466,5321,Health care assistants,1.0,-0.5148466,423313,Personal Care Assistant,2.0,-0.2574233
31-1015,Orderlies,-1.08762,5329,Personal care workers in health services not elsewhere classified,1.0,-1.08762,311216,Pathology Collector / Phlebotomist,6.0,-0.18127000000000001
31-1015,Orderlies,-1.08762,5329,Personal care workers in health services not elsewhere classified,1.0,-1.08762,423211,Dental Assistant,6.0,-0.18127000000000001
31-1015,Orderlies,-1.08762,5329,Personal care workers in health services not elsewhere classified,1.0,-1.08762,423311,Hospital Orderly,6.0,-0.18127000000000001
31-1015,Orderlies,-1.08762,5329,Personal care workers in health services not elsewhere classified,1.0,-1.08762,451899,Personal Service Workers nec,6.0,-0.18127000000000001
31-1015,Orderlies,-1.08762,5329,Personal care workers in health services not elsewhere classified,1.0,-1.08762,711411,Photographic Developer and Printer,6.0,-0.18127000000000001
31-1015,Orderlies,-1.08762,5329,Personal care workers in health services not elsewhere classified,1.0,-1.08762,711914,Sterilisation Technician,6.0,-0.18127000000000001
31-2011,Occupational Therapy Assistants,-0.0745205,3259,Health associate professionals not elsewhere classified,1.0,-0.0745205,252299,Complementary Health Therapists nec,7.0,-0.010645785714285715
31-2011,Occupational Therapy Assistants,-0.0745205,3259,Health associate professionals not elsewhere classified,1.0,-0.0745205,311211,Anaesthetic Technician,7.0,-0.010645785714285715
31-2011,Occupational Therapy Assistants,-0.0745205,3259,Health associate professionals not elsewhere classified,1.0,-0.0745205,311212,Cardiac Technician,7.0,-0.010645785714285715
31-2011,Occupational Therapy Assistants,-0.0745205,3259,Health associate professionals not elsewhere classified,1.0,-0.0745205,311214,Operating Theatre Technician,7.0,-0.010645785714285715
31-2011,Occupational Therapy Assistants,-0.0745205,3259,Health associate professionals not elsewhere classified,1.0,-0.0745205,311299,Medical Technicians nec,7.0,-0.010645785714285715
31-2011,Occupational Therapy Assistants,-0.0745205,3259,Health associate professionals not elsewhere classified,1.0,-0.0745205,411311,Diversional Therapist,7.0,-0.010645785714285715
31-2011,Occupational Therapy Assistants,-0.0745205,3259,Health associate professionals not elsewhere classified,1.0,-0.0745205,423314,Therapy Aide,7.0,-0.010645785714285715
31-2012,Occupational Therapy Aides,-0.3573223,5329,Personal care workers in health services not elsewhere classified,1.0,-0.3573223,311216,Pathology Collector / Phlebotomist,6.0,-0.059553716666666666
31-2012,Occupational Therapy Aides,-0.3573223,5329,Personal care workers in health services not elsewhere classified,1.0,-0.3573223,423211,Dental Assistant,6.0,-0.059553716666666666
31-2012,Occupational Therapy Aides,-0.3573223,5329,Personal care workers in health services not elsewhere classified,1.0,-0.3573223,423311,Hospital Orderly,6.0,-0.059553716666666666
31-2012,Occupational Therapy Aides,-0.3573223,5329,Personal care workers in health services not elsewhere classified,1.0,-0.3573223,451899,Personal Service Workers nec,6.0,-0.059553716666666666
31-2012,Occupational Therapy Aides,-0.3573223,5329,Personal care workers in health services not elsewhere classified,1.0,-0.3573223,711411,Photographic Developer and Printer,6.0,-0.059553716666666666
31-2012,Occupational Therapy Aides,-0.3573223,5329,Personal care workers in health services not elsewhere classified,1.0,-0.3573223,711914,Sterilisation Technician,6.0,-0.059553716666666666
31-2021,Physical Therapist Assistants,-0.2472779,3255,Physiotherapy technicians and assistants,1.0,-0.2472779,411611,Massage Therapist,2.0,-0.12363895
31-2021,Physical Therapist Assistants,-0.2472779,3255,Physiotherapy technicians and assistants,1.0,-0.2472779,423314,Therapy Aide,2.0,-0.12363895
31-2022,Physical Therapist Aides,-0.6148192,5329,Personal care workers in health services not elsewhere classified,1.0,-0.6148192,311216,Pathology Collector / Phlebotomist,6.0,-0.10246986666666667
31-2022,Physical Therapist Aides,-0.6148192,5329,Personal care workers in health services not elsewhere classified,1.0,-0.6148192,423211,Dental Assistant,6.0,-0.10246986666666667
31-2022,Physical Therapist Aides,-0.6148192,5329,Personal care workers in health services not elsewhere classified,1.0,-0.6148192,423311,Hospital Orderly,6.0,-0.10246986666666667
31-2022,Physical Therapist Aides,-0.6148192,5329,Personal care workers in health services not elsewhere classified,1.0,-0.6148192,451899,Personal Service Workers nec,6.0,-0.10246986666666667
31-2022,Physical Therapist Aides,-0.6148192,5329,Personal care workers in health services not elsewhere classified,1.0,-0.6148192,711411,Photographic Developer and Printer,6.0,-0.10246986666666667
31-2022,Physical Therapist Aides,-0.6148192,5329,Personal care workers in health services not elsewhere classified,1.0,-0.6148192,711914,Sterilisation Technician,6.0,-0.10246986666666667
31-9011,Massage Therapists,-0.6818891,3255,Physiotherapy technicians and assistants,1.0,-0.6818891,411611,Massage Therapist,2.0,-0.34094455
31-9011,Massage Therapists,-0.6818891,3255,Physiotherapy technicians and assistants,1.0,-0.6818891,423314,Therapy Aide,2.0,-0.34094455
31-9091,Dental Assistants,-0.3458537,3251,Dental assistants and therapists,2.0,-0.17292685,411211,Dental Hygienist,3.0,-0.05764228333333333
31-9091,Dental Assistants,-0.3458537,3251,Dental assistants and therapists,2.0,-0.17292685,411214,Dental Therapist,3.0,-0.05764228333333333
31-9091,Dental Assistants,-0.3458537,3251,Dental assistants and therapists,2.0,-0.17292685,423211,Dental Assistant,3.0,-0.05764228333333333
31-9091,Dental Assistants,-0.3458537,5329,Personal care workers in health services not elsewhere classified,2.0,-0.17292685,311216,Pathology Collector / Phlebotomist,6.0,-0.028821141666666664
31-9091,Dental Assistants,-0.3458537,5329,Personal care workers in health services not elsewhere classified,2.0,-0.17292685,423211,Dental Assistant,6.0,-0.028821141666666664
31-9091,Dental Assistants,-0.3458537,5329,Personal care workers in health services not elsewhere classified,2.0,-0.17292685,423311,Hospital Orderly,6.0,-0.028821141666666664
31-9091,Dental Assistants,-0.3458537,5329,Personal care workers in health services not elsewhere classified,2.0,-0.17292685,451899,Personal Service Workers nec,6.0,-0.028821141666666664
31-9091,Dental Assistants,-0.3458537,5329,Personal care workers in health services not elsewhere classified,2.0,-0.17292685,711411,Photographic Developer and Printer,6.0,-0.028821141666666664
31-9091,Dental Assistants,-0.3458537,5329,Personal care workers in health services not elsewhere classified,2.0,-0.17292685,711914,Sterilisation Technician,6.0,-0.028821141666666664
31-9092,Medical Assistants,0.2356488,3256,Medical assistants,1.0,0.2356488,311299,Medical Technicians nec,1.0,0.2356488
31-9093,Medical Equipment Preparers,-0.7762876,5329,Personal care workers in health services not elsewhere classified,1.0,-0.7762876,311216,Pathology Collector / Phlebotomist,6.0,-0.12938126666666666
31-9093,Medical Equipment Preparers,-0.7762876,5329,Personal care workers in health services not elsewhere classified,1.0,-0.7762876,423211,Dental Assistant,6.0,-0.12938126666666666
31-9093,Medical Equipment Preparers,-0.7762876,5329,Personal care workers in health services not elsewhere classified,1.0,-0.7762876,423311,Hospital Orderly,6.0,-0.12938126666666666
31-9093,Medical Equipment Preparers,-0.7762876,5329,Personal care workers in health services not elsewhere classified,1.0,-0.7762876,451899,Personal Service Workers nec,6.0,-0.12938126666666666
31-9093,Medical Equipment Preparers,-0.7762876,5329,Personal care workers in health services not elsewhere classified,1.0,-0.7762876,711411,Photographic Developer and Printer,6.0,-0.12938126666666666
31-9093,Medical Equipment Preparers,-0.7762876,5329,Personal care workers in health services not elsewhere classified,1.0,-0.7762876,711914,Sterilisation Technician,6.0,-0.12938126666666666
31-9094,Medical Transcriptionists,1.196181,3344,Medical secretaries,1.0,1.196181,512211,Health Practice Manager,2.0,0.5980905
31-9094,Medical Transcriptionists,1.196181,3344,Medical secretaries,1.0,1.196181,542114,Medical Receptionist,2.0,0.5980905
31-9095,Pharmacy Aides,-0.0284926,5329,Personal care workers in health services not elsewhere classified,1.0,-0.0284926,311216,Pathology Collector / Phlebotomist,6.0,-0.004748766666666667
31-9095,Pharmacy Aides,-0.0284926,5329,Personal care workers in health services not elsewhere classified,1.0,-0.0284926,423211,Dental Assistant,6.0,-0.004748766666666667
31-9095,Pharmacy Aides,-0.0284926,5329,Personal care workers in health services not elsewhere classified,1.0,-0.0284926,423311,Hospital Orderly,6.0,-0.004748766666666667
31-9095,Pharmacy Aides,-0.0284926,5329,Personal care workers in health services not elsewhere classified,1.0,-0.0284926,451899,Personal Service Workers nec,6.0,-0.004748766666666667
31-9095,Pharmacy Aides,-0.0284926,5329,Personal care workers in health services not elsewhere classified,1.0,-0.0284926,711411,Photographic Developer and Printer,6.0,-0.004748766666666667
31-9095,Pharmacy Aides,-0.0284926,5329,Personal care workers in health services not elsewhere classified,1.0,-0.0284926,711914,Sterilisation Technician,6.0,-0.004748766666666667
31-9096,Veterinary Assistants and Laboratory Animal Caretakers,-0.5899488,3240,Veterinary technicians and assistants,2.0,-0.2949744,311413,Life Science Technician,2.0,-0.1474872
31-9096,Veterinary Assistants and Laboratory Animal Caretakers,-0.5899488,3240,Veterinary technicians and assistants,2.0,-0.2949744,361311,Veterinary Nurse,2.0,-0.1474872
31-9096,Veterinary Assistants and Laboratory Animal Caretakers,-0.5899488,5164,Pet groomers and animal care workers,2.0,-0.2949744,361111,Dog Handler or Trainer,7.0,-0.0421392
31-9096,Veterinary Assistants and Laboratory Animal Caretakers,-0.5899488,5164,Pet groomers and animal care workers,2.0,-0.2949744,361112,Horse Trainer,7.0,-0.0421392
31-9096,Veterinary Assistants and Laboratory Animal Caretakers,-0.5899488,5164,Pet groomers and animal care workers,2.0,-0.2949744,361113,Pet Groomer,7.0,-0.0421392
31-9096,Veterinary Assistants and Laboratory Animal Caretakers,-0.5899488,5164,Pet groomers and animal care workers,2.0,-0.2949744,361114,Zookeeper,7.0,-0.0421392
31-9096,Veterinary Assistants and Laboratory Animal Caretakers,-0.5899488,5164,Pet groomers and animal care workers,2.0,-0.2949744,361115,Kennel Hand,7.0,-0.0421392
31-9096,Veterinary Assistants and Laboratory Animal Caretakers,-0.5899488,5164,Pet groomers and animal care workers,2.0,-0.2949744,361199,Animal Attendants and Trainers nec,7.0,-0.0421392
31-9096,Veterinary Assistants and Laboratory Animal Caretakers,-0.5899488,5164,Pet groomers and animal care workers,2.0,-0.2949744,361311,Veterinary Nurse,7.0,-0.0421392
31-9097,Phlebotomists,-0.2526035,5329,Personal care workers in health services not elsewhere classified,1.0,-0.2526035,311216,Pathology Collector / Phlebotomist,6.0,-0.04210058333333333
31-9097,Phlebotomists,-0.2526035,5329,Personal care workers in health services not elsewhere classified,1.0,-0.2526035,423211,Dental Assistant,6.0,-0.04210058333333333
31-9097,Phlebotomists,-0.2526035,5329,Personal care workers in health services not elsewhere classified,1.0,-0.2526035,423311,Hospital Orderly,6.0,-0.04210058333333333
31-9097,Phlebotomists,-0.2526035,5329,Personal care workers in health services not elsewhere classified,1.0,-0.2526035,451899,Personal Service Workers nec,6.0,-0.04210058333333333
31-9097,Phlebotomists,-0.2526035,5329,Personal care workers in health services not elsewhere classified,1.0,-0.2526035,711411,Photographic Developer and Printer,6.0,-0.04210058333333333
31-9097,Phlebotomists,-0.2526035,5329,Personal care workers in health services not elsewhere classified,1.0,-0.2526035,711914,Sterilisation Technician,6.0,-0.04210058333333333
31-9099,"Healthcare Support Workers, All Other",0.2520649,3259,Health associate professionals not elsewhere classified,2.0,0.12603245,252299,Complementary Health Therapists nec,7.0,0.018004635714285712
31-9099,"Healthcare Support Workers, All Other",0.2520649,3259,Health associate professionals not elsewhere classified,2.0,0.12603245,311211,Anaesthetic Technician,7.0,0.018004635714285712
31-9099,"Healthcare Support Workers, All Other",0.2520649,3259,Health associate professionals not elsewhere classified,2.0,0.12603245,311212,Cardiac Technician,7.0,0.018004635714285712
31-9099,"Healthcare Support Workers, All Other",0.2520649,3259,Health associate professionals not elsewhere classified,2.0,0.12603245,311214,Operating Theatre Technician,7.0,0.018004635714285712
31-9099,"Healthcare Support Workers, All Other",0.2520649,3259,Health associate professionals not elsewhere classified,2.0,0.12603245,311299,Medical Technicians nec,7.0,0.018004635714285712
31-9099,"Healthcare Support Workers, All Other",0.2520649,3259,Health associate professionals not elsewhere classified,2.0,0.12603245,411311,Diversional Therapist,7.0,0.018004635714285712
31-9099,"Healthcare Support Workers, All Other",0.2520649,3259,Health associate professionals not elsewhere classified,2.0,0.12603245,423314,Therapy Aide,7.0,0.018004635714285712
31-9099,"Healthcare Support Workers, All Other",0.2520649,5329,Personal care workers in health services not elsewhere classified,2.0,0.12603245,311216,Pathology Collector / Phlebotomist,6.0,0.021005408333333333
31-9099,"Healthcare Support Workers, All Other",0.2520649,5329,Personal care workers in health services not elsewhere classified,2.0,0.12603245,423211,Dental Assistant,6.0,0.021005408333333333
31-9099,"Healthcare Support Workers, All Other",0.2520649,5329,Personal care workers in health services not elsewhere classified,2.0,0.12603245,423311,Hospital Orderly,6.0,0.021005408333333333
31-9099,"Healthcare Support Workers, All Other",0.2520649,5329,Personal care workers in health services not elsewhere classified,2.0,0.12603245,451899,Personal Service Workers nec,6.0,0.021005408333333333
31-9099,"Healthcare Support Workers, All Other",0.2520649,5329,Personal care workers in health services not elsewhere classified,2.0,0.12603245,711411,Photographic Developer and Printer,6.0,0.021005408333333333
31-9099,"Healthcare Support Workers, All Other",0.2520649,5329,Personal care workers in health services not elsewhere classified,2.0,0.12603245,711914,Sterilisation Technician,6.0,0.021005408333333333
33-1011,First-Line Supervisors of Correctional Officers,-0.3614321,5413,Prison guards,1.0,-0.3614321,442111,Prison Officer,1.0,-0.3614321
33-1012,First-Line Supervisors of Police and Detectives,-0.1961966,3351,Customs and border inspectors,3.0,-0.06539886666666667,311313,Biosecurity Officer,3.0,-0.02179962222222222
33-1012,First-Line Supervisors of Police and Detectives,-0.1961966,3351,Customs and border inspectors,3.0,-0.06539886666666667,599511,Customs Officer,3.0,-0.02179962222222222
33-1012,First-Line Supervisors of Police and Detectives,-0.1961966,3351,Customs and border inspectors,3.0,-0.06539886666666667,599512,Immigration Officer,3.0,-0.02179962222222222
33-1012,First-Line Supervisors of Police and Detectives,-0.1961966,3355,Police inspectors and detectives,3.0,-0.06539886666666667,441311,Detective,1.0,-0.06539886666666667
33-1012,First-Line Supervisors of Police and Detectives,-0.1961966,5412,Police officers,3.0,-0.06539886666666667,441312,Police Officer,1.0,-0.06539886666666667
33-1021,First-Line Supervisors of Fire Fighting and Prevention Workers,-0.636405,3112,Civil engineering technicians,3.0,-0.212135,312112,Building Associate,5.0,-0.042427
33-1021,First-Line Supervisors of Fire Fighting and Prevention Workers,-0.636405,3112,Civil engineering technicians,3.0,-0.212135,312113,Building Inspector,5.0,-0.042427
33-1021,First-Line Supervisors of Fire Fighting and Prevention Workers,-0.636405,3112,Civil engineering technicians,3.0,-0.212135,312114,Construction Estimator,5.0,-0.042427
33-1021,First-Line Supervisors of Fire Fighting and Prevention Workers,-0.636405,3112,Civil engineering technicians,3.0,-0.212135,312116,Surveying or Spatial Science Technician,5.0,-0.042427
33-1021,First-Line Supervisors of Fire Fighting and Prevention Workers,-0.636405,3112,Civil engineering technicians,3.0,-0.212135,312212,Civil Engineering Technician,5.0,-0.042427
33-1021,First-Line Supervisors of Fire Fighting and Prevention Workers,-0.636405,3119,Physical and engineering science technicians not elsewhere classified,3.0,-0.212135,311499,Science Technicians nec,6.0,-0.03535583333333333
33-1021,First-Line Supervisors of Fire Fighting and Prevention Workers,-0.636405,3119,Physical and engineering science technicians not elsewhere classified,3.0,-0.212135,312199,"Architectural, Building and Surveying Technicians nec",6.0,-0.03535583333333333
33-1021,First-Line Supervisors of Fire Fighting and Prevention Workers,-0.636405,3119,Physical and engineering science technicians not elsewhere classified,3.0,-0.212135,312912,Metallurgical or Materials Technician,6.0,-0.03535583333333333
33-1021,First-Line Supervisors of Fire Fighting and Prevention Workers,-0.636405,3119,Physical and engineering science technicians not elsewhere classified,3.0,-0.212135,312999,Building and Engineering Technicians nec,6.0,-0.03535583333333333
33-1021,First-Line Supervisors of Fire Fighting and Prevention Workers,-0.636405,3119,Physical and engineering science technicians not elsewhere classified,3.0,-0.212135,399916,Plastics Technician,6.0,-0.03535583333333333
33-1021,First-Line Supervisors of Fire Fighting and Prevention Workers,-0.636405,3119,Physical and engineering science technicians not elsewhere classified,3.0,-0.212135,399918,Fire Protection Equipment Technician,6.0,-0.03535583333333333
33-1021,First-Line Supervisors of Fire Fighting and Prevention Workers,-0.636405,5411,Fire-fighters,3.0,-0.212135,441212,Fire Fighter,1.0,-0.212135
33-2011,Firefighters,-1.287125,5411,Fire-fighters,1.0,-1.287125,441212,Fire Fighter,1.0,-1.287125
33-2021,Fire Inspectors and Investigators,-0.1516908,3112,Civil engineering technicians,2.0,-0.0758454,312112,Building Associate,5.0,-0.015169079999999998
33-2021,Fire Inspectors and Investigators,-0.1516908,3112,Civil engineering technicians,2.0,-0.0758454,312113,Building Inspector,5.0,-0.015169079999999998
33-2021,Fire Inspectors and Investigators,-0.1516908,3112,Civil engineering technicians,2.0,-0.0758454,312114,Construction Estimator,5.0,-0.015169079999999998
33-2021,Fire Inspectors and Investigators,-0.1516908,3112,Civil engineering technicians,2.0,-0.0758454,312116,Surveying or Spatial Science Technician,5.0,-0.015169079999999998
33-2021,Fire Inspectors and Investigators,-0.1516908,3112,Civil engineering technicians,2.0,-0.0758454,312212,Civil Engineering Technician,5.0,-0.015169079999999998
33-2021,Fire Inspectors and Investigators,-0.1516908,3119,Physical and engineering science technicians not elsewhere classified,2.0,-0.0758454,311499,Science Technicians nec,6.0,-0.012640899999999998
33-2021,Fire Inspectors and Investigators,-0.1516908,3119,Physical and engineering science technicians not elsewhere classified,2.0,-0.0758454,312199,"Architectural, Building and Surveying Technicians nec",6.0,-0.012640899999999998
33-2021,Fire Inspectors and Investigators,-0.1516908,3119,Physical and engineering science technicians not elsewhere classified,2.0,-0.0758454,312912,Metallurgical or Materials Technician,6.0,-0.012640899999999998
33-2021,Fire Inspectors and Investigators,-0.1516908,3119,Physical and engineering science technicians not elsewhere classified,2.0,-0.0758454,312999,Building and Engineering Technicians nec,6.0,-0.012640899999999998
33-2021,Fire Inspectors and Investigators,-0.1516908,3119,Physical and engineering science technicians not elsewhere classified,2.0,-0.0758454,399916,Plastics Technician,6.0,-0.012640899999999998
33-2021,Fire Inspectors and Investigators,-0.1516908,3119,Physical and engineering science technicians not elsewhere classified,2.0,-0.0758454,399918,Fire Protection Equipment Technician,6.0,-0.012640899999999998
33-2022,Forest Fire Inspectors and Prevention Specialists,-0.3418539,3119,Physical and engineering science technicians not elsewhere classified,1.0,-0.3418539,311499,Science Technicians nec,6.0,-0.056975649999999996
33-2022,Forest Fire Inspectors and Prevention Specialists,-0.3418539,3119,Physical and engineering science technicians not elsewhere classified,1.0,-0.3418539,312199,"Architectural, Building and Surveying Technicians nec",6.0,-0.056975649999999996
33-2022,Forest Fire Inspectors and Prevention Specialists,-0.3418539,3119,Physical and engineering science technicians not elsewhere classified,1.0,-0.3418539,312912,Metallurgical or Materials Technician,6.0,-0.056975649999999996
33-2022,Forest Fire Inspectors and Prevention Specialists,-0.3418539,3119,Physical and engineering science technicians not elsewhere classified,1.0,-0.3418539,312999,Building and Engineering Technicians nec,6.0,-0.056975649999999996
33-2022,Forest Fire Inspectors and Prevention Specialists,-0.3418539,3119,Physical and engineering science technicians not elsewhere classified,1.0,-0.3418539,399916,Plastics Technician,6.0,-0.056975649999999996
33-2022,Forest Fire Inspectors and Prevention Specialists,-0.3418539,3119,Physical and engineering science technicians not elsewhere classified,1.0,-0.3418539,399918,Fire Protection Equipment Technician,6.0,-0.056975649999999996
33-3011,Bailiffs,-0.1705261,3411,Legal and related associate professionals,1.0,-0.1705261,442214,Private Investigator,8.0,-0.0213157625
33-3011,Bailiffs,-0.1705261,3411,Legal and related associate professionals,1.0,-0.1705261,599111,Conveyancer,8.0,-0.0213157625
33-3011,Bailiffs,-0.1705261,3411,Legal and related associate professionals,1.0,-0.1705261,599112,Legal Executive,8.0,-0.0213157625
33-3011,Bailiffs,-0.1705261,3411,Legal and related associate professionals,1.0,-0.1705261,599211,Clerk of Court,8.0,-0.0213157625
33-3011,Bailiffs,-0.1705261,3411,Legal and related associate professionals,1.0,-0.1705261,599212,Court Bailiff or Sheriff (Aus) / Court Collections Officer (NZ),8.0,-0.0213157625
33-3011,Bailiffs,-0.1705261,3411,Legal and related associate professionals,1.0,-0.1705261,599213,Court Orderly (Aus) / Court Registry Officer (NZ),8.0,-0.0213157625
33-3011,Bailiffs,-0.1705261,3411,Legal and related associate professionals,1.0,-0.1705261,599214,Law Clerk,8.0,-0.0213157625
33-3011,Bailiffs,-0.1705261,3411,Legal and related associate professionals,1.0,-0.1705261,599215,Trust Officer,8.0,-0.0213157625
33-3012,Correctional Officers and Jailers,-0.6690897,5413,Prison guards,1.0,-0.6690897,442111,Prison Officer,1.0,-0.6690897
33-3021,Detectives and Criminal Investigators,0.1511265,3355,Police inspectors and detectives,1.0,0.1511265,441311,Detective,1.0,0.1511265
33-3031,Fish and Game Wardens,-0.5055484,5419,Protective services workers not elsewhere classified,1.0,-0.5055484,234314,Park Ranger,7.0,-0.0722212
33-3031,Fish and Game Wardens,-0.5055484,5419,Protective services workers not elsewhere classified,1.0,-0.5055484,441211,Emergency Service Worker,7.0,-0.0722212
33-3031,Fish and Game Wardens,-0.5055484,5419,Protective services workers not elsewhere classified,1.0,-0.5055484,442299,Security Officers and Guards nec,7.0,-0.0722212
33-3031,Fish and Game Wardens,-0.5055484,5419,Protective services workers not elsewhere classified,1.0,-0.5055484,452414,Lifeguard,7.0,-0.0722212
33-3031,Fish and Game Wardens,-0.5055484,5419,Protective services workers not elsewhere classified,1.0,-0.5055484,599599,Inspectors and Regulatory Officers nec,7.0,-0.0722212
33-3031,Fish and Game Wardens,-0.5055484,5419,Protective services workers not elsewhere classified,1.0,-0.5055484,899913,Crossing Supervisor,7.0,-0.0722212
33-3031,Fish and Game Wardens,-0.5055484,5419,Protective services workers not elsewhere classified,1.0,-0.5055484,899923,Road Traffic Controller,7.0,-0.0722212
33-3041,Parking Enforcement Workers,-0.6273561,5419,Protective services workers not elsewhere classified,1.0,-0.6273561,234314,Park Ranger,7.0,-0.0896223
33-3041,Parking Enforcement Workers,-0.6273561,5419,Protective services workers not elsewhere classified,1.0,-0.6273561,441211,Emergency Service Worker,7.0,-0.0896223
33-3041,Parking Enforcement Workers,-0.6273561,5419,Protective services workers not elsewhere classified,1.0,-0.6273561,442299,Security Officers and Guards nec,7.0,-0.0896223
33-3041,Parking Enforcement Workers,-0.6273561,5419,Protective services workers not elsewhere classified,1.0,-0.6273561,452414,Lifeguard,7.0,-0.0896223
33-3041,Parking Enforcement Workers,-0.6273561,5419,Protective services workers not elsewhere classified,1.0,-0.6273561,599599,Inspectors and Regulatory Officers nec,7.0,-0.0896223
33-3041,Parking Enforcement Workers,-0.6273561,5419,Protective services workers not elsewhere classified,1.0,-0.6273561,899913,Crossing Supervisor,7.0,-0.0896223
33-3041,Parking Enforcement Workers,-0.6273561,5419,Protective services workers not elsewhere classified,1.0,-0.6273561,899923,Road Traffic Controller,7.0,-0.0896223
33-3051,Police and Sheriff's Patrol Officers,-0.6402014,3351,Customs and border inspectors,2.0,-0.3201007,311313,Biosecurity Officer,3.0,-0.10670023333333334
33-3051,Police and Sheriff's Patrol Officers,-0.6402014,3351,Customs and border inspectors,2.0,-0.3201007,599511,Customs Officer,3.0,-0.10670023333333334
33-3051,Police and Sheriff's Patrol Officers,-0.6402014,3351,Customs and border inspectors,2.0,-0.3201007,599512,Immigration Officer,3.0,-0.10670023333333334
33-3051,Police and Sheriff's Patrol Officers,-0.6402014,5412,Police officers,2.0,-0.3201007,441312,Police Officer,1.0,-0.3201007
33-3052,Transit and Railroad Police,-0.7447406,5412,Police officers,1.0,-0.7447406,441312,Police Officer,1.0,-0.7447406
33-9011,Animal Control Workers,-0.3902585,5419,Protective services workers not elsewhere classified,1.0,-0.3902585,234314,Park Ranger,7.0,-0.055751214285714286
33-9011,Animal Control Workers,-0.3902585,5419,Protective services workers not elsewhere classified,1.0,-0.3902585,441211,Emergency Service Worker,7.0,-0.055751214285714286
33-9011,Animal Control Workers,-0.3902585,5419,Protective services workers not elsewhere classified,1.0,-0.3902585,442299,Security Officers and Guards nec,7.0,-0.055751214285714286
33-9011,Animal Control Workers,-0.3902585,5419,Protective services workers not elsewhere classified,1.0,-0.3902585,452414,Lifeguard,7.0,-0.055751214285714286
33-9011,Animal Control Workers,-0.3902585,5419,Protective services workers not elsewhere classified,1.0,-0.3902585,599599,Inspectors and Regulatory Officers nec,7.0,-0.055751214285714286
33-9011,Animal Control Workers,-0.3902585,5419,Protective services workers not elsewhere classified,1.0,-0.3902585,899913,Crossing Supervisor,7.0,-0.055751214285714286
33-9011,Animal Control Workers,-0.3902585,5419,Protective services workers not elsewhere classified,1.0,-0.3902585,899923,Road Traffic Controller,7.0,-0.055751214285714286
33-9021,Private Detectives and Investigators,0.6147625,3411,Legal and related associate professionals,1.0,0.6147625,442214,Private Investigator,8.0,0.0768453125
33-9021,Private Detectives and Investigators,0.6147625,3411,Legal and related associate professionals,1.0,0.6147625,599111,Conveyancer,8.0,0.0768453125
33-9021,Private Detectives and Investigators,0.6147625,3411,Legal and related associate professionals,1.0,0.6147625,599112,Legal Executive,8.0,0.0768453125
33-9021,Private Detectives and Investigators,0.6147625,3411,Legal and related associate professionals,1.0,0.6147625,599211,Clerk of Court,8.0,0.0768453125
33-9021,Private Detectives and Investigators,0.6147625,3411,Legal and related associate professionals,1.0,0.6147625,599212,Court Bailiff or Sheriff (Aus) / Court Collections Officer (NZ),8.0,0.0768453125
33-9021,Private Detectives and Investigators,0.6147625,3411,Legal and related associate professionals,1.0,0.6147625,599213,Court Orderly (Aus) / Court Registry Officer (NZ),8.0,0.0768453125
33-9021,Private Detectives and Investigators,0.6147625,3411,Legal and related associate professionals,1.0,0.6147625,599214,Law Clerk,8.0,0.0768453125
33-9021,Private Detectives and Investigators,0.6147625,3411,Legal and related associate professionals,1.0,0.6147625,599215,Trust Officer,8.0,0.0768453125
33-9031,Gaming Surveillance Officers and Gaming Investigators,0.4327424,3411,Legal and related associate professionals,2.0,0.2163712,442214,Private Investigator,8.0,0.0270464
33-9031,Gaming Surveillance Officers and Gaming Investigators,0.4327424,3411,Legal and related associate professionals,2.0,0.2163712,599111,Conveyancer,8.0,0.0270464
33-9031,Gaming Surveillance Officers and Gaming Investigators,0.4327424,3411,Legal and related associate professionals,2.0,0.2163712,599112,Legal Executive,8.0,0.0270464
33-9031,Gaming Surveillance Officers and Gaming Investigators,0.4327424,3411,Legal and related associate professionals,2.0,0.2163712,599211,Clerk of Court,8.0,0.0270464
33-9031,Gaming Surveillance Officers and Gaming Investigators,0.4327424,3411,Legal and related associate professionals,2.0,0.2163712,599212,Court Bailiff or Sheriff (Aus) / Court Collections Officer (NZ),8.0,0.0270464
33-9031,Gaming Surveillance Officers and Gaming Investigators,0.4327424,3411,Legal and related associate professionals,2.0,0.2163712,599213,Court Orderly (Aus) / Court Registry Officer (NZ),8.0,0.0270464
33-9031,Gaming Surveillance Officers and Gaming Investigators,0.4327424,3411,Legal and related associate professionals,2.0,0.2163712,599214,Law Clerk,8.0,0.0270464
33-9031,Gaming Surveillance Officers and Gaming Investigators,0.4327424,3411,Legal and related associate professionals,2.0,0.2163712,599215,Trust Officer,8.0,0.0270464
33-9031,Gaming Surveillance Officers and Gaming Investigators,0.4327424,5414,Security guards,2.0,0.2163712,442211,"Alarm, Security or Surveillance Monitor",6.0,0.03606186666666667
33-9031,Gaming Surveillance Officers and Gaming Investigators,0.4327424,5414,Security guards,2.0,0.2163712,442212,Armoured Car Escort,6.0,0.03606186666666667
33-9031,Gaming Surveillance Officers and Gaming Investigators,0.4327424,5414,Security guards,2.0,0.2163712,442213,Crowd Controller,6.0,0.03606186666666667
33-9031,Gaming Surveillance Officers and Gaming Investigators,0.4327424,5414,Security guards,2.0,0.2163712,442215,Retail Loss Prevention Officer,6.0,0.03606186666666667
33-9031,Gaming Surveillance Officers and Gaming Investigators,0.4327424,5414,Security guards,2.0,0.2163712,442217,Security Officer,6.0,0.03606186666666667
33-9031,Gaming Surveillance Officers and Gaming Investigators,0.4327424,5414,Security guards,2.0,0.2163712,442299,Security Officers and Guards nec,6.0,0.03606186666666667
33-9032,Security Guards,-0.4228095,5414,Security guards,1.0,-0.4228095,442211,"Alarm, Security or Surveillance Monitor",6.0,-0.07046825
33-9032,Security Guards,-0.4228095,5414,Security guards,1.0,-0.4228095,442212,Armoured Car Escort,6.0,-0.07046825
33-9032,Security Guards,-0.4228095,5414,Security guards,1.0,-0.4228095,442213,Crowd Controller,6.0,-0.07046825
33-9032,Security Guards,-0.4228095,5414,Security guards,1.0,-0.4228095,442215,Retail Loss Prevention Officer,6.0,-0.07046825
33-9032,Security Guards,-0.4228095,5414,Security guards,1.0,-0.4228095,442217,Security Officer,6.0,-0.07046825
33-9032,Security Guards,-0.4228095,5414,Security guards,1.0,-0.4228095,442299,Security Officers and Guards nec,6.0,-0.07046825
33-9091,Crossing Guards,-0.3971661,5419,Protective services workers not elsewhere classified,1.0,-0.3971661,234314,Park Ranger,7.0,-0.05673801428571429
33-9091,Crossing Guards,-0.3971661,5419,Protective services workers not elsewhere classified,1.0,-0.3971661,441211,Emergency Service Worker,7.0,-0.05673801428571429
33-9091,Crossing Guards,-0.3971661,5419,Protective services workers not elsewhere classified,1.0,-0.3971661,442299,Security Officers and Guards nec,7.0,-0.05673801428571429
33-9091,Crossing Guards,-0.3971661,5419,Protective services workers not elsewhere classified,1.0,-0.3971661,452414,Lifeguard,7.0,-0.05673801428571429
33-9091,Crossing Guards,-0.3971661,5419,Protective services workers not elsewhere classified,1.0,-0.3971661,599599,Inspectors and Regulatory Officers nec,7.0,-0.05673801428571429
33-9091,Crossing Guards,-0.3971661,5419,Protective services workers not elsewhere classified,1.0,-0.3971661,899913,Crossing Supervisor,7.0,-0.05673801428571429
33-9091,Crossing Guards,-0.3971661,5419,Protective services workers not elsewhere classified,1.0,-0.3971661,899923,Road Traffic Controller,7.0,-0.05673801428571429
33-9092,"Lifeguards, Ski Patrol, and Other Recreational Protective Service Workers",-0.3161409,5419,Protective services workers not elsewhere classified,1.0,-0.3161409,234314,Park Ranger,7.0,-0.04516298571428572
33-9092,"Lifeguards, Ski Patrol, and Other Recreational Protective Service Workers",-0.3161409,5419,Protective services workers not elsewhere classified,1.0,-0.3161409,441211,Emergency Service Worker,7.0,-0.04516298571428572
33-9092,"Lifeguards, Ski Patrol, and Other Recreational Protective Service Workers",-0.3161409,5419,Protective services workers not elsewhere classified,1.0,-0.3161409,442299,Security Officers and Guards nec,7.0,-0.04516298571428572
33-9092,"Lifeguards, Ski Patrol, and Other Recreational Protective Service Workers",-0.3161409,5419,Protective services workers not elsewhere classified,1.0,-0.3161409,452414,Lifeguard,7.0,-0.04516298571428572
33-9092,"Lifeguards, Ski Patrol, and Other Recreational Protective Service Workers",-0.3161409,5419,Protective services workers not elsewhere classified,1.0,-0.3161409,599599,Inspectors and Regulatory Officers nec,7.0,-0.04516298571428572
33-9092,"Lifeguards, Ski Patrol, and Other Recreational Protective Service Workers",-0.3161409,5419,Protective services workers not elsewhere classified,1.0,-0.3161409,899913,Crossing Supervisor,7.0,-0.04516298571428572
33-9092,"Lifeguards, Ski Patrol, and Other Recreational Protective Service Workers",-0.3161409,5419,Protective services workers not elsewhere classified,1.0,-0.3161409,899923,Road Traffic Controller,7.0,-0.04516298571428572
33-9093,Transportation Security Screeners,-0.5229555,5414,Security guards,1.0,-0.5229555,442211,"Alarm, Security or Surveillance Monitor",6.0,-0.08715925000000001
33-9093,Transportation Security Screeners,-0.5229555,5414,Security guards,1.0,-0.5229555,442212,Armoured Car Escort,6.0,-0.08715925000000001
33-9093,Transportation Security Screeners,-0.5229555,5414,Security guards,1.0,-0.5229555,442213,Crowd Controller,6.0,-0.08715925000000001
33-9093,Transportation Security Screeners,-0.5229555,5414,Security guards,1.0,-0.5229555,442215,Retail Loss Prevention Officer,6.0,-0.08715925000000001
33-9093,Transportation Security Screeners,-0.5229555,5414,Security guards,1.0,-0.5229555,442217,Security Officer,6.0,-0.08715925000000001
33-9093,Transportation Security Screeners,-0.5229555,5414,Security guards,1.0,-0.5229555,442299,Security Officers and Guards nec,6.0,-0.08715925000000001
33-9099,"Protective Service Workers, All Other",-0.017191,5419,Protective services workers not elsewhere classified,1.0,-0.017191,234314,Park Ranger,7.0,-0.002455857142857143
33-9099,"Protective Service Workers, All Other",-0.017191,5419,Protective services workers not elsewhere classified,1.0,-0.017191,441211,Emergency Service Worker,7.0,-0.002455857142857143
33-9099,"Protective Service Workers, All Other",-0.017191,5419,Protective services workers not elsewhere classified,1.0,-0.017191,442299,Security Officers and Guards nec,7.0,-0.002455857142857143
33-9099,"Protective Service Workers, All Other",-0.017191,5419,Protective services workers not elsewhere classified,1.0,-0.017191,452414,Lifeguard,7.0,-0.002455857142857143
33-9099,"Protective Service Workers, All Other",-0.017191,5419,Protective services workers not elsewhere classified,1.0,-0.017191,599599,Inspectors and Regulatory Officers nec,7.0,-0.002455857142857143
33-9099,"Protective Service Workers, All Other",-0.017191,5419,Protective services workers not elsewhere classified,1.0,-0.017191,899913,Crossing Supervisor,7.0,-0.002455857142857143
33-9099,"Protective Service Workers, All Other",-0.017191,5419,Protective services workers not elsewhere classified,1.0,-0.017191,899923,Road Traffic Controller,7.0,-0.002455857142857143
35-1011,Chefs and Head Cooks,-0.1720309,3434,Chefs,1.0,-0.1720309,351311,Chef,1.0,-0.1720309
35-1012,First-Line Supervisors of Food Preparation and Serving Workers,-0.1501443,3434,Chefs,2.0,-0.07507215,351311,Chef,1.0,-0.07507215
35-1012,First-Line Supervisors of Food Preparation and Serving Workers,-0.1501443,5120,Cooks,2.0,-0.07507215,351411,Cook,1.0,-0.07507215
35-2011,"Cooks, Fast Food",-0.3906226,9411,Fast food preparers,1.0,-0.3906226,851111,Fast Food Cook,1.0,-0.3906226
35-2012,"Cooks, Institution and Cafeteria",-0.5586923,5120,Cooks,1.0,-0.5586923,351411,Cook,1.0,-0.5586923
35-2013,"Cooks, Private Household",-0.6394508,5120,Cooks,1.0,-0.6394508,351411,Cook,1.0,-0.6394508
35-2014,"Cooks, Restaurant",-0.7585588,5120,Cooks,1.0,-0.7585588,351411,Cook,1.0,-0.7585588
35-2015,"Cooks, Short Order",-0.5674362,5120,Cooks,2.0,-0.2837181,351411,Cook,1.0,-0.2837181
35-2015,"Cooks, Short Order",-0.5674362,9411,Fast food preparers,2.0,-0.2837181,851111,Fast Food Cook,1.0,-0.2837181
35-2021,Food Preparation Workers,-0.9339887,9412,Kitchen helpers,1.0,-0.9339887,851211,Pastrycook's Assistant,3.0,-0.31132956666666667
35-2021,Food Preparation Workers,-0.9339887,9412,Kitchen helpers,1.0,-0.9339887,851299,Food Trades Assistants nec,3.0,-0.31132956666666667
35-2021,Food Preparation Workers,-0.9339887,9412,Kitchen helpers,1.0,-0.9339887,851311,Kitchenhand,3.0,-0.31132956666666667
35-3011,Bartenders,-0.4109996,5132,Bartenders,1.0,-0.4109996,431111,Bar Attendant,2.0,-0.2054998
35-3011,Bartenders,-0.4109996,5132,Bartenders,1.0,-0.4109996,431112,Barista,2.0,-0.2054998
35-3021,"Combined Food Preparation and Serving Workers, Including Fast Food",-0.3083948,5246,Food service counter attendants,1.0,-0.3083948,431211,Cafe Worker,2.0,-0.1541974
35-3021,"Combined Food Preparation and Serving Workers, Including Fast Food",-0.3083948,5246,Food service counter attendants,1.0,-0.3083948,621111,Sales Assistant (General),2.0,-0.1541974
35-3022,"Counter Attendants, Cafeteria, Food Concession, and Coffee Shop",-0.3211086,5246,Food service counter attendants,1.0,-0.3211086,431211,Cafe Worker,2.0,-0.1605543
35-3022,"Counter Attendants, Cafeteria, Food Concession, and Coffee Shop",-0.3211086,5246,Food service counter attendants,1.0,-0.3211086,621111,Sales Assistant (General),2.0,-0.1605543
35-3031,Waiters and Waitresses,-0.4693402,5131,Waiters,1.0,-0.4693402,431211,Cafe Worker,2.0,-0.2346701
35-3031,Waiters and Waitresses,-0.4693402,5131,Waiters,1.0,-0.4693402,431511,Waiter,2.0,-0.2346701
35-3041,"Food Servers, Nonrestaurant",-0.4450331,5212,Street food salespersons,2.0,-0.22251655,621713,Street Vendor,1.0,-0.22251655
35-3041,"Food Servers, Nonrestaurant",-0.4450331,5131,Waiters,2.0,-0.22251655,431211,Cafe Worker,2.0,-0.111258275
35-3041,"Food Servers, Nonrestaurant",-0.4450331,5131,Waiters,2.0,-0.22251655,431511,Waiter,2.0,-0.111258275
35-9011,Dining Room and Cafeteria Attendants and Bartender Helpers,-1.432733,5246,Food service counter attendants,2.0,-0.7163665,431211,Cafe Worker,2.0,-0.35818325
35-9011,Dining Room and Cafeteria Attendants and Bartender Helpers,-1.432733,5246,Food service counter attendants,2.0,-0.7163665,621111,Sales Assistant (General),2.0,-0.35818325
35-9011,Dining Room and Cafeteria Attendants and Bartender Helpers,-1.432733,9412,Kitchen helpers,2.0,-0.7163665,851211,Pastrycook's Assistant,3.0,-0.23878883333333334
35-9011,Dining Room and Cafeteria Attendants and Bartender Helpers,-1.432733,9412,Kitchen helpers,2.0,-0.7163665,851299,Food Trades Assistants nec,3.0,-0.23878883333333334
35-9011,Dining Room and Cafeteria Attendants and Bartender Helpers,-1.432733,9412,Kitchen helpers,2.0,-0.7163665,851311,Kitchenhand,3.0,-0.23878883333333334
35-9021,Dishwashers,-1.561163,9412,Kitchen helpers,1.0,-1.561163,851211,Pastrycook's Assistant,3.0,-0.5203876666666667
35-9021,Dishwashers,-1.561163,9412,Kitchen helpers,1.0,-1.561163,851299,Food Trades Assistants nec,3.0,-0.5203876666666667
35-9021,Dishwashers,-1.561163,9412,Kitchen helpers,1.0,-1.561163,851311,Kitchenhand,3.0,-0.5203876666666667
35-9031,"Hosts and Hostesses, Restaurant, Lounge, and Coffee Shop",0.1821651,5169,Personal services workers not elsewhere classified,1.0,0.1821651,431999,Hospitality Workers nec,5.0,0.036433019999999997
35-9031,"Hosts and Hostesses, Restaurant, Lounge, and Coffee Shop",0.1821651,5169,Personal services workers not elsewhere classified,1.0,0.1821651,451811,Civil Celebrant,5.0,0.036433019999999997
35-9031,"Hosts and Hostesses, Restaurant, Lounge, and Coffee Shop",0.1821651,5169,Personal services workers not elsewhere classified,1.0,0.1821651,451813,Sex Worker or Escort,5.0,0.036433019999999997
35-9031,"Hosts and Hostesses, Restaurant, Lounge, and Coffee Shop",0.1821651,5169,Personal services workers not elsewhere classified,1.0,0.1821651,451815,First Aid Trainer,5.0,0.036433019999999997
35-9031,"Hosts and Hostesses, Restaurant, Lounge, and Coffee Shop",0.1821651,5169,Personal services workers not elsewhere classified,1.0,0.1821651,451899,Personal Service Workers nec,5.0,0.036433019999999997
37-1011,First-Line Supervisors of Housekeeping and Janitorial Workers,-0.3668852,5151,"Cleaning and housekeeping supervisors in offices, hotels and other establishments",2.0,-0.1834426,431411,Hotel Service Manager,3.0,-0.06114753333333334
37-1011,First-Line Supervisors of Housekeeping and Janitorial Workers,-0.3668852,5151,"Cleaning and housekeeping supervisors in offices, hotels and other establishments",2.0,-0.1834426,811211,Commercial Cleaner,3.0,-0.06114753333333334
37-1011,First-Line Supervisors of Housekeeping and Janitorial Workers,-0.3668852,5151,"Cleaning and housekeeping supervisors in offices, hotels and other establishments",2.0,-0.1834426,811411,Commercial Housekeeper,3.0,-0.06114753333333334
37-1011,First-Line Supervisors of Housekeeping and Janitorial Workers,-0.3668852,5152,Domestic housekeepers,2.0,-0.1834426,141911,Bed and Breakfast Operator,3.0,-0.06114753333333334
37-1011,First-Line Supervisors of Housekeeping and Janitorial Workers,-0.3668852,5152,Domestic housekeepers,2.0,-0.1834426,451899,Personal Service Workers nec,3.0,-0.06114753333333334
37-1011,First-Line Supervisors of Housekeeping and Janitorial Workers,-0.3668852,5152,Domestic housekeepers,2.0,-0.1834426,811412,Domestic Housekeeper,3.0,-0.06114753333333334
37-1012,"First-Line Supervisors of Landscaping, Lawn Service, and Groundskeeping Workers",-0.4855586,6113,"Gardeners, horticultural and nursery growers",2.0,-0.2427793,121611,Flower Grower,14.0,-0.017341378571428572
37-1012,"First-Line Supervisors of Landscaping, Lawn Service, and Groundskeeping Workers",-0.4855586,6113,"Gardeners, horticultural and nursery growers",2.0,-0.2427793,121614,Production Nursery Grower,14.0,-0.017341378571428572
37-1012,"First-Line Supervisors of Landscaping, Lawn Service, and Groundskeeping Workers",-0.4855586,6113,"Gardeners, horticultural and nursery growers",2.0,-0.2427793,121615,Turf Grower,14.0,-0.017341378571428572
37-1012,"First-Line Supervisors of Landscaping, Lawn Service, and Groundskeeping Workers",-0.4855586,6113,"Gardeners, horticultural and nursery growers",2.0,-0.2427793,121616,Vegetable Grower (Aus) / Market Gardener (NZ),14.0,-0.017341378571428572
37-1012,"First-Line Supervisors of Landscaping, Lawn Service, and Groundskeeping Workers",-0.4855586,6113,"Gardeners, horticultural and nursery growers",2.0,-0.2427793,121699,Horticultural Crop Growers nec,14.0,-0.017341378571428572
37-1012,"First-Line Supervisors of Landscaping, Lawn Service, and Groundskeeping Workers",-0.4855586,6113,"Gardeners, horticultural and nursery growers",2.0,-0.2427793,362312,Sports Turf Manager,14.0,-0.017341378571428572
37-1012,"First-Line Supervisors of Landscaping, Lawn Service, and Groundskeeping Workers",-0.4855586,6113,"Gardeners, horticultural and nursery growers",2.0,-0.2427793,362313,Sports Turf Trades Worker,14.0,-0.017341378571428572
37-1012,"First-Line Supervisors of Landscaping, Lawn Service, and Groundskeeping Workers",-0.4855586,6113,"Gardeners, horticultural and nursery growers",2.0,-0.2427793,362411,Nurseryperson,14.0,-0.017341378571428572
37-1012,"First-Line Supervisors of Landscaping, Lawn Service, and Groundskeeping Workers",-0.4855586,6113,"Gardeners, horticultural and nursery growers",2.0,-0.2427793,362511,Arborist,14.0,-0.017341378571428572
37-1012,"First-Line Supervisors of Landscaping, Lawn Service, and Groundskeeping Workers",-0.4855586,6113,"Gardeners, horticultural and nursery growers",2.0,-0.2427793,362512,Tree Worker,14.0,-0.017341378571428572
37-1012,"First-Line Supervisors of Landscaping, Lawn Service, and Groundskeeping Workers",-0.4855586,6113,"Gardeners, horticultural and nursery growers",2.0,-0.2427793,362611,Gardener (General),14.0,-0.017341378571428572
37-1012,"First-Line Supervisors of Landscaping, Lawn Service, and Groundskeeping Workers",-0.4855586,6113,"Gardeners, horticultural and nursery growers",2.0,-0.2427793,362711,Landscape Gardener,14.0,-0.017341378571428572
37-1012,"First-Line Supervisors of Landscaping, Lawn Service, and Groundskeeping Workers",-0.4855586,6113,"Gardeners, horticultural and nursery growers",2.0,-0.2427793,362712,Irrigation Technician,14.0,-0.017341378571428572
37-1012,"First-Line Supervisors of Landscaping, Lawn Service, and Groundskeeping Workers",-0.4855586,6113,"Gardeners, horticultural and nursery growers",2.0,-0.2427793,363114,Horticultural Supervisor or Specialist,14.0,-0.017341378571428572
37-1012,"First-Line Supervisors of Landscaping, Lawn Service, and Groundskeeping Workers",-0.4855586,7544,Fumigators and other pest and weed controllers,2.0,-0.2427793,843411,Pest Control Technician,3.0,-0.08092643333333334
37-1012,"First-Line Supervisors of Landscaping, Lawn Service, and Groundskeeping Workers",-0.4855586,7544,Fumigators and other pest and weed controllers,2.0,-0.2427793,843912,Irrigation Assistant,3.0,-0.08092643333333334
37-1012,"First-Line Supervisors of Landscaping, Lawn Service, and Groundskeeping Workers",-0.4855586,7544,Fumigators and other pest and weed controllers,2.0,-0.2427793,843999,Forestry and Garden Workers nec,3.0,-0.08092643333333334
37-2011,"Janitors and Cleaners, Except Maids and Housekeeping Cleaners",-1.093042,5153,Building caretakers,3.0,-0.36434733333333336,899111,Caretaker,1.0,-0.36434733333333336
37-2011,"Janitors and Cleaners, Except Maids and Housekeeping Cleaners",-1.093042,9112,"Cleaners and helpers in offices, hotels and other establishments",3.0,-0.36434733333333336,431911,Bar Useful or Busser,3.0,-0.12144911111111112
37-2011,"Janitors and Cleaners, Except Maids and Housekeeping Cleaners",-1.093042,9112,"Cleaners and helpers in offices, hotels and other establishments",3.0,-0.36434733333333336,811211,Commercial Cleaner,3.0,-0.12144911111111112
37-2011,"Janitors and Cleaners, Except Maids and Housekeeping Cleaners",-1.093042,9112,"Cleaners and helpers in offices, hotels and other establishments",3.0,-0.36434733333333336,811411,Commercial Housekeeper,3.0,-0.12144911111111112
37-2011,"Janitors and Cleaners, Except Maids and Housekeeping Cleaners",-1.093042,9123,Window cleaners,3.0,-0.36434733333333336,811612,Window Cleaner,1.0,-0.36434733333333336
37-2012,Maids and Housekeeping Cleaners,-1.030813,9111,Domestic cleaners and helpers,2.0,-0.5154065,811311,Domestic Cleaner,1.0,-0.5154065
37-2012,Maids and Housekeeping Cleaners,-1.030813,9112,"Cleaners and helpers in offices, hotels and other establishments",2.0,-0.5154065,431911,Bar Useful or Busser,3.0,-0.17180216666666667
37-2012,Maids and Housekeeping Cleaners,-1.030813,9112,"Cleaners and helpers in offices, hotels and other establishments",2.0,-0.5154065,811211,Commercial Cleaner,3.0,-0.17180216666666667
37-2012,Maids and Housekeeping Cleaners,-1.030813,9112,"Cleaners and helpers in offices, hotels and other establishments",2.0,-0.5154065,811411,Commercial Housekeeper,3.0,-0.17180216666666667
37-2021,Pest Control Workers,-0.7243282,7544,Fumigators and other pest and weed controllers,1.0,-0.7243282,843411,Pest Control Technician,3.0,-0.24144273333333333
37-2021,Pest Control Workers,-0.7243282,7544,Fumigators and other pest and weed controllers,1.0,-0.7243282,843912,Irrigation Assistant,3.0,-0.24144273333333333
37-2021,Pest Control Workers,-0.7243282,7544,Fumigators and other pest and weed controllers,1.0,-0.7243282,843999,Forestry and Garden Workers nec,3.0,-0.24144273333333333
37-3011,Landscaping and Groundskeeping Workers,-1.656454,9214,Garden and horticultural labourers,1.0,-1.656454,843211,Garden Labourer,2.0,-0.828227
37-3011,Landscaping and Groundskeeping Workers,-1.656454,9214,Garden and horticultural labourers,1.0,-1.656454,843311,Horticultural Nursery Assistant,2.0,-0.828227
37-3012,"Pesticide Handlers, Sprayers, and Applicators, Vegetation",-0.9335945,7544,Fumigators and other pest and weed controllers,1.0,-0.9335945,843411,Pest Control Technician,3.0,-0.31119816666666666
37-3012,"Pesticide Handlers, Sprayers, and Applicators, Vegetation",-0.9335945,7544,Fumigators and other pest and weed controllers,1.0,-0.9335945,843912,Irrigation Assistant,3.0,-0.31119816666666666
37-3012,"Pesticide Handlers, Sprayers, and Applicators, Vegetation",-0.9335945,7544,Fumigators and other pest and weed controllers,1.0,-0.9335945,843999,Forestry and Garden Workers nec,3.0,-0.31119816666666666
37-3013,Tree Trimmers and Pruners,-1.580793,6113,"Gardeners, horticultural and nursery growers",1.0,-1.580793,121611,Flower Grower,14.0,-0.1129137857142857
37-3013,Tree Trimmers and Pruners,-1.580793,6113,"Gardeners, horticultural and nursery growers",1.0,-1.580793,121614,Production Nursery Grower,14.0,-0.1129137857142857
37-3013,Tree Trimmers and Pruners,-1.580793,6113,"Gardeners, horticultural and nursery growers",1.0,-1.580793,121615,Turf Grower,14.0,-0.1129137857142857
37-3013,Tree Trimmers and Pruners,-1.580793,6113,"Gardeners, horticultural and nursery growers",1.0,-1.580793,121616,Vegetable Grower (Aus) / Market Gardener (NZ),14.0,-0.1129137857142857
37-3013,Tree Trimmers and Pruners,-1.580793,6113,"Gardeners, horticultural and nursery growers",1.0,-1.580793,121699,Horticultural Crop Growers nec,14.0,-0.1129137857142857
37-3013,Tree Trimmers and Pruners,-1.580793,6113,"Gardeners, horticultural and nursery growers",1.0,-1.580793,362312,Sports Turf Manager,14.0,-0.1129137857142857
37-3013,Tree Trimmers and Pruners,-1.580793,6113,"Gardeners, horticultural and nursery growers",1.0,-1.580793,362313,Sports Turf Trades Worker,14.0,-0.1129137857142857
37-3013,Tree Trimmers and Pruners,-1.580793,6113,"Gardeners, horticultural and nursery growers",1.0,-1.580793,362411,Nurseryperson,14.0,-0.1129137857142857
37-3013,Tree Trimmers and Pruners,-1.580793,6113,"Gardeners, horticultural and nursery growers",1.0,-1.580793,362511,Arborist,14.0,-0.1129137857142857
37-3013,Tree Trimmers and Pruners,-1.580793,6113,"Gardeners, horticultural and nursery growers",1.0,-1.580793,362512,Tree Worker,14.0,-0.1129137857142857
37-3013,Tree Trimmers and Pruners,-1.580793,6113,"Gardeners, horticultural and nursery growers",1.0,-1.580793,362611,Gardener (General),14.0,-0.1129137857142857
37-3013,Tree Trimmers and Pruners,-1.580793,6113,"Gardeners, horticultural and nursery growers",1.0,-1.580793,362711,Landscape Gardener,14.0,-0.1129137857142857
37-3013,Tree Trimmers and Pruners,-1.580793,6113,"Gardeners, horticultural and nursery growers",1.0,-1.580793,362712,Irrigation Technician,14.0,-0.1129137857142857
37-3013,Tree Trimmers and Pruners,-1.580793,6113,"Gardeners, horticultural and nursery growers",1.0,-1.580793,363114,Horticultural Supervisor or Specialist,14.0,-0.1129137857142857
39-1011,Gaming Supervisors,1.015314,4212,"Bookmakers, croupiers and related gaming workers",1.0,1.015314,431311,Gaming Worker,6.0,0.169219
39-1011,Gaming Supervisors,1.015314,4212,"Bookmakers, croupiers and related gaming workers",1.0,1.015314,552311,Bookmaker,6.0,0.169219
39-1011,Gaming Supervisors,1.015314,4212,"Bookmakers, croupiers and related gaming workers",1.0,1.015314,561111,Betting Agency Counter Clerk,6.0,0.169219
39-1011,Gaming Supervisors,1.015314,4212,"Bookmakers, croupiers and related gaming workers",1.0,1.015314,561112,Bookmaker's Clerk,6.0,0.169219
39-1011,Gaming Supervisors,1.015314,4212,"Bookmakers, croupiers and related gaming workers",1.0,1.015314,561113,Telephone Betting Clerk,6.0,0.169219
39-1011,Gaming Supervisors,1.015314,4212,"Bookmakers, croupiers and related gaming workers",1.0,1.015314,561199,Betting Clerks nec,6.0,0.169219
39-1012,Slot Supervisors,0.0270202,4212,"Bookmakers, croupiers and related gaming workers",1.0,0.0270202,431311,Gaming Worker,6.0,0.004503366666666667
39-1012,Slot Supervisors,0.0270202,4212,"Bookmakers, croupiers and related gaming workers",1.0,0.0270202,552311,Bookmaker,6.0,0.004503366666666667
39-1012,Slot Supervisors,0.0270202,4212,"Bookmakers, croupiers and related gaming workers",1.0,0.0270202,561111,Betting Agency Counter Clerk,6.0,0.004503366666666667
39-1012,Slot Supervisors,0.0270202,4212,"Bookmakers, croupiers and related gaming workers",1.0,0.0270202,561112,Bookmaker's Clerk,6.0,0.004503366666666667
39-1012,Slot Supervisors,0.0270202,4212,"Bookmakers, croupiers and related gaming workers",1.0,0.0270202,561113,Telephone Betting Clerk,6.0,0.004503366666666667
39-1012,Slot Supervisors,0.0270202,4212,"Bookmakers, croupiers and related gaming workers",1.0,0.0270202,561199,Betting Clerks nec,6.0,0.004503366666666667
39-1021,First-Line Supervisors of Personal Service Workers,0.6279178,3423,Fitness and recreation instructors and program leaders,10.0,0.06279177999999999,452111,Fitness Instructor,10.0,0.006279177999999999
39-1021,First-Line Supervisors of Personal Service Workers,0.6279178,3423,Fitness and recreation instructors and program leaders,10.0,0.06279177999999999,452211,Bungy Jump Master,10.0,0.006279177999999999
39-1021,First-Line Supervisors of Personal Service Workers,0.6279178,3423,Fitness and recreation instructors and program leaders,10.0,0.06279177999999999,452212,Fishing Guide,10.0,0.006279177999999999
39-1021,First-Line Supervisors of Personal Service Workers,0.6279178,3423,Fitness and recreation instructors and program leaders,10.0,0.06279177999999999,452213,Hunting Guide,10.0,0.006279177999999999
39-1021,First-Line Supervisors of Personal Service Workers,0.6279178,3423,Fitness and recreation instructors and program leaders,10.0,0.06279177999999999,452214,Mountain or Glacier Guide,10.0,0.006279177999999999
39-1021,First-Line Supervisors of Personal Service Workers,0.6279178,3423,Fitness and recreation instructors and program leaders,10.0,0.06279177999999999,452215,Outdoor Adventure Instructor,10.0,0.006279177999999999
39-1021,First-Line Supervisors of Personal Service Workers,0.6279178,3423,Fitness and recreation instructors and program leaders,10.0,0.06279177999999999,452216,Trekking Guide,10.0,0.006279177999999999
39-1021,First-Line Supervisors of Personal Service Workers,0.6279178,3423,Fitness and recreation instructors and program leaders,10.0,0.06279177999999999,452217,Whitewater Rafting Guide,10.0,0.006279177999999999
39-1021,First-Line Supervisors of Personal Service Workers,0.6279178,3423,Fitness and recreation instructors and program leaders,10.0,0.06279177999999999,452299,Outdoor Adventure Guides nec,10.0,0.006279177999999999
39-1021,First-Line Supervisors of Personal Service Workers,0.6279178,3423,Fitness and recreation instructors and program leaders,10.0,0.06279177999999999,452313,Horse Riding Coach or Instructor,10.0,0.006279177999999999
39-1021,First-Line Supervisors of Personal Service Workers,0.6279178,4414,Scribes and related workers,10.0,0.06279177999999999,599999,Clerical and Administrative Workers nec,1.0,0.06279177999999999
39-1021,First-Line Supervisors of Personal Service Workers,0.6279178,5113,Travel guides,10.0,0.06279177999999999,451411,Gallery or Museum Guide,2.0,0.031395889999999996
39-1021,First-Line Supervisors of Personal Service Workers,0.6279178,5113,Travel guides,10.0,0.06279177999999999,451412,Tour Guide,2.0,0.031395889999999996
39-1021,First-Line Supervisors of Personal Service Workers,0.6279178,5141,Hairdressers,10.0,0.06279177999999999,391111,Hairdresser,1.0,0.06279177999999999
39-1021,First-Line Supervisors of Personal Service Workers,0.6279178,5142,Beauticians and related workers,10.0,0.06279177999999999,399514,Make Up Artist,5.0,0.012558355999999998
39-1021,First-Line Supervisors of Personal Service Workers,0.6279178,5142,Beauticians and related workers,10.0,0.06279177999999999,451111,Beauty Therapist,5.0,0.012558355999999998
39-1021,First-Line Supervisors of Personal Service Workers,0.6279178,5142,Beauticians and related workers,10.0,0.06279177999999999,451512,Weight Loss Consultant,5.0,0.012558355999999998
39-1021,First-Line Supervisors of Personal Service Workers,0.6279178,5142,Beauticians and related workers,10.0,0.06279177999999999,451812,Hair or Beauty Salon Assistant,5.0,0.012558355999999998
39-1021,First-Line Supervisors of Personal Service Workers,0.6279178,5142,Beauticians and related workers,10.0,0.06279177999999999,621111,Sales Assistant (General),5.0,0.012558355999999998
39-1021,First-Line Supervisors of Personal Service Workers,0.6279178,5162,Companions and valets,10.0,0.06279177999999999,423111,Aged or Disabled Carer,1.0,0.06279177999999999
39-1021,First-Line Supervisors of Personal Service Workers,0.6279178,5164,Pet groomers and animal care workers,10.0,0.06279177999999999,361111,Dog Handler or Trainer,7.0,0.008970254285714284
39-1021,First-Line Supervisors of Personal Service Workers,0.6279178,5164,Pet groomers and animal care workers,10.0,0.06279177999999999,361112,Horse Trainer,7.0,0.008970254285714284
39-1021,First-Line Supervisors of Personal Service Workers,0.6279178,5164,Pet groomers and animal care workers,10.0,0.06279177999999999,361113,Pet Groomer,7.0,0.008970254285714284
39-1021,First-Line Supervisors of Personal Service Workers,0.6279178,5164,Pet groomers and animal care workers,10.0,0.06279177999999999,361114,Zookeeper,7.0,0.008970254285714284
39-1021,First-Line Supervisors of Personal Service Workers,0.6279178,5164,Pet groomers and animal care workers,10.0,0.06279177999999999,361115,Kennel Hand,7.0,0.008970254285714284
39-1021,First-Line Supervisors of Personal Service Workers,0.6279178,5164,Pet groomers and animal care workers,10.0,0.06279177999999999,361199,Animal Attendants and Trainers nec,7.0,0.008970254285714284
39-1021,First-Line Supervisors of Personal Service Workers,0.6279178,5164,Pet groomers and animal care workers,10.0,0.06279177999999999,361311,Veterinary Nurse,7.0,0.008970254285714284
39-1021,First-Line Supervisors of Personal Service Workers,0.6279178,5169,Personal services workers not elsewhere classified,10.0,0.06279177999999999,431999,Hospitality Workers nec,5.0,0.012558355999999998
39-1021,First-Line Supervisors of Personal Service Workers,0.6279178,5169,Personal services workers not elsewhere classified,10.0,0.06279177999999999,451811,Civil Celebrant,5.0,0.012558355999999998
39-1021,First-Line Supervisors of Personal Service Workers,0.6279178,5169,Personal services workers not elsewhere classified,10.0,0.06279177999999999,451813,Sex Worker or Escort,5.0,0.012558355999999998
39-1021,First-Line Supervisors of Personal Service Workers,0.6279178,5169,Personal services workers not elsewhere classified,10.0,0.06279177999999999,451815,First Aid Trainer,5.0,0.012558355999999998
39-1021,First-Line Supervisors of Personal Service Workers,0.6279178,5169,Personal services workers not elsewhere classified,10.0,0.06279177999999999,451899,Personal Service Workers nec,5.0,0.012558355999999998
39-1021,First-Line Supervisors of Personal Service Workers,0.6279178,5311,Child care workers,10.0,0.06279177999999999,421111,Child Care Worker,6.0,0.010465296666666665
39-1021,First-Line Supervisors of Personal Service Workers,0.6279178,5311,Child care workers,10.0,0.06279177999999999,421112,Family Day Care Worker,6.0,0.010465296666666665
39-1021,First-Line Supervisors of Personal Service Workers,0.6279178,5311,Child care workers,10.0,0.06279177999999999,421113,Nanny,6.0,0.010465296666666665
39-1021,First-Line Supervisors of Personal Service Workers,0.6279178,5311,Child care workers,10.0,0.06279177999999999,421114,Out of School Hours Care Worker,6.0,0.010465296666666665
39-1021,First-Line Supervisors of Personal Service Workers,0.6279178,5311,Child care workers,10.0,0.06279177999999999,423411,Child or Youth Residential Care Assistant,6.0,0.010465296666666665
39-1021,First-Line Supervisors of Personal Service Workers,0.6279178,5311,Child care workers,10.0,0.06279177999999999,423412,Hostel Parent,6.0,0.010465296666666665
39-1021,First-Line Supervisors of Personal Service Workers,0.6279178,5322,Home-based personal care workers,10.0,0.06279177999999999,423111,Aged or Disabled Carer,1.0,0.06279177999999999
39-2011,Animal Trainers,-0.7293655,5164,Pet groomers and animal care workers,1.0,-0.7293655,361111,Dog Handler or Trainer,7.0,-0.10419507142857143
39-2011,Animal Trainers,-0.7293655,5164,Pet groomers and animal care workers,1.0,-0.7293655,361112,Horse Trainer,7.0,-0.10419507142857143
39-2011,Animal Trainers,-0.7293655,5164,Pet groomers and animal care workers,1.0,-0.7293655,361113,Pet Groomer,7.0,-0.10419507142857143
39-2011,Animal Trainers,-0.7293655,5164,Pet groomers and animal care workers,1.0,-0.7293655,361114,Zookeeper,7.0,-0.10419507142857143
39-2011,Animal Trainers,-0.7293655,5164,Pet groomers and animal care workers,1.0,-0.7293655,361115,Kennel Hand,7.0,-0.10419507142857143
39-2011,Animal Trainers,-0.7293655,5164,Pet groomers and animal care workers,1.0,-0.7293655,361199,Animal Attendants and Trainers nec,7.0,-0.10419507142857143
39-2011,Animal Trainers,-0.7293655,5164,Pet groomers and animal care workers,1.0,-0.7293655,361311,Veterinary Nurse,7.0,-0.10419507142857143
39-2021,Nonfarm Animal Caretakers,-0.5279816,5164,Pet groomers and animal care workers,1.0,-0.5279816,361111,Dog Handler or Trainer,7.0,-0.07542594285714287
39-2021,Nonfarm Animal Caretakers,-0.5279816,5164,Pet groomers and animal care workers,1.0,-0.5279816,361112,Horse Trainer,7.0,-0.07542594285714287
39-2021,Nonfarm Animal Caretakers,-0.5279816,5164,Pet groomers and animal care workers,1.0,-0.5279816,361113,Pet Groomer,7.0,-0.07542594285714287
39-2021,Nonfarm Animal Caretakers,-0.5279816,5164,Pet groomers and animal care workers,1.0,-0.5279816,361114,Zookeeper,7.0,-0.07542594285714287
39-2021,Nonfarm Animal Caretakers,-0.5279816,5164,Pet groomers and animal care workers,1.0,-0.5279816,361115,Kennel Hand,7.0,-0.07542594285714287
39-2021,Nonfarm Animal Caretakers,-0.5279816,5164,Pet groomers and animal care workers,1.0,-0.5279816,361199,Animal Attendants and Trainers nec,7.0,-0.07542594285714287
39-2021,Nonfarm Animal Caretakers,-0.5279816,5164,Pet groomers and animal care workers,1.0,-0.5279816,361311,Veterinary Nurse,7.0,-0.07542594285714287
39-3011,Gaming Dealers,0.0302909,4212,"Bookmakers, croupiers and related gaming workers",1.0,0.0302909,431311,Gaming Worker,6.0,0.0050484833333333335
39-3011,Gaming Dealers,0.0302909,4212,"Bookmakers, croupiers and related gaming workers",1.0,0.0302909,552311,Bookmaker,6.0,0.0050484833333333335
39-3011,Gaming Dealers,0.0302909,4212,"Bookmakers, croupiers and related gaming workers",1.0,0.0302909,561111,Betting Agency Counter Clerk,6.0,0.0050484833333333335
39-3011,Gaming Dealers,0.0302909,4212,"Bookmakers, croupiers and related gaming workers",1.0,0.0302909,561112,Bookmaker's Clerk,6.0,0.0050484833333333335
39-3011,Gaming Dealers,0.0302909,4212,"Bookmakers, croupiers and related gaming workers",1.0,0.0302909,561113,Telephone Betting Clerk,6.0,0.0050484833333333335
39-3011,Gaming Dealers,0.0302909,4212,"Bookmakers, croupiers and related gaming workers",1.0,0.0302909,561199,Betting Clerks nec,6.0,0.0050484833333333335
39-3012,Gaming and Sports Book Writers and Runners,0.365378,4212,"Bookmakers, croupiers and related gaming workers",1.0,0.365378,431311,Gaming Worker,6.0,0.06089633333333333
39-3012,Gaming and Sports Book Writers and Runners,0.365378,4212,"Bookmakers, croupiers and related gaming workers",1.0,0.365378,552311,Bookmaker,6.0,0.06089633333333333
39-3012,Gaming and Sports Book Writers and Runners,0.365378,4212,"Bookmakers, croupiers and related gaming workers",1.0,0.365378,561111,Betting Agency Counter Clerk,6.0,0.06089633333333333
39-3012,Gaming and Sports Book Writers and Runners,0.365378,4212,"Bookmakers, croupiers and related gaming workers",1.0,0.365378,561112,Bookmaker's Clerk,6.0,0.06089633333333333
39-3012,Gaming and Sports Book Writers and Runners,0.365378,4212,"Bookmakers, croupiers and related gaming workers",1.0,0.365378,561113,Telephone Betting Clerk,6.0,0.06089633333333333
39-3012,Gaming and Sports Book Writers and Runners,0.365378,4212,"Bookmakers, croupiers and related gaming workers",1.0,0.365378,561199,Betting Clerks nec,6.0,0.06089633333333333
39-3021,Motion Picture Projectionists,-0.6494384,9629,Elementary workers not elsewhere classified,1.0,-0.6494384,431999,Hospitality Workers nec,8.0,-0.0811798
39-3021,Motion Picture Projectionists,-0.6494384,9629,Elementary workers not elsewhere classified,1.0,-0.6494384,899912,Car Park Attendant,8.0,-0.0811798
39-3021,Motion Picture Projectionists,-0.6494384,9629,Elementary workers not elsewhere classified,1.0,-0.6494384,899916,Mechanic's Assistant,8.0,-0.0811798
39-3021,Motion Picture Projectionists,-0.6494384,9629,Elementary workers not elsewhere classified,1.0,-0.6494384,899917,Railways Assistant,8.0,-0.0811798
39-3021,Motion Picture Projectionists,-0.6494384,9629,Elementary workers not elsewhere classified,1.0,-0.6494384,899918,Sign Erector,8.0,-0.0811798
39-3021,Motion Picture Projectionists,-0.6494384,9629,Elementary workers not elsewhere classified,1.0,-0.6494384,899921,Ticket Collector or Usher,8.0,-0.0811798
39-3021,Motion Picture Projectionists,-0.6494384,9629,Elementary workers not elsewhere classified,1.0,-0.6494384,899922,Trolley Collector,8.0,-0.0811798
39-3021,Motion Picture Projectionists,-0.6494384,9629,Elementary workers not elsewhere classified,1.0,-0.6494384,899999,Labourers nec,8.0,-0.0811798
39-3031,"Ushers, Lobby Attendants, and Ticket Takers",-0.1112865,9629,Elementary workers not elsewhere classified,1.0,-0.1112865,431999,Hospitality Workers nec,8.0,-0.0139108125
39-3031,"Ushers, Lobby Attendants, and Ticket Takers",-0.1112865,9629,Elementary workers not elsewhere classified,1.0,-0.1112865,899912,Car Park Attendant,8.0,-0.0139108125
39-3031,"Ushers, Lobby Attendants, and Ticket Takers",-0.1112865,9629,Elementary workers not elsewhere classified,1.0,-0.1112865,899916,Mechanic's Assistant,8.0,-0.0139108125
39-3031,"Ushers, Lobby Attendants, and Ticket Takers",-0.1112865,9629,Elementary workers not elsewhere classified,1.0,-0.1112865,899917,Railways Assistant,8.0,-0.0139108125
39-3031,"Ushers, Lobby Attendants, and Ticket Takers",-0.1112865,9629,Elementary workers not elsewhere classified,1.0,-0.1112865,899918,Sign Erector,8.0,-0.0139108125
39-3031,"Ushers, Lobby Attendants, and Ticket Takers",-0.1112865,9629,Elementary workers not elsewhere classified,1.0,-0.1112865,899921,Ticket Collector or Usher,8.0,-0.0139108125
39-3031,"Ushers, Lobby Attendants, and Ticket Takers",-0.1112865,9629,Elementary workers not elsewhere classified,1.0,-0.1112865,899922,Trolley Collector,8.0,-0.0139108125
39-3031,"Ushers, Lobby Attendants, and Ticket Takers",-0.1112865,9629,Elementary workers not elsewhere classified,1.0,-0.1112865,899999,Labourers nec,8.0,-0.0139108125
39-3091,Amusement and Recreation Attendants,-0.2293367,8343,"Crane, hoist and related plant operators",2.0,-0.11466835,712111,"Crane, Hoist or Lift Operator",3.0,-0.038222783333333336
39-3091,Amusement and Recreation Attendants,-0.2293367,8343,"Crane, hoist and related plant operators",2.0,-0.11466835,712999,Stationary Plant Operators nec,3.0,-0.038222783333333336
39-3091,Amusement and Recreation Attendants,-0.2293367,8343,"Crane, hoist and related plant operators",2.0,-0.11466835,721999,Mobile Plant Operators nec,3.0,-0.038222783333333336
39-3091,Amusement and Recreation Attendants,-0.2293367,9629,Elementary workers not elsewhere classified,2.0,-0.11466835,431999,Hospitality Workers nec,8.0,-0.01433354375
39-3091,Amusement and Recreation Attendants,-0.2293367,9629,Elementary workers not elsewhere classified,2.0,-0.11466835,899912,Car Park Attendant,8.0,-0.01433354375
39-3091,Amusement and Recreation Attendants,-0.2293367,9629,Elementary workers not elsewhere classified,2.0,-0.11466835,899916,Mechanic's Assistant,8.0,-0.01433354375
39-3091,Amusement and Recreation Attendants,-0.2293367,9629,Elementary workers not elsewhere classified,2.0,-0.11466835,899917,Railways Assistant,8.0,-0.01433354375
39-3091,Amusement and Recreation Attendants,-0.2293367,9629,Elementary workers not elsewhere classified,2.0,-0.11466835,899918,Sign Erector,8.0,-0.01433354375
39-3091,Amusement and Recreation Attendants,-0.2293367,9629,Elementary workers not elsewhere classified,2.0,-0.11466835,899921,Ticket Collector or Usher,8.0,-0.01433354375
39-3091,Amusement and Recreation Attendants,-0.2293367,9629,Elementary workers not elsewhere classified,2.0,-0.11466835,899922,Trolley Collector,8.0,-0.01433354375
39-3091,Amusement and Recreation Attendants,-0.2293367,9629,Elementary workers not elsewhere classified,2.0,-0.11466835,899999,Labourers nec,8.0,-0.01433354375
39-3092,Costume Attendants,-0.2958649,3435,Other artistic and cultural associate professionals,1.0,-0.2958649,211199,"Actors, Dancers and Other Entertainers nec",6.0,-0.04931081666666667
39-3092,Costume Attendants,-0.2958649,3435,Other artistic and cultural associate professionals,1.0,-0.2958649,212316,Stage Manager,6.0,-0.04931081666666667
39-3092,Costume Attendants,-0.2958649,3435,Other artistic and cultural associate professionals,1.0,-0.2958649,399513,Light Technician,6.0,-0.04931081666666667
39-3092,Costume Attendants,-0.2958649,3435,Other artistic and cultural associate professionals,1.0,-0.2958649,399516,Sound Technician,6.0,-0.04931081666666667
39-3092,Costume Attendants,-0.2958649,3435,Other artistic and cultural associate professionals,1.0,-0.2958649,399599,Performing Arts Technicians nec,6.0,-0.04931081666666667
39-3092,Costume Attendants,-0.2958649,3435,Other artistic and cultural associate professionals,1.0,-0.2958649,451814,Body Artist,6.0,-0.04931081666666667
39-3093,"Locker Room, Coatroom, and Dressing Room Attendants",0.2794888,9629,Elementary workers not elsewhere classified,1.0,0.2794888,431999,Hospitality Workers nec,8.0,0.0349361
39-3093,"Locker Room, Coatroom, and Dressing Room Attendants",0.2794888,9629,Elementary workers not elsewhere classified,1.0,0.2794888,899912,Car Park Attendant,8.0,0.0349361
39-3093,"Locker Room, Coatroom, and Dressing Room Attendants",0.2794888,9629,Elementary workers not elsewhere classified,1.0,0.2794888,899916,Mechanic's Assistant,8.0,0.0349361
39-3093,"Locker Room, Coatroom, and Dressing Room Attendants",0.2794888,9629,Elementary workers not elsewhere classified,1.0,0.2794888,899917,Railways Assistant,8.0,0.0349361
39-3093,"Locker Room, Coatroom, and Dressing Room Attendants",0.2794888,9629,Elementary workers not elsewhere classified,1.0,0.2794888,899918,Sign Erector,8.0,0.0349361
39-3093,"Locker Room, Coatroom, and Dressing Room Attendants",0.2794888,9629,Elementary workers not elsewhere classified,1.0,0.2794888,899921,Ticket Collector or Usher,8.0,0.0349361
39-3093,"Locker Room, Coatroom, and Dressing Room Attendants",0.2794888,9629,Elementary workers not elsewhere classified,1.0,0.2794888,899922,Trolley Collector,8.0,0.0349361
39-3093,"Locker Room, Coatroom, and Dressing Room Attendants",0.2794888,9629,Elementary workers not elsewhere classified,1.0,0.2794888,899999,Labourers nec,8.0,0.0349361
39-4011,Embalmers,-0.6571462,5163,Undertakers and embalmers,1.0,-0.6571462,451311,Funeral Director,2.0,-0.3285731
39-4011,Embalmers,-0.6571462,5163,Undertakers and embalmers,1.0,-0.6571462,451399,Funeral Workers nec,2.0,-0.3285731
39-4021,Funeral Attendants,-0.1577413,5163,Undertakers and embalmers,1.0,-0.1577413,451311,Funeral Director,2.0,-0.07887065
39-4021,Funeral Attendants,-0.1577413,5163,Undertakers and embalmers,1.0,-0.1577413,451399,Funeral Workers nec,2.0,-0.07887065
39-4031,"Morticians, Undertakers, and Funeral Directors",-0.1143887,5163,Undertakers and embalmers,1.0,-0.1143887,451311,Funeral Director,2.0,-0.05719435
39-4031,"Morticians, Undertakers, and Funeral Directors",-0.1143887,5163,Undertakers and embalmers,1.0,-0.1143887,451399,Funeral Workers nec,2.0,-0.05719435
39-5011,Barbers,-0.5433185,5141,Hairdressers,1.0,-0.5433185,391111,Hairdresser,1.0,-0.5433185
39-5012,"Hairdressers, Hairstylists, and Cosmetologists",-0.6155546,5141,Hairdressers,2.0,-0.3077773,391111,Hairdresser,1.0,-0.3077773
39-5012,"Hairdressers, Hairstylists, and Cosmetologists",-0.6155546,5142,Beauticians and related workers,2.0,-0.3077773,399514,Make Up Artist,5.0,-0.06155545999999999
39-5012,"Hairdressers, Hairstylists, and Cosmetologists",-0.6155546,5142,Beauticians and related workers,2.0,-0.3077773,451111,Beauty Therapist,5.0,-0.06155545999999999
39-5012,"Hairdressers, Hairstylists, and Cosmetologists",-0.6155546,5142,Beauticians and related workers,2.0,-0.3077773,451512,Weight Loss Consultant,5.0,-0.06155545999999999
39-5012,"Hairdressers, Hairstylists, and Cosmetologists",-0.6155546,5142,Beauticians and related workers,2.0,-0.3077773,451812,Hair or Beauty Salon Assistant,5.0,-0.06155545999999999
39-5012,"Hairdressers, Hairstylists, and Cosmetologists",-0.6155546,5142,Beauticians and related workers,2.0,-0.3077773,621111,Sales Assistant (General),5.0,-0.06155545999999999
39-5091,"Makeup Artists, Theatrical and Performance",-0.4973671,5142,Beauticians and related workers,1.0,-0.4973671,399514,Make Up Artist,5.0,-0.09947342
39-5091,"Makeup Artists, Theatrical and Performance",-0.4973671,5142,Beauticians and related workers,1.0,-0.4973671,451111,Beauty Therapist,5.0,-0.09947342
39-5091,"Makeup Artists, Theatrical and Performance",-0.4973671,5142,Beauticians and related workers,1.0,-0.4973671,451512,Weight Loss Consultant,5.0,-0.09947342
39-5091,"Makeup Artists, Theatrical and Performance",-0.4973671,5142,Beauticians and related workers,1.0,-0.4973671,451812,Hair or Beauty Salon Assistant,5.0,-0.09947342
39-5091,"Makeup Artists, Theatrical and Performance",-0.4973671,5142,Beauticians and related workers,1.0,-0.4973671,621111,Sales Assistant (General),5.0,-0.09947342
39-5092,Manicurists and Pedicurists,-0.0792243,5142,Beauticians and related workers,1.0,-0.0792243,399514,Make Up Artist,5.0,-0.01584486
39-5092,Manicurists and Pedicurists,-0.0792243,5142,Beauticians and related workers,1.0,-0.0792243,451111,Beauty Therapist,5.0,-0.01584486
39-5092,Manicurists and Pedicurists,-0.0792243,5142,Beauticians and related workers,1.0,-0.0792243,451512,Weight Loss Consultant,5.0,-0.01584486
39-5092,Manicurists and Pedicurists,-0.0792243,5142,Beauticians and related workers,1.0,-0.0792243,451812,Hair or Beauty Salon Assistant,5.0,-0.01584486
39-5092,Manicurists and Pedicurists,-0.0792243,5142,Beauticians and related workers,1.0,-0.0792243,621111,Sales Assistant (General),5.0,-0.01584486
39-5093,Shampooers,-0.5005988,5142,Beauticians and related workers,1.0,-0.5005988,399514,Make Up Artist,5.0,-0.10011976
39-5093,Shampooers,-0.5005988,5142,Beauticians and related workers,1.0,-0.5005988,451111,Beauty Therapist,5.0,-0.10011976
39-5093,Shampooers,-0.5005988,5142,Beauticians and related workers,1.0,-0.5005988,451512,Weight Loss Consultant,5.0,-0.10011976
39-5093,Shampooers,-0.5005988,5142,Beauticians and related workers,1.0,-0.5005988,451812,Hair or Beauty Salon Assistant,5.0,-0.10011976
39-5093,Shampooers,-0.5005988,5142,Beauticians and related workers,1.0,-0.5005988,621111,Sales Assistant (General),5.0,-0.10011976
39-5094,Skincare Specialists,-0.0372525,5142,Beauticians and related workers,1.0,-0.0372525,399514,Make Up Artist,5.0,-0.0074505000000000005
39-5094,Skincare Specialists,-0.0372525,5142,Beauticians and related workers,1.0,-0.0372525,451111,Beauty Therapist,5.0,-0.0074505000000000005
39-5094,Skincare Specialists,-0.0372525,5142,Beauticians and related workers,1.0,-0.0372525,451512,Weight Loss Consultant,5.0,-0.0074505000000000005
39-5094,Skincare Specialists,-0.0372525,5142,Beauticians and related workers,1.0,-0.0372525,451812,Hair or Beauty Salon Assistant,5.0,-0.0074505000000000005
39-5094,Skincare Specialists,-0.0372525,5142,Beauticians and related workers,1.0,-0.0372525,621111,Sales Assistant (General),5.0,-0.0074505000000000005
39-6011,Baggage Porters and Bellhops,-0.9139996,9621,"Messengers, package deliverers and luggage porters",1.0,-0.9139996,431912,Doorperson or Luggage Porter,3.0,-0.3046665333333333
39-6011,Baggage Porters and Bellhops,-0.9139996,9621,"Messengers, package deliverers and luggage porters",1.0,-0.9139996,561211,Courier,3.0,-0.3046665333333333
39-6011,Baggage Porters and Bellhops,-0.9139996,9621,"Messengers, package deliverers and luggage porters",1.0,-0.9139996,899915,Leaflet or Newspaper Deliverer,3.0,-0.3046665333333333
39-6012,Concierges,1.070776,4224,Hotel receptionists,1.0,1.070776,542113,Hotel or Motel Receptionist,1.0,1.070776
39-7011,Tour Guides and Escorts,0.7355828,5113,Travel guides,1.0,0.7355828,451411,Gallery or Museum Guide,2.0,0.3677914
39-7011,Tour Guides and Escorts,0.7355828,5113,Travel guides,1.0,0.7355828,451412,Tour Guide,2.0,0.3677914
39-7012,Travel Guides,0.552707,5113,Travel guides,1.0,0.552707,451411,Gallery or Museum Guide,2.0,0.2763535
39-7012,Travel Guides,0.552707,5113,Travel guides,1.0,0.552707,451412,Tour Guide,2.0,0.2763535
39-9011,Childcare Workers,-0.1674963,5311,Child care workers,1.0,-0.1674963,421111,Child Care Worker,6.0,-0.027916049999999998
39-9011,Childcare Workers,-0.1674963,5311,Child care workers,1.0,-0.1674963,421112,Family Day Care Worker,6.0,-0.027916049999999998
39-9011,Childcare Workers,-0.1674963,5311,Child care workers,1.0,-0.1674963,421113,Nanny,6.0,-0.027916049999999998
39-9011,Childcare Workers,-0.1674963,5311,Child care workers,1.0,-0.1674963,421114,Out of School Hours Care Worker,6.0,-0.027916049999999998
39-9011,Childcare Workers,-0.1674963,5311,Child care workers,1.0,-0.1674963,423411,Child or Youth Residential Care Assistant,6.0,-0.027916049999999998
39-9011,Childcare Workers,-0.1674963,5311,Child care workers,1.0,-0.1674963,423412,Hostel Parent,6.0,-0.027916049999999998
39-9021,Personal Care Aides,-0.2060442,5322,Home-based personal care workers,3.0,-0.0686814,423111,Aged or Disabled Carer,1.0,-0.0686814
39-9021,Personal Care Aides,-0.2060442,4414,Scribes and related workers,3.0,-0.0686814,599999,Clerical and Administrative Workers nec,1.0,-0.0686814
39-9021,Personal Care Aides,-0.2060442,5162,Companions and valets,3.0,-0.0686814,423111,Aged or Disabled Carer,1.0,-0.0686814
39-9031,Fitness Trainers and Aerobics Instructors,-1.2572,3423,Fitness and recreation instructors and program leaders,1.0,-1.2572,452111,Fitness Instructor,10.0,-0.12572
39-9031,Fitness Trainers and Aerobics Instructors,-1.2572,3423,Fitness and recreation instructors and program leaders,1.0,-1.2572,452211,Bungy Jump Master,10.0,-0.12572
39-9031,Fitness Trainers and Aerobics Instructors,-1.2572,3423,Fitness and recreation instructors and program leaders,1.0,-1.2572,452212,Fishing Guide,10.0,-0.12572
39-9031,Fitness Trainers and Aerobics Instructors,-1.2572,3423,Fitness and recreation instructors and program leaders,1.0,-1.2572,452213,Hunting Guide,10.0,-0.12572
39-9031,Fitness Trainers and Aerobics Instructors,-1.2572,3423,Fitness and recreation instructors and program leaders,1.0,-1.2572,452214,Mountain or Glacier Guide,10.0,-0.12572
39-9031,Fitness Trainers and Aerobics Instructors,-1.2572,3423,Fitness and recreation instructors and program leaders,1.0,-1.2572,452215,Outdoor Adventure Instructor,10.0,-0.12572
39-9031,Fitness Trainers and Aerobics Instructors,-1.2572,3423,Fitness and recreation instructors and program leaders,1.0,-1.2572,452216,Trekking Guide,10.0,-0.12572
39-9031,Fitness Trainers and Aerobics Instructors,-1.2572,3423,Fitness and recreation instructors and program leaders,1.0,-1.2572,452217,Whitewater Rafting Guide,10.0,-0.12572
39-9031,Fitness Trainers and Aerobics Instructors,-1.2572,3423,Fitness and recreation instructors and program leaders,1.0,-1.2572,452299,Outdoor Adventure Guides nec,10.0,-0.12572
39-9031,Fitness Trainers and Aerobics Instructors,-1.2572,3423,Fitness and recreation instructors and program leaders,1.0,-1.2572,452313,Horse Riding Coach or Instructor,10.0,-0.12572
39-9032,Recreation Workers,0.0970085,5169,Personal services workers not elsewhere classified,1.0,0.0970085,431999,Hospitality Workers nec,5.0,0.0194017
39-9032,Recreation Workers,0.0970085,5169,Personal services workers not elsewhere classified,1.0,0.0970085,451811,Civil Celebrant,5.0,0.0194017
39-9032,Recreation Workers,0.0970085,5169,Personal services workers not elsewhere classified,1.0,0.0970085,451813,Sex Worker or Escort,5.0,0.0194017
39-9032,Recreation Workers,0.0970085,5169,Personal services workers not elsewhere classified,1.0,0.0970085,451815,First Aid Trainer,5.0,0.0194017
39-9032,Recreation Workers,0.0970085,5169,Personal services workers not elsewhere classified,1.0,0.0970085,451899,Personal Service Workers nec,5.0,0.0194017
39-9041,Residential Advisors,0.7105829,5169,Personal services workers not elsewhere classified,1.0,0.7105829,431999,Hospitality Workers nec,5.0,0.14211658
39-9041,Residential Advisors,0.7105829,5169,Personal services workers not elsewhere classified,1.0,0.7105829,451811,Civil Celebrant,5.0,0.14211658
39-9041,Residential Advisors,0.7105829,5169,Personal services workers not elsewhere classified,1.0,0.7105829,451813,Sex Worker or Escort,5.0,0.14211658
39-9041,Residential Advisors,0.7105829,5169,Personal services workers not elsewhere classified,1.0,0.7105829,451815,First Aid Trainer,5.0,0.14211658
39-9041,Residential Advisors,0.7105829,5169,Personal services workers not elsewhere classified,1.0,0.7105829,451899,Personal Service Workers nec,5.0,0.14211658
41-1011,First-Line Supervisors of Retail Sales Workers,0.2011382,5222,Shop supervisors,1.0,0.2011382,621511,Retail Supervisor,1.0,0.2011382
41-1012,First-Line Supervisors of Non-Retail Sales Workers,1.258639,2433,Technical and medical sales professionals (excluding ICT),9.0,0.1398487777777778,225411,Sales Representative (Industrial Products),4.0,0.03496219444444445
41-1012,First-Line Supervisors of Non-Retail Sales Workers,1.258639,2433,Technical and medical sales professionals (excluding ICT),9.0,0.1398487777777778,225412,Sales Representative (Medical and Pharmaceutical Products),4.0,0.03496219444444445
41-1012,First-Line Supervisors of Non-Retail Sales Workers,1.258639,2433,Technical and medical sales professionals (excluding ICT),9.0,0.1398487777777778,225499,Technical Sales Representatives nec,4.0,0.03496219444444445
41-1012,First-Line Supervisors of Non-Retail Sales Workers,1.258639,2433,Technical and medical sales professionals (excluding ICT),9.0,0.1398487777777778,234115,Agronomist,4.0,0.03496219444444445
41-1012,First-Line Supervisors of Non-Retail Sales Workers,1.258639,2434,Information and communications technology sales professionals,9.0,0.1398487777777778,225211,ICT Account Manager,3.0,0.04661625925925927
41-1012,First-Line Supervisors of Non-Retail Sales Workers,1.258639,2434,Information and communications technology sales professionals,9.0,0.1398487777777778,225212,ICT Business Development Manager,3.0,0.04661625925925927
41-1012,First-Line Supervisors of Non-Retail Sales Workers,1.258639,2434,Information and communications technology sales professionals,9.0,0.1398487777777778,225213,ICT Sales Representative,3.0,0.04661625925925927
41-1012,First-Line Supervisors of Non-Retail Sales Workers,1.258639,3311,Securities and finance dealers and brokers,9.0,0.1398487777777778,222112,Finance Broker,5.0,0.02796975555555556
41-1012,First-Line Supervisors of Non-Retail Sales Workers,1.258639,3311,Securities and finance dealers and brokers,9.0,0.1398487777777778,222199,Financial Brokers nec,5.0,0.02796975555555556
41-1012,First-Line Supervisors of Non-Retail Sales Workers,1.258639,3311,Securities and finance dealers and brokers,9.0,0.1398487777777778,222211,Financial Market Dealer,5.0,0.02796975555555556
41-1012,First-Line Supervisors of Non-Retail Sales Workers,1.258639,3311,Securities and finance dealers and brokers,9.0,0.1398487777777778,222213,Stockbroking Dealer,5.0,0.02796975555555556
41-1012,First-Line Supervisors of Non-Retail Sales Workers,1.258639,3311,Securities and finance dealers and brokers,9.0,0.1398487777777778,222299,Financial Dealers nec,5.0,0.02796975555555556
41-1012,First-Line Supervisors of Non-Retail Sales Workers,1.258639,3321,Insurance representatives,9.0,0.1398487777777778,222113,Insurance Broker,3.0,0.04661625925925927
41-1012,First-Line Supervisors of Non-Retail Sales Workers,1.258639,3321,Insurance representatives,9.0,0.1398487777777778,552312,Insurance Consultant,3.0,0.04661625925925927
41-1012,First-Line Supervisors of Non-Retail Sales Workers,1.258639,3321,Insurance representatives,9.0,0.1398487777777778,611211,Insurance Agent,3.0,0.04661625925925927
41-1012,First-Line Supervisors of Non-Retail Sales Workers,1.258639,3322,Commercial sales representatives,9.0,0.1398487777777778,611311,Sales Representative (Building and Plumbing Supplies),5.0,0.02796975555555556
41-1012,First-Line Supervisors of Non-Retail Sales Workers,1.258639,3322,Commercial sales representatives,9.0,0.1398487777777778,611312,Sales Representative (Business Services),5.0,0.02796975555555556
41-1012,First-Line Supervisors of Non-Retail Sales Workers,1.258639,3322,Commercial sales representatives,9.0,0.1398487777777778,611313,Sales Representative (Motor Vehicle Parts and Accessories),5.0,0.02796975555555556
41-1012,First-Line Supervisors of Non-Retail Sales Workers,1.258639,3322,Commercial sales representatives,9.0,0.1398487777777778,611314,Sales Representative (Personal and Household Goods),5.0,0.02796975555555556
41-1012,First-Line Supervisors of Non-Retail Sales Workers,1.258639,3322,Commercial sales representatives,9.0,0.1398487777777778,611399,Sales Representatives nec,5.0,0.02796975555555556
41-1012,First-Line Supervisors of Non-Retail Sales Workers,1.258639,3324,Trade brokers,9.0,0.1398487777777778,149999,"Hospitality, Retail and Service Managers nec",3.0,0.04661625925925927
41-1012,First-Line Supervisors of Non-Retail Sales Workers,1.258639,3324,Trade brokers,9.0,0.1398487777777778,222111,Commodities Trader,3.0,0.04661625925925927
41-1012,First-Line Supervisors of Non-Retail Sales Workers,1.258639,3324,Trade brokers,9.0,0.1398487777777778,222212,Futures Trader,3.0,0.04661625925925927
41-1012,First-Line Supervisors of Non-Retail Sales Workers,1.258639,3334,Real estate agents and property managers,9.0,0.1398487777777778,612111,Business Broker,5.0,0.02796975555555556
41-1012,First-Line Supervisors of Non-Retail Sales Workers,1.258639,3334,Real estate agents and property managers,9.0,0.1398487777777778,612112,Property Manager,5.0,0.02796975555555556
41-1012,First-Line Supervisors of Non-Retail Sales Workers,1.258639,3334,Real estate agents and property managers,9.0,0.1398487777777778,612113,Real Estate Agency Principal / Real Estate Agency Licensee,5.0,0.02796975555555556
41-1012,First-Line Supervisors of Non-Retail Sales Workers,1.258639,3334,Real estate agents and property managers,9.0,0.1398487777777778,612114,Real Estate Agent,5.0,0.02796975555555556
41-1012,First-Line Supervisors of Non-Retail Sales Workers,1.258639,3334,Real estate agents and property managers,9.0,0.1398487777777778,612115,Real Estate Representative,5.0,0.02796975555555556
41-1012,First-Line Supervisors of Non-Retail Sales Workers,1.258639,3339,Business services agents not elsewhere classified,9.0,0.1398487777777778,222199,Financial Brokers nec,11.0,0.012713525252525254
41-1012,First-Line Supervisors of Non-Retail Sales Workers,1.258639,3339,Business services agents not elsewhere classified,9.0,0.1398487777777778,223112,Recruitment Consultant,11.0,0.012713525252525254
41-1012,First-Line Supervisors of Non-Retail Sales Workers,1.258639,3339,Business services agents not elsewhere classified,9.0,0.1398487777777778,224912,Liaison Officer,11.0,0.012713525252525254
41-1012,First-Line Supervisors of Non-Retail Sales Workers,1.258639,3339,Business services agents not elsewhere classified,9.0,0.1398487777777778,224999,Information and Organisation Professionals nec,11.0,0.012713525252525254
41-1012,First-Line Supervisors of Non-Retail Sales Workers,1.258639,3339,Business services agents not elsewhere classified,9.0,0.1398487777777778,442216,Security Consultant,11.0,0.012713525252525254
41-1012,First-Line Supervisors of Non-Retail Sales Workers,1.258639,3339,Business services agents not elsewhere classified,9.0,0.1398487777777778,511111,Contract Administrator,11.0,0.012713525252525254
41-1012,First-Line Supervisors of Non-Retail Sales Workers,1.258639,3339,Business services agents not elsewhere classified,9.0,0.1398487777777778,511112,Program or Project Administrator,11.0,0.012713525252525254
41-1012,First-Line Supervisors of Non-Retail Sales Workers,1.258639,3339,Business services agents not elsewhere classified,9.0,0.1398487777777778,599916,Facilities Administrator,11.0,0.012713525252525254
41-1012,First-Line Supervisors of Non-Retail Sales Workers,1.258639,3339,Business services agents not elsewhere classified,9.0,0.1398487777777778,611111,Auctioneer,11.0,0.012713525252525254
41-1012,First-Line Supervisors of Non-Retail Sales Workers,1.258639,3339,Business services agents not elsewhere classified,9.0,0.1398487777777778,611112,Stock and Station Agent,11.0,0.012713525252525254
41-1012,First-Line Supervisors of Non-Retail Sales Workers,1.258639,3339,Business services agents not elsewhere classified,9.0,0.1398487777777778,611312,Sales Representative (Business Services),11.0,0.012713525252525254
41-1012,First-Line Supervisors of Non-Retail Sales Workers,1.258639,4221,Travel consultants and clerks,9.0,0.1398487777777778,451611,Tourist Information Officer,3.0,0.04661625925925927
41-1012,First-Line Supervisors of Non-Retail Sales Workers,1.258639,4221,Travel consultants and clerks,9.0,0.1398487777777778,451612,Travel Consultant,3.0,0.04661625925925927
41-1012,First-Line Supervisors of Non-Retail Sales Workers,1.258639,4221,Travel consultants and clerks,9.0,0.1398487777777778,639411,Ticket Seller,3.0,0.04661625925925927
41-2011,Cashiers,-0.1074713,5230,Cashiers and ticket clerks,1.0,-0.1074713,631111,Checkout Operator,3.0,-0.035823766666666666
41-2011,Cashiers,-0.1074713,5230,Cashiers and ticket clerks,1.0,-0.1074713,631112,Office Cashier,3.0,-0.035823766666666666
41-2011,Cashiers,-0.1074713,5230,Cashiers and ticket clerks,1.0,-0.1074713,639411,Ticket Seller,3.0,-0.035823766666666666
41-2012,Gaming Change Persons and Booth Cashiers,-0.1038614,5230,Cashiers and ticket clerks,1.0,-0.1038614,631111,Checkout Operator,3.0,-0.03462046666666667
41-2012,Gaming Change Persons and Booth Cashiers,-0.1038614,5230,Cashiers and ticket clerks,1.0,-0.1038614,631112,Office Cashier,3.0,-0.03462046666666667
41-2012,Gaming Change Persons and Booth Cashiers,-0.1038614,5230,Cashiers and ticket clerks,1.0,-0.1038614,639411,Ticket Seller,3.0,-0.03462046666666667
41-2021,Counter and Rental Clerks,0.1427099,5249,Sales workers not elsewhere classified,1.0,0.1427099,621711,Cash Van Salesperson,4.0,0.035677475
41-2021,Counter and Rental Clerks,0.1427099,5249,Sales workers not elsewhere classified,1.0,0.1427099,621912,Rental Salesperson,4.0,0.035677475
41-2021,Counter and Rental Clerks,0.1427099,5249,Sales workers not elsewhere classified,1.0,0.1427099,621999,Sales Assistants and Salespersons nec,4.0,0.035677475
41-2021,Counter and Rental Clerks,0.1427099,5249,Sales workers not elsewhere classified,1.0,0.1427099,639911,Other Sales Support Worker,4.0,0.035677475
41-2022,Parts Salespersons,-0.0136432,5223,Shop sales assistants,1.0,-0.0136432,621111,Sales Assistant (General),5.0,-0.00272864
41-2022,Parts Salespersons,-0.0136432,5223,Shop sales assistants,1.0,-0.0136432,621211,ICT Sales Assistant,5.0,-0.00272864
41-2022,Parts Salespersons,-0.0136432,5223,Shop sales assistants,1.0,-0.0136432,621311,Motor Vehicle or Caravan Salesperson,5.0,-0.00272864
41-2022,Parts Salespersons,-0.0136432,5223,Shop sales assistants,1.0,-0.0136432,621312,Motor Vehicle Parts Interpreter / Automotive Parts Salesperson,5.0,-0.00272864
41-2022,Parts Salespersons,-0.0136432,5223,Shop sales assistants,1.0,-0.0136432,621411,Pharmacy Sales Assistant,5.0,-0.00272864
41-2031,Retail Salespersons,0.3573965,5223,Shop sales assistants,1.0,0.3573965,621111,Sales Assistant (General),5.0,0.0714793
41-2031,Retail Salespersons,0.3573965,5223,Shop sales assistants,1.0,0.3573965,621211,ICT Sales Assistant,5.0,0.0714793
41-2031,Retail Salespersons,0.3573965,5223,Shop sales assistants,1.0,0.3573965,621311,Motor Vehicle or Caravan Salesperson,5.0,0.0714793
41-2031,Retail Salespersons,0.3573965,5223,Shop sales assistants,1.0,0.3573965,621312,Motor Vehicle Parts Interpreter / Automotive Parts Salesperson,5.0,0.0714793
41-2031,Retail Salespersons,0.3573965,5223,Shop sales assistants,1.0,0.3573965,621411,Pharmacy Sales Assistant,5.0,0.0714793
41-3011,Advertising Sales Agents,1.122101,3339,Business services agents not elsewhere classified,1.0,1.122101,222199,Financial Brokers nec,11.0,0.10200918181818182
41-3011,Advertising Sales Agents,1.122101,3339,Business services agents not elsewhere classified,1.0,1.122101,223112,Recruitment Consultant,11.0,0.10200918181818182
41-3011,Advertising Sales Agents,1.122101,3339,Business services agents not elsewhere classified,1.0,1.122101,224912,Liaison Officer,11.0,0.10200918181818182
41-3011,Advertising Sales Agents,1.122101,3339,Business services agents not elsewhere classified,1.0,1.122101,224999,Information and Organisation Professionals nec,11.0,0.10200918181818182
41-3011,Advertising Sales Agents,1.122101,3339,Business services agents not elsewhere classified,1.0,1.122101,442216,Security Consultant,11.0,0.10200918181818182
41-3011,Advertising Sales Agents,1.122101,3339,Business services agents not elsewhere classified,1.0,1.122101,511111,Contract Administrator,11.0,0.10200918181818182
41-3011,Advertising Sales Agents,1.122101,3339,Business services agents not elsewhere classified,1.0,1.122101,511112,Program or Project Administrator,11.0,0.10200918181818182
41-3011,Advertising Sales Agents,1.122101,3339,Business services agents not elsewhere classified,1.0,1.122101,599916,Facilities Administrator,11.0,0.10200918181818182
41-3011,Advertising Sales Agents,1.122101,3339,Business services agents not elsewhere classified,1.0,1.122101,611111,Auctioneer,11.0,0.10200918181818182
41-3011,Advertising Sales Agents,1.122101,3339,Business services agents not elsewhere classified,1.0,1.122101,611112,Stock and Station Agent,11.0,0.10200918181818182
41-3011,Advertising Sales Agents,1.122101,3339,Business services agents not elsewhere classified,1.0,1.122101,611312,Sales Representative (Business Services),11.0,0.10200918181818182
41-3021,Insurance Sales Agents,1.426945,3321,Insurance representatives,1.0,1.426945,222113,Insurance Broker,3.0,0.4756483333333333
41-3021,Insurance Sales Agents,1.426945,3321,Insurance representatives,1.0,1.426945,552312,Insurance Consultant,3.0,0.4756483333333333
41-3021,Insurance Sales Agents,1.426945,3321,Insurance representatives,1.0,1.426945,611211,Insurance Agent,3.0,0.4756483333333333
41-3031,"Securities, Commodities, and Financial Services Sales Agents",1.2599,3311,Securities and finance dealers and brokers,2.0,0.62995,222112,Finance Broker,5.0,0.12599
41-3031,"Securities, Commodities, and Financial Services Sales Agents",1.2599,3311,Securities and finance dealers and brokers,2.0,0.62995,222199,Financial Brokers nec,5.0,0.12599
41-3031,"Securities, Commodities, and Financial Services Sales Agents",1.2599,3311,Securities and finance dealers and brokers,2.0,0.62995,222211,Financial Market Dealer,5.0,0.12599
41-3031,"Securities, Commodities, and Financial Services Sales Agents",1.2599,3311,Securities and finance dealers and brokers,2.0,0.62995,222213,Stockbroking Dealer,5.0,0.12599
41-3031,"Securities, Commodities, and Financial Services Sales Agents",1.2599,3311,Securities and finance dealers and brokers,2.0,0.62995,222299,Financial Dealers nec,5.0,0.12599
41-3031,"Securities, Commodities, and Financial Services Sales Agents",1.2599,3324,Trade brokers,2.0,0.62995,149999,"Hospitality, Retail and Service Managers nec",3.0,0.20998333333333333
41-3031,"Securities, Commodities, and Financial Services Sales Agents",1.2599,3324,Trade brokers,2.0,0.62995,222111,Commodities Trader,3.0,0.20998333333333333
41-3031,"Securities, Commodities, and Financial Services Sales Agents",1.2599,3324,Trade brokers,2.0,0.62995,222212,Futures Trader,3.0,0.20998333333333333
41-3041,Travel Agents,1.278436,3339,Business services agents not elsewhere classified,2.0,0.639218,222199,Financial Brokers nec,11.0,0.058110727272727265
41-3041,Travel Agents,1.278436,3339,Business services agents not elsewhere classified,2.0,0.639218,223112,Recruitment Consultant,11.0,0.058110727272727265
41-3041,Travel Agents,1.278436,3339,Business services agents not elsewhere classified,2.0,0.639218,224912,Liaison Officer,11.0,0.058110727272727265
41-3041,Travel Agents,1.278436,3339,Business services agents not elsewhere classified,2.0,0.639218,224999,Information and Organisation Professionals nec,11.0,0.058110727272727265
41-3041,Travel Agents,1.278436,3339,Business services agents not elsewhere classified,2.0,0.639218,442216,Security Consultant,11.0,0.058110727272727265
41-3041,Travel Agents,1.278436,3339,Business services agents not elsewhere classified,2.0,0.639218,511111,Contract Administrator,11.0,0.058110727272727265
41-3041,Travel Agents,1.278436,3339,Business services agents not elsewhere classified,2.0,0.639218,511112,Program or Project Administrator,11.0,0.058110727272727265
41-3041,Travel Agents,1.278436,3339,Business services agents not elsewhere classified,2.0,0.639218,599916,Facilities Administrator,11.0,0.058110727272727265
41-3041,Travel Agents,1.278436,3339,Business services agents not elsewhere classified,2.0,0.639218,611111,Auctioneer,11.0,0.058110727272727265
41-3041,Travel Agents,1.278436,3339,Business services agents not elsewhere classified,2.0,0.639218,611112,Stock and Station Agent,11.0,0.058110727272727265
41-3041,Travel Agents,1.278436,3339,Business services agents not elsewhere classified,2.0,0.639218,611312,Sales Representative (Business Services),11.0,0.058110727272727265
41-3041,Travel Agents,1.278436,4221,Travel consultants and clerks,2.0,0.639218,451611,Tourist Information Officer,3.0,0.21307266666666666
41-3041,Travel Agents,1.278436,4221,Travel consultants and clerks,2.0,0.639218,451612,Travel Consultant,3.0,0.21307266666666666
41-3041,Travel Agents,1.278436,4221,Travel consultants and clerks,2.0,0.639218,639411,Ticket Seller,3.0,0.21307266666666666
41-3099,"Sales Representatives, Services, All Other",1.24178,3322,Commercial sales representatives,1.0,1.24178,611311,Sales Representative (Building and Plumbing Supplies),5.0,0.24835600000000002
41-3099,"Sales Representatives, Services, All Other",1.24178,3322,Commercial sales representatives,1.0,1.24178,611312,Sales Representative (Business Services),5.0,0.24835600000000002
41-3099,"Sales Representatives, Services, All Other",1.24178,3322,Commercial sales representatives,1.0,1.24178,611313,Sales Representative (Motor Vehicle Parts and Accessories),5.0,0.24835600000000002
41-3099,"Sales Representatives, Services, All Other",1.24178,3322,Commercial sales representatives,1.0,1.24178,611314,Sales Representative (Personal and Household Goods),5.0,0.24835600000000002
41-3099,"Sales Representatives, Services, All Other",1.24178,3322,Commercial sales representatives,1.0,1.24178,611399,Sales Representatives nec,5.0,0.24835600000000002
41-4011,"Sales Representatives, Wholesale and Manufacturing, Technical and Scientific Products",0.9530722,2433,Technical and medical sales professionals (excluding ICT),3.0,0.31769073333333336,225411,Sales Representative (Industrial Products),4.0,0.07942268333333334
41-4011,"Sales Representatives, Wholesale and Manufacturing, Technical and Scientific Products",0.9530722,2433,Technical and medical sales professionals (excluding ICT),3.0,0.31769073333333336,225412,Sales Representative (Medical and Pharmaceutical Products),4.0,0.07942268333333334
41-4011,"Sales Representatives, Wholesale and Manufacturing, Technical and Scientific Products",0.9530722,2433,Technical and medical sales professionals (excluding ICT),3.0,0.31769073333333336,225499,Technical Sales Representatives nec,4.0,0.07942268333333334
41-4011,"Sales Representatives, Wholesale and Manufacturing, Technical and Scientific Products",0.9530722,2433,Technical and medical sales professionals (excluding ICT),3.0,0.31769073333333336,234115,Agronomist,4.0,0.07942268333333334
41-4011,"Sales Representatives, Wholesale and Manufacturing, Technical and Scientific Products",0.9530722,2434,Information and communications technology sales professionals,3.0,0.31769073333333336,225211,ICT Account Manager,3.0,0.10589691111111112
41-4011,"Sales Representatives, Wholesale and Manufacturing, Technical and Scientific Products",0.9530722,2434,Information and communications technology sales professionals,3.0,0.31769073333333336,225212,ICT Business Development Manager,3.0,0.10589691111111112
41-4011,"Sales Representatives, Wholesale and Manufacturing, Technical and Scientific Products",0.9530722,2434,Information and communications technology sales professionals,3.0,0.31769073333333336,225213,ICT Sales Representative,3.0,0.10589691111111112
41-4011,"Sales Representatives, Wholesale and Manufacturing, Technical and Scientific Products",0.9530722,3322,Commercial sales representatives,3.0,0.31769073333333336,611311,Sales Representative (Building and Plumbing Supplies),5.0,0.06353814666666667
41-4011,"Sales Representatives, Wholesale and Manufacturing, Technical and Scientific Products",0.9530722,3322,Commercial sales representatives,3.0,0.31769073333333336,611312,Sales Representative (Business Services),5.0,0.06353814666666667
41-4011,"Sales Representatives, Wholesale and Manufacturing, Technical and Scientific Products",0.9530722,3322,Commercial sales representatives,3.0,0.31769073333333336,611313,Sales Representative (Motor Vehicle Parts and Accessories),5.0,0.06353814666666667
41-4011,"Sales Representatives, Wholesale and Manufacturing, Technical and Scientific Products",0.9530722,3322,Commercial sales representatives,3.0,0.31769073333333336,611314,Sales Representative (Personal and Household Goods),5.0,0.06353814666666667
41-4011,"Sales Representatives, Wholesale and Manufacturing, Technical and Scientific Products",0.9530722,3322,Commercial sales representatives,3.0,0.31769073333333336,611399,Sales Representatives nec,5.0,0.06353814666666667
41-4012,"Sales Representatives, Wholesale and Manufacturing, Except Technical and Scientific Products",1.039019,3322,Commercial sales representatives,1.0,1.039019,611311,Sales Representative (Building and Plumbing Supplies),5.0,0.20780379999999998
41-4012,"Sales Representatives, Wholesale and Manufacturing, Except Technical and Scientific Products",1.039019,3322,Commercial sales representatives,1.0,1.039019,611312,Sales Representative (Business Services),5.0,0.20780379999999998
41-4012,"Sales Representatives, Wholesale and Manufacturing, Except Technical and Scientific Products",1.039019,3322,Commercial sales representatives,1.0,1.039019,611313,Sales Representative (Motor Vehicle Parts and Accessories),5.0,0.20780379999999998
41-4012,"Sales Representatives, Wholesale and Manufacturing, Except Technical and Scientific Products",1.039019,3322,Commercial sales representatives,1.0,1.039019,611314,Sales Representative (Personal and Household Goods),5.0,0.20780379999999998
41-4012,"Sales Representatives, Wholesale and Manufacturing, Except Technical and Scientific Products",1.039019,3322,Commercial sales representatives,1.0,1.039019,611399,Sales Representatives nec,5.0,0.20780379999999998
41-9011,Demonstrators and Product Promoters,0.334189,5242,Sales demonstrators,1.0,0.334189,639112,Sales Demonstrator,1.0,0.334189
41-9012,Models,-0.5034364,5241,Fashion and other models,1.0,-0.5034364,639111,Model,1.0,-0.5034364
41-9021,Real Estate Brokers,1.348025,3334,Real estate agents and property managers,1.0,1.348025,612111,Business Broker,5.0,0.269605
41-9021,Real Estate Brokers,1.348025,3334,Real estate agents and property managers,1.0,1.348025,612112,Property Manager,5.0,0.269605
41-9021,Real Estate Brokers,1.348025,3334,Real estate agents and property managers,1.0,1.348025,612113,Real Estate Agency Principal / Real Estate Agency Licensee,5.0,0.269605
41-9021,Real Estate Brokers,1.348025,3334,Real estate agents and property managers,1.0,1.348025,612114,Real Estate Agent,5.0,0.269605
41-9021,Real Estate Brokers,1.348025,3334,Real estate agents and property managers,1.0,1.348025,612115,Real Estate Representative,5.0,0.269605
41-9022,Real Estate Sales Agents,0.7012568,3334,Real estate agents and property managers,1.0,0.7012568,612111,Business Broker,5.0,0.14025136
41-9022,Real Estate Sales Agents,0.7012568,3334,Real estate agents and property managers,1.0,0.7012568,612112,Property Manager,5.0,0.14025136
41-9022,Real Estate Sales Agents,0.7012568,3334,Real estate agents and property managers,1.0,0.7012568,612113,Real Estate Agency Principal / Real Estate Agency Licensee,5.0,0.14025136
41-9022,Real Estate Sales Agents,0.7012568,3334,Real estate agents and property managers,1.0,0.7012568,612114,Real Estate Agent,5.0,0.14025136
41-9022,Real Estate Sales Agents,0.7012568,3334,Real estate agents and property managers,1.0,0.7012568,612115,Real Estate Representative,5.0,0.14025136
41-9031,Sales Engineers,1.025903,2434,Information and communications technology sales professionals,1.0,1.025903,225211,ICT Account Manager,3.0,0.34196766666666667
41-9031,Sales Engineers,1.025903,2434,Information and communications technology sales professionals,1.0,1.025903,225212,ICT Business Development Manager,3.0,0.34196766666666667
41-9031,Sales Engineers,1.025903,2434,Information and communications technology sales professionals,1.0,1.025903,225213,ICT Sales Representative,3.0,0.34196766666666667
41-9041,Telemarketers,1.925633,5244,Contact centre salespersons,1.0,1.925633,639311,Telemarketer,1.0,1.925633
41-9091,"Door-To-Door Sales Workers, News and Street Vendors, and Related Workers",1.511458,5211,Stall and market salespersons,4.0,0.3778645,621713,Street Vendor,1.0,0.3778645
41-9091,"Door-To-Door Sales Workers, News and Street Vendors, and Related Workers",1.511458,5212,Street food salespersons,4.0,0.3778645,621713,Street Vendor,1.0,0.3778645
41-9091,"Door-To-Door Sales Workers, News and Street Vendors, and Related Workers",1.511458,5243,Door to door salespersons,4.0,0.3778645,621712,Door-to-door Salesperson,1.0,0.3778645
41-9091,"Door-To-Door Sales Workers, News and Street Vendors, and Related Workers",1.511458,9520,Street vendors (excluding food),4.0,0.3778645,621711,Cash Van Salesperson,2.0,0.18893225
41-9091,"Door-To-Door Sales Workers, News and Street Vendors, and Related Workers",1.511458,9520,Street vendors (excluding food),4.0,0.3778645,621713,Street Vendor,2.0,0.18893225
43-1011,First-Line Supervisors of Office and Administrative Support Workers,1.134282,3341,Office supervisors,1.0,1.134282,512111,Office Manager,3.0,0.378094
43-1011,First-Line Supervisors of Office and Administrative Support Workers,1.134282,3341,Office supervisors,1.0,1.134282,512299,Practice Managers nec,3.0,0.378094
43-1011,First-Line Supervisors of Office and Administrative Support Workers,1.134282,3341,Office supervisors,1.0,1.134282,541111,Call or Contact Centre Team Leader,3.0,0.378094
43-2011,"Switchboard Operators, Including Answering Service",1.244421,4223,Telephone switchboard operators,1.0,1.244421,561611,Switchboard Operator,1.0,1.244421
43-2021,Telephone Operators,1.411687,4223,Telephone switchboard operators,1.0,1.411687,561611,Switchboard Operator,1.0,1.411687
43-3011,Bill and Account Collectors,1.270176,4214,Debt-collectors and related workers,1.0,1.270176,599311,Debt Collector,1.0,1.270176
43-3021,Billing and Posting Clerks,1.135705,4311,Accounting and bookkeeping clerks,1.0,1.135705,551111,Accounts Clerk,3.0,0.37856833333333334
43-3021,Billing and Posting Clerks,1.135705,4311,Accounting and bookkeeping clerks,1.0,1.135705,551112,Cost Clerk,3.0,0.37856833333333334
43-3021,Billing and Posting Clerks,1.135705,4311,Accounting and bookkeeping clerks,1.0,1.135705,551211,Bookkeeper,3.0,0.37856833333333334
43-3031,"Bookkeeping, Accounting, and Auditing Clerks",0.8181121,3313,Accounting associate professionals,2.0,0.40905605,551211,Bookkeeper,2.0,0.204528025
43-3031,"Bookkeeping, Accounting, and Auditing Clerks",0.8181121,3313,Accounting associate professionals,2.0,0.40905605,552314,Statistical Clerk,2.0,0.204528025
43-3031,"Bookkeeping, Accounting, and Auditing Clerks",0.8181121,4311,Accounting and bookkeeping clerks,2.0,0.40905605,551111,Accounts Clerk,3.0,0.13635201666666666
43-3031,"Bookkeeping, Accounting, and Auditing Clerks",0.8181121,4311,Accounting and bookkeeping clerks,2.0,0.40905605,551112,Cost Clerk,3.0,0.13635201666666666
43-3031,"Bookkeeping, Accounting, and Auditing Clerks",0.8181121,4311,Accounting and bookkeeping clerks,2.0,0.40905605,551211,Bookkeeper,3.0,0.13635201666666666
43-3041,Gaming Cage Workers,0.4955334,4212,"Bookmakers, croupiers and related gaming workers",1.0,0.4955334,431311,Gaming Worker,6.0,0.0825889
43-3041,Gaming Cage Workers,0.4955334,4212,"Bookmakers, croupiers and related gaming workers",1.0,0.4955334,552311,Bookmaker,6.0,0.0825889
43-3041,Gaming Cage Workers,0.4955334,4212,"Bookmakers, croupiers and related gaming workers",1.0,0.4955334,561111,Betting Agency Counter Clerk,6.0,0.0825889
43-3041,Gaming Cage Workers,0.4955334,4212,"Bookmakers, croupiers and related gaming workers",1.0,0.4955334,561112,Bookmaker's Clerk,6.0,0.0825889
43-3041,Gaming Cage Workers,0.4955334,4212,"Bookmakers, croupiers and related gaming workers",1.0,0.4955334,561113,Telephone Betting Clerk,6.0,0.0825889
43-3041,Gaming Cage Workers,0.4955334,4212,"Bookmakers, croupiers and related gaming workers",1.0,0.4955334,561199,Betting Clerks nec,6.0,0.0825889
43-3051,Payroll and Timekeeping Clerks,1.155485,4313,Payroll clerks,1.0,1.155485,551311,Payroll Clerk,1.0,1.155485
43-3061,Procurement Clerks,1.589915,4110,General office clerks,1.0,1.589915,531111,General Clerk,2.0,0.7949575
43-3061,Procurement Clerks,1.589915,4110,General office clerks,1.0,1.589915,599213,Court Orderly (Aus) / Court Registry Officer (NZ),2.0,0.7949575
43-3071,Tellers,0.4310685,4211,Bank tellers and related clerks,1.0,0.4310685,552111,Bank Worker,2.0,0.21553425
43-3071,Tellers,0.4310685,4211,Bank tellers and related clerks,1.0,0.4310685,621111,Sales Assistant (General),2.0,0.21553425
43-4011,Brokerage Clerks,1.026384,4312,"Statistical, finance and insurance clerks",1.0,1.026384,552312,Insurance Consultant,3.0,0.342128
43-4011,Brokerage Clerks,1.026384,4312,"Statistical, finance and insurance clerks",1.0,1.026384,552313,Money Market Clerk,3.0,0.342128
43-4011,Brokerage Clerks,1.026384,4312,"Statistical, finance and insurance clerks",1.0,1.026384,552314,Statistical Clerk,3.0,0.342128
43-4021,Correspondence Clerks,1.184181,4225,Enquiry clerks,2.0,0.5920905,541211,Information Officer,1.0,0.5920905
43-4021,Correspondence Clerks,1.184181,4419,Clerical support workers not elsewhere classified,2.0,0.5920905,561911,Classified Advertising Clerk,3.0,0.1973635
43-4021,Correspondence Clerks,1.184181,4419,Clerical support workers not elsewhere classified,2.0,0.5920905,561999,Clerical and Office Support Workers nec,3.0,0.1973635
43-4021,Correspondence Clerks,1.184181,4419,Clerical support workers not elsewhere classified,2.0,0.5920905,599999,Clerical and Administrative Workers nec,3.0,0.1973635
43-4031,"Court, Municipal, and License Clerks",1.3362,3354,Government licensing officials,1.0,1.3362,599513,Motor Vehicle Licence Examiner,3.0,0.4454
43-4031,"Court, Municipal, and License Clerks",1.3362,3354,Government licensing officials,1.0,1.3362,599599,Inspectors and Regulatory Officers nec,3.0,0.4454
43-4031,"Court, Municipal, and License Clerks",1.3362,3354,Government licensing officials,1.0,1.3362,599999,Clerical and Administrative Workers nec,3.0,0.4454
43-4041,"Credit Authorizers, Checkers, and Clerks",1.54555,4312,"Statistical, finance and insurance clerks",1.0,1.54555,552312,Insurance Consultant,3.0,0.5151833333333333
43-4041,"Credit Authorizers, Checkers, and Clerks",1.54555,4312,"Statistical, finance and insurance clerks",1.0,1.54555,552313,Money Market Clerk,3.0,0.5151833333333333
43-4041,"Credit Authorizers, Checkers, and Clerks",1.54555,4312,"Statistical, finance and insurance clerks",1.0,1.54555,552314,Statistical Clerk,3.0,0.5151833333333333
43-4051,Customer Service Representatives,1.075894,4222,Contact centre information clerks,1.0,1.075894,541112,Call or Contact Centre Operator,1.0,1.075894
43-4061,"Eligibility Interviewers, Government Programs",1.416653,3353,Government social benefits officials,2.0,0.7083265,599515,Social Security Assessor,1.0,0.7083265
43-4061,"Eligibility Interviewers, Government Programs",1.416653,4229,Client information workers not elsewhere classified,2.0,0.7083265,542112,Admissions Clerk,2.0,0.35416325
43-4061,"Eligibility Interviewers, Government Programs",1.416653,4229,Client information workers not elsewhere classified,2.0,0.7083265,599914,Radio Despatcher,2.0,0.35416325
43-4071,File Clerks,0.2403003,4415,Filing and copying clerks,1.0,0.2403003,561311,Filing or Registry Clerk,1.0,0.2403003
43-4081,"Hotel, Motel, and Resort Desk Clerks",0.7106003,4224,Hotel receptionists,1.0,0.7106003,542113,Hotel or Motel Receptionist,1.0,0.7106003
43-4111,"Interviewers, Except Eligibility and Loan",1.44861,4227,Survey and market research interviewers,1.0,1.44861,561511,Survey Interviewer,1.0,1.44861
43-4121,"Library Assistants, Clerical",0.2762258,4411,Library clerks,1.0,0.2762258,599711,Library Assistant,1.0,0.2762258
43-4131,Loan Interviewers and Clerks,1.274213,4312,"Statistical, finance and insurance clerks",1.0,1.274213,552312,Insurance Consultant,3.0,0.4247376666666667
43-4131,Loan Interviewers and Clerks,1.274213,4312,"Statistical, finance and insurance clerks",1.0,1.274213,552313,Money Market Clerk,3.0,0.4247376666666667
43-4131,Loan Interviewers and Clerks,1.274213,4312,"Statistical, finance and insurance clerks",1.0,1.274213,552314,Statistical Clerk,3.0,0.4247376666666667
43-4141,New Accounts Clerks,1.200969,4312,"Statistical, finance and insurance clerks",1.0,1.200969,552312,Insurance Consultant,3.0,0.400323
43-4141,New Accounts Clerks,1.200969,4312,"Statistical, finance and insurance clerks",1.0,1.200969,552313,Money Market Clerk,3.0,0.400323
43-4141,New Accounts Clerks,1.200969,4312,"Statistical, finance and insurance clerks",1.0,1.200969,552314,Statistical Clerk,3.0,0.400323
43-4151,Order Clerks,0.761112,4419,Clerical support workers not elsewhere classified,1.0,0.761112,561911,Classified Advertising Clerk,3.0,0.253704
43-4151,Order Clerks,0.761112,4419,Clerical support workers not elsewhere classified,1.0,0.761112,561999,Clerical and Office Support Workers nec,3.0,0.253704
43-4151,Order Clerks,0.761112,4419,Clerical support workers not elsewhere classified,1.0,0.761112,599999,Clerical and Administrative Workers nec,3.0,0.253704
43-4161,"Human Resources Assistants, Except Payroll and Timekeeping",1.480714,4416,Personnel clerks,1.0,1.480714,599411,Human Resource Clerk,1.0,1.480714
43-4171,Receptionists and Information Clerks,1.032934,4225,Enquiry clerks,3.0,0.34431133333333336,541211,Information Officer,1.0,0.34431133333333336
43-4171,Receptionists and Information Clerks,1.032934,4226,Receptionists (general),3.0,0.34431133333333336,542111,Receptionist (General),2.0,0.17215566666666668
43-4171,Receptionists and Information Clerks,1.032934,4226,Receptionists (general),3.0,0.34431133333333336,542114,Medical Receptionist,2.0,0.17215566666666668
43-4171,Receptionists and Information Clerks,1.032934,4222,Contact centre information clerks,3.0,0.34431133333333336,541112,Call or Contact Centre Operator,1.0,0.34431133333333336
43-4181,Reservation and Transportation Ticket Agents and Travel Clerks,0.4228141,4221,Travel consultants and clerks,1.0,0.4228141,451611,Tourist Information Officer,3.0,0.14093803333333335
43-4181,Reservation and Transportation Ticket Agents and Travel Clerks,0.4228141,4221,Travel consultants and clerks,1.0,0.4228141,451612,Travel Consultant,3.0,0.14093803333333335
43-4181,Reservation and Transportation Ticket Agents and Travel Clerks,0.4228141,4221,Travel consultants and clerks,1.0,0.4228141,639411,Ticket Seller,3.0,0.14093803333333335
43-5011,Cargo and Freight Agents,1.254537,3324,Trade brokers,2.0,0.6272685,149999,"Hospitality, Retail and Service Managers nec",3.0,0.2090895
43-5011,Cargo and Freight Agents,1.254537,3324,Trade brokers,2.0,0.6272685,222111,Commodities Trader,3.0,0.2090895
43-5011,Cargo and Freight Agents,1.254537,3324,Trade brokers,2.0,0.6272685,222212,Futures Trader,3.0,0.2090895
43-5011,Cargo and Freight Agents,1.254537,3331,Clearing and forwarding agents,2.0,0.6272685,591212,Import-Export Clerk,1.0,0.6272685
43-5021,Couriers and Messengers,-0.92241,4412,Mail carriers and sorting clerks,4.0,-0.2306025,561212,Postal Delivery Officer,3.0,-0.07686749999999999
43-5021,Couriers and Messengers,-0.92241,4412,Mail carriers and sorting clerks,4.0,-0.2306025,561411,Mail Clerk,3.0,-0.07686749999999999
43-5021,Couriers and Messengers,-0.92241,4412,Mail carriers and sorting clerks,4.0,-0.2306025,561412,Postal Sorting Officer,3.0,-0.07686749999999999
43-5021,Couriers and Messengers,-0.92241,8321,Motorcycle drivers,4.0,-0.2306025,561211,Courier,1.0,-0.2306025
43-5021,Couriers and Messengers,-0.92241,9331,Hand and pedal vehicle drivers,4.0,-0.2306025,561211,Courier,1.0,-0.2306025
43-5021,Couriers and Messengers,-0.92241,9621,"Messengers, package deliverers and luggage porters",4.0,-0.2306025,431912,Doorperson or Luggage Porter,3.0,-0.07686749999999999
43-5021,Couriers and Messengers,-0.92241,9621,"Messengers, package deliverers and luggage porters",4.0,-0.2306025,561211,Courier,3.0,-0.07686749999999999
43-5021,Couriers and Messengers,-0.92241,9621,"Messengers, package deliverers and luggage porters",4.0,-0.2306025,899915,Leaflet or Newspaper Deliverer,3.0,-0.07686749999999999
43-5031,"Police, Fire, and Ambulance Dispatchers",0.7743953,5419,Protective services workers not elsewhere classified,1.0,0.7743953,234314,Park Ranger,7.0,0.1106279
43-5031,"Police, Fire, and Ambulance Dispatchers",0.7743953,5419,Protective services workers not elsewhere classified,1.0,0.7743953,441211,Emergency Service Worker,7.0,0.1106279
43-5031,"Police, Fire, and Ambulance Dispatchers",0.7743953,5419,Protective services workers not elsewhere classified,1.0,0.7743953,442299,Security Officers and Guards nec,7.0,0.1106279
43-5031,"Police, Fire, and Ambulance Dispatchers",0.7743953,5419,Protective services workers not elsewhere classified,1.0,0.7743953,452414,Lifeguard,7.0,0.1106279
43-5031,"Police, Fire, and Ambulance Dispatchers",0.7743953,5419,Protective services workers not elsewhere classified,1.0,0.7743953,599599,Inspectors and Regulatory Officers nec,7.0,0.1106279
43-5031,"Police, Fire, and Ambulance Dispatchers",0.7743953,5419,Protective services workers not elsewhere classified,1.0,0.7743953,899913,Crossing Supervisor,7.0,0.1106279
43-5031,"Police, Fire, and Ambulance Dispatchers",0.7743953,5419,Protective services workers not elsewhere classified,1.0,0.7743953,899923,Road Traffic Controller,7.0,0.1106279
43-5032,"Dispatchers, Except Police, Fire, and Ambulance",1.128045,4323,Transport clerks,1.0,1.128045,591211,Despatching and Receiving Clerk,3.0,0.376015
43-5032,"Dispatchers, Except Police, Fire, and Ambulance",1.128045,4323,Transport clerks,1.0,1.128045,599518,Transport Operations Inspector,3.0,0.376015
43-5032,"Dispatchers, Except Police, Fire, and Ambulance",1.128045,4323,Transport clerks,1.0,1.128045,599999,Clerical and Administrative Workers nec,3.0,0.376015
43-5041,"Meter Readers, Utilities",-1.027005,9623,Meter readers and vending-machine collectors,1.0,-1.027005,561912,Meter Reader,2.0,-0.5135025
43-5041,"Meter Readers, Utilities",-1.027005,9623,Meter readers and vending-machine collectors,1.0,-1.027005,899711,Vending Machine Attendant,2.0,-0.5135025
43-5051,Postal Service Clerks,-0.283523,4412,Mail carriers and sorting clerks,2.0,-0.1417615,561212,Postal Delivery Officer,3.0,-0.047253833333333335
43-5051,Postal Service Clerks,-0.283523,4412,Mail carriers and sorting clerks,2.0,-0.1417615,561411,Mail Clerk,3.0,-0.047253833333333335
43-5051,Postal Service Clerks,-0.283523,4412,Mail carriers and sorting clerks,2.0,-0.1417615,561412,Postal Sorting Officer,3.0,-0.047253833333333335
43-5051,Postal Service Clerks,-0.283523,4211,Bank tellers and related clerks,2.0,-0.1417615,552111,Bank Worker,2.0,-0.07088075
43-5051,Postal Service Clerks,-0.283523,4211,Bank tellers and related clerks,2.0,-0.1417615,621111,Sales Assistant (General),2.0,-0.07088075
43-5052,Postal Service Mail Carriers,-0.9672173,4412,Mail carriers and sorting clerks,1.0,-0.9672173,561212,Postal Delivery Officer,3.0,-0.32240576666666665
43-5052,Postal Service Mail Carriers,-0.9672173,4412,Mail carriers and sorting clerks,1.0,-0.9672173,561411,Mail Clerk,3.0,-0.32240576666666665
43-5052,Postal Service Mail Carriers,-0.9672173,4412,Mail carriers and sorting clerks,1.0,-0.9672173,561412,Postal Sorting Officer,3.0,-0.32240576666666665
43-5053,"Postal Service Mail Sorters, Processors, and Processing Machine Operators",-1.007248,4412,Mail carriers and sorting clerks,1.0,-1.007248,561212,Postal Delivery Officer,3.0,-0.3357493333333333
43-5053,"Postal Service Mail Sorters, Processors, and Processing Machine Operators",-1.007248,4412,Mail carriers and sorting clerks,1.0,-1.007248,561411,Mail Clerk,3.0,-0.3357493333333333
43-5053,"Postal Service Mail Sorters, Processors, and Processing Machine Operators",-1.007248,4412,Mail carriers and sorting clerks,1.0,-1.007248,561412,Postal Sorting Officer,3.0,-0.3357493333333333
43-5061,"Production, Planning, and Expediting Clerks",0.6614221,4322,Production clerks,1.0,0.6614221,312911,Maintenance Planner,2.0,0.33071105
43-5061,"Production, Planning, and Expediting Clerks",0.6614221,4322,Production clerks,1.0,0.6614221,591112,Production Clerk,2.0,0.33071105
43-5071,"Shipping, Receiving, and Traffic Clerks",-0.7375154,3331,Clearing and forwarding agents,2.0,-0.3687577,591212,Import-Export Clerk,1.0,-0.3687577
43-5071,"Shipping, Receiving, and Traffic Clerks",-0.7375154,4321,Stock clerks,2.0,-0.3687577,591113,Purchasing Officer,7.0,-0.05267967142857143
43-5071,"Shipping, Receiving, and Traffic Clerks",-0.7375154,4321,Stock clerks,2.0,-0.3687577,591115,Stock Clerk,7.0,-0.05267967142857143
43-5071,"Shipping, Receiving, and Traffic Clerks",-0.7375154,4321,Stock clerks,2.0,-0.3687577,591116,Warehouse Administrator,7.0,-0.05267967142857143
43-5071,"Shipping, Receiving, and Traffic Clerks",-0.7375154,4321,Stock clerks,2.0,-0.3687577,591117,Order Clerk,7.0,-0.05267967142857143
43-5071,"Shipping, Receiving, and Traffic Clerks",-0.7375154,4321,Stock clerks,2.0,-0.3687577,591211,Despatching and Receiving Clerk,7.0,-0.05267967142857143
43-5071,"Shipping, Receiving, and Traffic Clerks",-0.7375154,4321,Stock clerks,2.0,-0.3687577,712922,Weighbridge Operator,7.0,-0.05267967142857143
43-5071,"Shipping, Receiving, and Traffic Clerks",-0.7375154,4321,Stock clerks,2.0,-0.3687577,741111,Storeperson,7.0,-0.05267967142857143
43-5081,Stock Clerks and Order Fillers,-0.5232333,4321,Stock clerks,2.0,-0.26161665,591113,Purchasing Officer,7.0,-0.037373807142857145
43-5081,Stock Clerks and Order Fillers,-0.5232333,4321,Stock clerks,2.0,-0.26161665,591115,Stock Clerk,7.0,-0.037373807142857145
43-5081,Stock Clerks and Order Fillers,-0.5232333,4321,Stock clerks,2.0,-0.26161665,591116,Warehouse Administrator,7.0,-0.037373807142857145
43-5081,Stock Clerks and Order Fillers,-0.5232333,4321,Stock clerks,2.0,-0.26161665,591117,Order Clerk,7.0,-0.037373807142857145
43-5081,Stock Clerks and Order Fillers,-0.5232333,4321,Stock clerks,2.0,-0.26161665,591211,Despatching and Receiving Clerk,7.0,-0.037373807142857145
43-5081,Stock Clerks and Order Fillers,-0.5232333,4321,Stock clerks,2.0,-0.26161665,712922,Weighbridge Operator,7.0,-0.037373807142857145
43-5081,Stock Clerks and Order Fillers,-0.5232333,4321,Stock clerks,2.0,-0.26161665,741111,Storeperson,7.0,-0.037373807142857145
43-5081,Stock Clerks and Order Fillers,-0.5232333,9334,Shelf fillers,2.0,-0.26161665,891211,Shelf Filler,1.0,-0.26161665
43-5111,"Weighers, Measurers, Checkers, and Samplers, Recordkeeping",-0.3528867,4321,Stock clerks,1.0,-0.3528867,591113,Purchasing Officer,7.0,-0.05041238571428571
43-5111,"Weighers, Measurers, Checkers, and Samplers, Recordkeeping",-0.3528867,4321,Stock clerks,1.0,-0.3528867,591115,Stock Clerk,7.0,-0.05041238571428571
43-5111,"Weighers, Measurers, Checkers, and Samplers, Recordkeeping",-0.3528867,4321,Stock clerks,1.0,-0.3528867,591116,Warehouse Administrator,7.0,-0.05041238571428571
43-5111,"Weighers, Measurers, Checkers, and Samplers, Recordkeeping",-0.3528867,4321,Stock clerks,1.0,-0.3528867,591117,Order Clerk,7.0,-0.05041238571428571
43-5111,"Weighers, Measurers, Checkers, and Samplers, Recordkeeping",-0.3528867,4321,Stock clerks,1.0,-0.3528867,591211,Despatching and Receiving Clerk,7.0,-0.05041238571428571
43-5111,"Weighers, Measurers, Checkers, and Samplers, Recordkeeping",-0.3528867,4321,Stock clerks,1.0,-0.3528867,712922,Weighbridge Operator,7.0,-0.05041238571428571
43-5111,"Weighers, Measurers, Checkers, and Samplers, Recordkeeping",-0.3528867,4321,Stock clerks,1.0,-0.3528867,741111,Storeperson,7.0,-0.05041238571428571
43-6011,Executive Secretaries and Executive Administrative Assistants,1.106018,3343,Administrative and executive secretaries,1.0,1.106018,521111,Personal Assistant,3.0,0.36867266666666665
43-6011,Executive Secretaries and Executive Administrative Assistants,1.106018,3343,Administrative and executive secretaries,1.0,1.106018,521211,Secretary (General),3.0,0.36867266666666665
43-6011,Executive Secretaries and Executive Administrative Assistants,1.106018,3343,Administrative and executive secretaries,1.0,1.106018,532112,Machine Shorthand Reporter,3.0,0.36867266666666665
43-6012,Legal Secretaries,1.149438,3342,Legal secretaries,1.0,1.149438,512299,Practice Managers nec,2.0,0.574719
43-6012,Legal Secretaries,1.149438,3342,Legal secretaries,1.0,1.149438,521212,Legal Secretary,2.0,0.574719
43-6013,Medical Secretaries,1.2978,3344,Medical secretaries,1.0,1.2978,512211,Health Practice Manager,2.0,0.6489
43-6013,Medical Secretaries,1.2978,3344,Medical secretaries,1.0,1.2978,542114,Medical Receptionist,2.0,0.6489
43-6014,"Secretaries and Administrative Assistants, Except Legal, Medical, and Executive",1.254248,4120,Secretaries (general),1.0,1.254248,521211,Secretary (General),1.0,1.254248
43-9011,Computer Operators,0.4078978,3511,Information and communications technology operations technicians,1.0,0.4078978,313199,ICT Support Technicians nec,1.0,0.4078978
43-9021,Data Entry Keyers,0.1723307,4132,Data entry clerks,1.0,0.1723307,532111,Data Entry Operator,1.0,0.1723307
43-9022,Word Processors and Typists,0.5072381,4131,Typists and word processing operators,1.0,0.5072381,532113,Word Processing Operator,1.0,0.5072381
43-9031,Desktop Publishers,-0.0650455,7321,Pre-press technicians,1.0,-0.0650455,392211,Graphic Pre-press Trades Worker,1.0,-0.0650455
43-9041,Insurance Claims and Policy Processing Clerks,1.257163,4312,"Statistical, finance and insurance clerks",1.0,1.257163,552312,Insurance Consultant,3.0,0.41905433333333336
43-9041,Insurance Claims and Policy Processing Clerks,1.257163,4312,"Statistical, finance and insurance clerks",1.0,1.257163,552313,Money Market Clerk,3.0,0.41905433333333336
43-9041,Insurance Claims and Policy Processing Clerks,1.257163,4312,"Statistical, finance and insurance clerks",1.0,1.257163,552314,Statistical Clerk,3.0,0.41905433333333336
43-9051,"Mail Clerks and Mail Machine Operators, Except Postal Service",-0.7109466,4412,Mail carriers and sorting clerks,1.0,-0.7109466,561212,Postal Delivery Officer,3.0,-0.2369822
43-9051,"Mail Clerks and Mail Machine Operators, Except Postal Service",-0.7109466,4412,Mail carriers and sorting clerks,1.0,-0.7109466,561411,Mail Clerk,3.0,-0.2369822
43-9051,"Mail Clerks and Mail Machine Operators, Except Postal Service",-0.7109466,4412,Mail carriers and sorting clerks,1.0,-0.7109466,561412,Postal Sorting Officer,3.0,-0.2369822
43-9061,"Office Clerks, General",0.9108539,4110,General office clerks,1.0,0.9108539,531111,General Clerk,2.0,0.45542695
43-9061,"Office Clerks, General",0.9108539,4110,General office clerks,1.0,0.9108539,599213,Court Orderly (Aus) / Court Registry Officer (NZ),2.0,0.45542695
43-9071,"Office Machine Operators, Except Computer",-0.5773576,4415,Filing and copying clerks,1.0,-0.5773576,561311,Filing or Registry Clerk,1.0,-0.5773576
43-9081,Proofreaders and Copy Markers,1.436193,4413,"Coding, proof-reading and related clerks",1.0,1.436193,599913,Proof Reader,2.0,0.7180965
43-9081,Proofreaders and Copy Markers,1.436193,4413,"Coding, proof-reading and related clerks",1.0,1.436193,599999,Clerical and Administrative Workers nec,2.0,0.7180965
43-9111,Statistical Assistants,1.052958,3314,"Statistical, mathematical and related associate professionals",1.0,1.052958,552314,Statistical Clerk,1.0,1.052958
45-1011,"First-Line Supervisors of Farming, Fishing, and Forestry Workers",-0.5575955,6111,Field crop and vegetable growers,13.0,-0.04289196153846154,121511,Cotton Grower,8.0,-0.005361495192307692
45-1011,"First-Line Supervisors of Farming, Fishing, and Forestry Workers",-0.5575955,6111,Field crop and vegetable growers,13.0,-0.04289196153846154,121512,"Grain, Oilseed, Pulse or Pasture Grower / Field Crop Grower",8.0,-0.005361495192307692
45-1011,"First-Line Supervisors of Farming, Fishing, and Forestry Workers",-0.5575955,6111,Field crop and vegetable growers,13.0,-0.04289196153846154,121513,Sugar Cane Grower,8.0,-0.005361495192307692
45-1011,"First-Line Supervisors of Farming, Fishing, and Forestry Workers",-0.5575955,6111,Field crop and vegetable growers,13.0,-0.04289196153846154,121599,Broadacre Crop Growers nec,8.0,-0.005361495192307692
45-1011,"First-Line Supervisors of Farming, Fishing, and Forestry Workers",-0.5575955,6111,Field crop and vegetable growers,13.0,-0.04289196153846154,121616,Vegetable Grower (Aus) / Market Gardener (NZ),8.0,-0.005361495192307692
45-1011,"First-Line Supervisors of Farming, Fishing, and Forestry Workers",-0.5575955,6111,Field crop and vegetable growers,13.0,-0.04289196153846154,363116,Senior Broadacre Crop Farm Worker,8.0,-0.005361495192307692
45-1011,"First-Line Supervisors of Farming, Fishing, and Forestry Workers",-0.5575955,6111,Field crop and vegetable growers,13.0,-0.04289196153846154,363114,Horticultural Supervisor or Specialist,8.0,-0.005361495192307692
45-1011,"First-Line Supervisors of Farming, Fishing, and Forestry Workers",-0.5575955,6111,Field crop and vegetable growers,13.0,-0.04289196153846154,363199,"Senior Aquaculture, Crop and Forestry Workers nec",8.0,-0.005361495192307692
45-1011,"First-Line Supervisors of Farming, Fishing, and Forestry Workers",-0.5575955,6112,Tree and shrub crop growers,13.0,-0.04289196153846154,121599,Broadacre Crop Growers nec,7.0,-0.006127423076923077
45-1011,"First-Line Supervisors of Farming, Fishing, and Forestry Workers",-0.5575955,6112,Tree and shrub crop growers,13.0,-0.04289196153846154,121612,Fruit Grower,7.0,-0.006127423076923077
45-1011,"First-Line Supervisors of Farming, Fishing, and Forestry Workers",-0.5575955,6112,Tree and shrub crop growers,13.0,-0.04289196153846154,121613,Nut Grower,7.0,-0.006127423076923077
45-1011,"First-Line Supervisors of Farming, Fishing, and Forestry Workers",-0.5575955,6112,Tree and shrub crop growers,13.0,-0.04289196153846154,121699,Horticultural Crop Growers nec,7.0,-0.006127423076923077
45-1011,"First-Line Supervisors of Farming, Fishing, and Forestry Workers",-0.5575955,6112,Tree and shrub crop growers,13.0,-0.04289196153846154,363114,Horticultural Supervisor or Specialist,7.0,-0.006127423076923077
45-1011,"First-Line Supervisors of Farming, Fishing, and Forestry Workers",-0.5575955,6112,Tree and shrub crop growers,13.0,-0.04289196153846154,363117,Vineyard Supervisor,7.0,-0.006127423076923077
45-1011,"First-Line Supervisors of Farming, Fishing, and Forestry Workers",-0.5575955,6112,Tree and shrub crop growers,13.0,-0.04289196153846154,363199,"Senior Aquaculture, Crop and Forestry Workers nec",7.0,-0.006127423076923077
45-1011,"First-Line Supervisors of Farming, Fishing, and Forestry Workers",-0.5575955,6114,Mixed crop growers,13.0,-0.04289196153846154,121699,Horticultural Crop Growers nec,4.0,-0.010722990384615385
45-1011,"First-Line Supervisors of Farming, Fishing, and Forestry Workers",-0.5575955,6114,Mixed crop growers,13.0,-0.04289196153846154,121799,Mixed Production Farmers nec,4.0,-0.010722990384615385
45-1011,"First-Line Supervisors of Farming, Fishing, and Forestry Workers",-0.5575955,6114,Mixed crop growers,13.0,-0.04289196153846154,363114,Horticultural Supervisor or Specialist,4.0,-0.010722990384615385
45-1011,"First-Line Supervisors of Farming, Fishing, and Forestry Workers",-0.5575955,6114,Mixed crop growers,13.0,-0.04289196153846154,363199,"Senior Aquaculture, Crop and Forestry Workers nec",4.0,-0.010722990384615385
45-1011,"First-Line Supervisors of Farming, Fishing, and Forestry Workers",-0.5575955,6121,Livestock and dairy producers,13.0,-0.04289196153846154,121312,Beef Cattle Farmer,17.0,-0.002523056561085973
45-1011,"First-Line Supervisors of Farming, Fishing, and Forestry Workers",-0.5575955,6121,Livestock and dairy producers,13.0,-0.04289196153846154,121313,Dairy Cattle Farmer,17.0,-0.002523056561085973
45-1011,"First-Line Supervisors of Farming, Fishing, and Forestry Workers",-0.5575955,6121,Livestock and dairy producers,13.0,-0.04289196153846154,121314,Deer Farmer,17.0,-0.002523056561085973
45-1011,"First-Line Supervisors of Farming, Fishing, and Forestry Workers",-0.5575955,6121,Livestock and dairy producers,13.0,-0.04289196153846154,121315,Goat Farmer,17.0,-0.002523056561085973
45-1011,"First-Line Supervisors of Farming, Fishing, and Forestry Workers",-0.5575955,6121,Livestock and dairy producers,13.0,-0.04289196153846154,121316,Horse Breeder,17.0,-0.002523056561085973
45-1011,"First-Line Supervisors of Farming, Fishing, and Forestry Workers",-0.5575955,6121,Livestock and dairy producers,13.0,-0.04289196153846154,121318,Pig Farmer,17.0,-0.002523056561085973
45-1011,"First-Line Supervisors of Farming, Fishing, and Forestry Workers",-0.5575955,6121,Livestock and dairy producers,13.0,-0.04289196153846154,121322,Sheep Farmer,17.0,-0.002523056561085973
45-1011,"First-Line Supervisors of Farming, Fishing, and Forestry Workers",-0.5575955,6121,Livestock and dairy producers,13.0,-0.04289196153846154,121323,Mixed Cattle and Sheep Farmer,17.0,-0.002523056561085973
45-1011,"First-Line Supervisors of Farming, Fishing, and Forestry Workers",-0.5575955,6121,Livestock and dairy producers,13.0,-0.04289196153846154,121399,Livestock Farmers nec,17.0,-0.002523056561085973
45-1011,"First-Line Supervisors of Farming, Fishing, and Forestry Workers",-0.5575955,6121,Livestock and dairy producers,13.0,-0.04289196153846154,361116,Track Rider,17.0,-0.002523056561085973
45-1011,"First-Line Supervisors of Farming, Fishing, and Forestry Workers",-0.5575955,6121,Livestock and dairy producers,13.0,-0.04289196153846154,363211,Senior Beef Cattle Station Worker,17.0,-0.002523056561085973
45-1011,"First-Line Supervisors of Farming, Fishing, and Forestry Workers",-0.5575955,6121,Livestock and dairy producers,13.0,-0.04289196153846154,363212,Senior Cattle and Sheep Farm Worker,17.0,-0.002523056561085973
45-1011,"First-Line Supervisors of Farming, Fishing, and Forestry Workers",-0.5575955,6121,Livestock and dairy producers,13.0,-0.04289196153846154,363213,Senior Dairy Cattle Farm Worker,17.0,-0.002523056561085973
45-1011,"First-Line Supervisors of Farming, Fishing, and Forestry Workers",-0.5575955,6121,Livestock and dairy producers,13.0,-0.04289196153846154,363214,Senior Piggery Stockperson,17.0,-0.002523056561085973
45-1011,"First-Line Supervisors of Farming, Fishing, and Forestry Workers",-0.5575955,6121,Livestock and dairy producers,13.0,-0.04289196153846154,363215,Senior Sheep Farm Worker,17.0,-0.002523056561085973
45-1011,"First-Line Supervisors of Farming, Fishing, and Forestry Workers",-0.5575955,6121,Livestock and dairy producers,13.0,-0.04289196153846154,363299,Senior Livestock Farm Workers nec,17.0,-0.002523056561085973
45-1011,"First-Line Supervisors of Farming, Fishing, and Forestry Workers",-0.5575955,6121,Livestock and dairy producers,13.0,-0.04289196153846154,363311,Shearer,17.0,-0.002523056561085973
45-1011,"First-Line Supervisors of Farming, Fishing, and Forestry Workers",-0.5575955,6122,Poultry producers,13.0,-0.04289196153846154,121321,Poultry Farmer,2.0,-0.02144598076923077
45-1011,"First-Line Supervisors of Farming, Fishing, and Forestry Workers",-0.5575955,6122,Poultry producers,13.0,-0.04289196153846154,363299,Senior Livestock Farm Workers nec,2.0,-0.02144598076923077
45-1011,"First-Line Supervisors of Farming, Fishing, and Forestry Workers",-0.5575955,6123,Apiarists and sericulturists,13.0,-0.04289196153846154,121311,Apiarist,2.0,-0.02144598076923077
45-1011,"First-Line Supervisors of Farming, Fishing, and Forestry Workers",-0.5575955,6123,Apiarists and sericulturists,13.0,-0.04289196153846154,121399,Livestock Farmers nec,2.0,-0.02144598076923077
45-1011,"First-Line Supervisors of Farming, Fishing, and Forestry Workers",-0.5575955,6129,Animal producers not elsewhere classified,13.0,-0.04289196153846154,121399,Livestock Farmers nec,2.0,-0.02144598076923077
45-1011,"First-Line Supervisors of Farming, Fishing, and Forestry Workers",-0.5575955,6129,Animal producers not elsewhere classified,13.0,-0.04289196153846154,363299,Senior Livestock Farm Workers nec,2.0,-0.02144598076923077
45-1011,"First-Line Supervisors of Farming, Fishing, and Forestry Workers",-0.5575955,6130,Mixed crop and animal producers,13.0,-0.04289196153846154,121711,Broadacre Crop and Livestock Farmer,3.0,-0.014297320512820512
45-1011,"First-Line Supervisors of Farming, Fishing, and Forestry Workers",-0.5575955,6130,Mixed crop and animal producers,13.0,-0.04289196153846154,121799,Mixed Production Farmers nec,3.0,-0.014297320512820512
45-1011,"First-Line Supervisors of Farming, Fishing, and Forestry Workers",-0.5575955,6130,Mixed crop and animal producers,13.0,-0.04289196153846154,363115,Senior Broadacre Crop and Livestock Farm Worker,3.0,-0.014297320512820512
45-1011,"First-Line Supervisors of Farming, Fishing, and Forestry Workers",-0.5575955,6210,Forestry and related workers,13.0,-0.04289196153846154,363113,Forestry Operations Supervisor,6.0,-0.007148660256410256
45-1011,"First-Line Supervisors of Farming, Fishing, and Forestry Workers",-0.5575955,6210,Forestry and related workers,13.0,-0.04289196153846154,363199,"Senior Aquaculture, Crop and Forestry Workers nec",6.0,-0.007148660256410256
45-1011,"First-Line Supervisors of Farming, Fishing, and Forestry Workers",-0.5575955,6210,Forestry and related workers,13.0,-0.04289196153846154,843111,Forestry Worker,6.0,-0.007148660256410256
45-1011,"First-Line Supervisors of Farming, Fishing, and Forestry Workers",-0.5575955,6210,Forestry and related workers,13.0,-0.04289196153846154,843112,Logging Assistant,6.0,-0.007148660256410256
45-1011,"First-Line Supervisors of Farming, Fishing, and Forestry Workers",-0.5575955,6210,Forestry and related workers,13.0,-0.04289196153846154,843113,Tree Faller,6.0,-0.007148660256410256
45-1011,"First-Line Supervisors of Farming, Fishing, and Forestry Workers",-0.5575955,6210,Forestry and related workers,13.0,-0.04289196153846154,899999,Labourers nec,6.0,-0.007148660256410256
45-1011,"First-Line Supervisors of Farming, Fishing, and Forestry Workers",-0.5575955,6221,Aquaculture workers,13.0,-0.04289196153846154,121111,Aquaculture Farmer,2.0,-0.02144598076923077
45-1011,"First-Line Supervisors of Farming, Fishing, and Forestry Workers",-0.5575955,6221,Aquaculture workers,13.0,-0.04289196153846154,363111,Aquaculture Supervisor,2.0,-0.02144598076923077
45-1011,"First-Line Supervisors of Farming, Fishing, and Forestry Workers",-0.5575955,6222,Inland and coastal waters fishery workers,13.0,-0.04289196153846154,231211,Master Fisher,3.0,-0.014297320512820512
45-1011,"First-Line Supervisors of Farming, Fishing, and Forestry Workers",-0.5575955,6222,Inland and coastal waters fishery workers,13.0,-0.04289196153846154,363112,Fishing Leading Hand,3.0,-0.014297320512820512
45-1011,"First-Line Supervisors of Farming, Fishing, and Forestry Workers",-0.5575955,6222,Inland and coastal waters fishery workers,13.0,-0.04289196153846154,899212,Fishing Hand,3.0,-0.014297320512820512
45-1011,"First-Line Supervisors of Farming, Fishing, and Forestry Workers",-0.5575955,6223,Deep-sea fishery workers,13.0,-0.04289196153846154,231211,Master Fisher,3.0,-0.014297320512820512
45-1011,"First-Line Supervisors of Farming, Fishing, and Forestry Workers",-0.5575955,6223,Deep-sea fishery workers,13.0,-0.04289196153846154,363112,Fishing Leading Hand,3.0,-0.014297320512820512
45-1011,"First-Line Supervisors of Farming, Fishing, and Forestry Workers",-0.5575955,6223,Deep-sea fishery workers,13.0,-0.04289196153846154,899212,Fishing Hand,3.0,-0.014297320512820512
45-1011,"First-Line Supervisors of Farming, Fishing, and Forestry Workers",-0.5575955,6224,Hunters and trappers,13.0,-0.04289196153846154,843911,Hunter-Trapper,1.0,-0.04289196153846154
45-2011,Agricultural Inspectors,-0.0081121,7515,Food and beverage tasters and graders,3.0,-0.0027040333333333334,831199,Food and Drink Factory Workers nec,3.0,-0.0009013444444444445
45-2011,Agricultural Inspectors,-0.0081121,7515,Food and beverage tasters and graders,3.0,-0.0027040333333333334,839312,Product Grader,3.0,-0.0009013444444444445
45-2011,Agricultural Inspectors,-0.0081121,7515,Food and beverage tasters and graders,3.0,-0.0027040333333333334,839313,Product Tester,3.0,-0.0009013444444444445
45-2011,Agricultural Inspectors,-0.0081121,3257,Environmental and occupational health inspectors and associates,3.0,-0.0027040333333333334,251311,Environmental Health Officer,8.0,-0.00033800416666666667
45-2011,Agricultural Inspectors,-0.0081121,3257,Environmental and occupational health inspectors and associates,3.0,-0.0027040333333333334,311312,Meat Inspector,8.0,-0.00033800416666666667
45-2011,Agricultural Inspectors,-0.0081121,3257,Environmental and occupational health inspectors and associates,3.0,-0.0027040333333333334,311314,Primary Products Quality Assurance Officer,8.0,-0.00033800416666666667
45-2011,Agricultural Inspectors,-0.0081121,3257,Environmental and occupational health inspectors and associates,3.0,-0.0027040333333333334,311399,Primary Products Assurance and Inspection Officers nec,8.0,-0.00033800416666666667
45-2011,Agricultural Inspectors,-0.0081121,3257,Environmental and occupational health inspectors and associates,3.0,-0.0027040333333333334,312611,Safety Inspector,8.0,-0.00033800416666666667
45-2011,Agricultural Inspectors,-0.0081121,3257,Environmental and occupational health inspectors and associates,3.0,-0.0027040333333333334,599514,"Invasive Pest, Weed and Disease Inspector",8.0,-0.00033800416666666667
45-2011,Agricultural Inspectors,-0.0081121,3257,Environmental and occupational health inspectors and associates,3.0,-0.0027040333333333334,599521,Water Inspector,8.0,-0.00033800416666666667
45-2011,Agricultural Inspectors,-0.0081121,3257,Environmental and occupational health inspectors and associates,3.0,-0.0027040333333333334,599599,Inspectors and Regulatory Officers nec,8.0,-0.00033800416666666667
45-2011,Agricultural Inspectors,-0.0081121,3359,Regulatory government associate professionals not elsewhere classified,3.0,-0.0027040333333333334,224914,Patents Examiner,9.0,-0.00030044814814814813
45-2011,Agricultural Inspectors,-0.0081121,3359,Regulatory government associate professionals not elsewhere classified,3.0,-0.0027040333333333334,311311,Fisheries Officer,9.0,-0.00030044814814814813
45-2011,Agricultural Inspectors,-0.0081121,3359,Regulatory government associate professionals not elsewhere classified,3.0,-0.0027040333333333334,311313,Biosecurity Officer,9.0,-0.00030044814814814813
45-2011,Agricultural Inspectors,-0.0081121,3359,Regulatory government associate professionals not elsewhere classified,3.0,-0.0027040333333333334,311314,Primary Products Quality Assurance Officer,9.0,-0.00030044814814814813
45-2011,Agricultural Inspectors,-0.0081121,3359,Regulatory government associate professionals not elsewhere classified,3.0,-0.0027040333333333334,311399,Primary Products Assurance and Inspection Officers nec,9.0,-0.00030044814814814813
45-2011,Agricultural Inspectors,-0.0081121,3359,Regulatory government associate professionals not elsewhere classified,3.0,-0.0027040333333333334,312115,Plumbing Inspector,9.0,-0.00030044814814814813
45-2011,Agricultural Inspectors,-0.0081121,3359,Regulatory government associate professionals not elsewhere classified,3.0,-0.0027040333333333334,561913,Parking Inspector,9.0,-0.00030044814814814813
45-2011,Agricultural Inspectors,-0.0081121,3359,Regulatory government associate professionals not elsewhere classified,3.0,-0.0027040333333333334,599517,Train Examiner,9.0,-0.00030044814814814813
45-2011,Agricultural Inspectors,-0.0081121,3359,Regulatory government associate professionals not elsewhere classified,3.0,-0.0027040333333333334,599599,Inspectors and Regulatory Officers nec,9.0,-0.00030044814814814813
45-2021,Animal Breeders,-0.9411108,6121,Livestock and dairy producers,6.0,-0.1568518,121312,Beef Cattle Farmer,17.0,-0.009226576470588235
45-2021,Animal Breeders,-0.9411108,6121,Livestock and dairy producers,6.0,-0.1568518,121313,Dairy Cattle Farmer,17.0,-0.009226576470588235
45-2021,Animal Breeders,-0.9411108,6121,Livestock and dairy producers,6.0,-0.1568518,121314,Deer Farmer,17.0,-0.009226576470588235
45-2021,Animal Breeders,-0.9411108,6121,Livestock and dairy producers,6.0,-0.1568518,121315,Goat Farmer,17.0,-0.009226576470588235
45-2021,Animal Breeders,-0.9411108,6121,Livestock and dairy producers,6.0,-0.1568518,121316,Horse Breeder,17.0,-0.009226576470588235
45-2021,Animal Breeders,-0.9411108,6121,Livestock and dairy producers,6.0,-0.1568518,121318,Pig Farmer,17.0,-0.009226576470588235
45-2021,Animal Breeders,-0.9411108,6121,Livestock and dairy producers,6.0,-0.1568518,121322,Sheep Farmer,17.0,-0.009226576470588235
45-2021,Animal Breeders,-0.9411108,6121,Livestock and dairy producers,6.0,-0.1568518,121323,Mixed Cattle and Sheep Farmer,17.0,-0.009226576470588235
45-2021,Animal Breeders,-0.9411108,6121,Livestock and dairy producers,6.0,-0.1568518,121399,Livestock Farmers nec,17.0,-0.009226576470588235
45-2021,Animal Breeders,-0.9411108,6121,Livestock and dairy producers,6.0,-0.1568518,361116,Track Rider,17.0,-0.009226576470588235
45-2021,Animal Breeders,-0.9411108,6121,Livestock and dairy producers,6.0,-0.1568518,363211,Senior Beef Cattle Station Worker,17.0,-0.009226576470588235
45-2021,Animal Breeders,-0.9411108,6121,Livestock and dairy producers,6.0,-0.1568518,363212,Senior Cattle and Sheep Farm Worker,17.0,-0.009226576470588235
45-2021,Animal Breeders,-0.9411108,6121,Livestock and dairy producers,6.0,-0.1568518,363213,Senior Dairy Cattle Farm Worker,17.0,-0.009226576470588235
45-2021,Animal Breeders,-0.9411108,6121,Livestock and dairy producers,6.0,-0.1568518,363214,Senior Piggery Stockperson,17.0,-0.009226576470588235
45-2021,Animal Breeders,-0.9411108,6121,Livestock and dairy producers,6.0,-0.1568518,363215,Senior Sheep Farm Worker,17.0,-0.009226576470588235
45-2021,Animal Breeders,-0.9411108,6121,Livestock and dairy producers,6.0,-0.1568518,363299,Senior Livestock Farm Workers nec,17.0,-0.009226576470588235
45-2021,Animal Breeders,-0.9411108,6121,Livestock and dairy producers,6.0,-0.1568518,363311,Shearer,17.0,-0.009226576470588235
45-2021,Animal Breeders,-0.9411108,6122,Poultry producers,6.0,-0.1568518,121321,Poultry Farmer,2.0,-0.0784259
45-2021,Animal Breeders,-0.9411108,6122,Poultry producers,6.0,-0.1568518,363299,Senior Livestock Farm Workers nec,2.0,-0.0784259
45-2021,Animal Breeders,-0.9411108,6123,Apiarists and sericulturists,6.0,-0.1568518,121311,Apiarist,2.0,-0.0784259
45-2021,Animal Breeders,-0.9411108,6123,Apiarists and sericulturists,6.0,-0.1568518,121399,Livestock Farmers nec,2.0,-0.0784259
45-2021,Animal Breeders,-0.9411108,6129,Animal producers not elsewhere classified,6.0,-0.1568518,121399,Livestock Farmers nec,2.0,-0.0784259
45-2021,Animal Breeders,-0.9411108,6129,Animal producers not elsewhere classified,6.0,-0.1568518,363299,Senior Livestock Farm Workers nec,2.0,-0.0784259
45-2021,Animal Breeders,-0.9411108,6130,Mixed crop and animal producers,6.0,-0.1568518,121711,Broadacre Crop and Livestock Farmer,3.0,-0.05228393333333334
45-2021,Animal Breeders,-0.9411108,6130,Mixed crop and animal producers,6.0,-0.1568518,121799,Mixed Production Farmers nec,3.0,-0.05228393333333334
45-2021,Animal Breeders,-0.9411108,6130,Mixed crop and animal producers,6.0,-0.1568518,363115,Senior Broadacre Crop and Livestock Farm Worker,3.0,-0.05228393333333334
45-2021,Animal Breeders,-0.9411108,6221,Aquaculture workers,6.0,-0.1568518,121111,Aquaculture Farmer,2.0,-0.0784259
45-2021,Animal Breeders,-0.9411108,6221,Aquaculture workers,6.0,-0.1568518,363111,Aquaculture Supervisor,2.0,-0.0784259
45-2041,"Graders and Sorters, Agricultural Products",-1.03238,7515,Food and beverage tasters and graders,3.0,-0.3441266666666667,831199,Food and Drink Factory Workers nec,3.0,-0.1147088888888889
45-2041,"Graders and Sorters, Agricultural Products",-1.03238,7515,Food and beverage tasters and graders,3.0,-0.3441266666666667,839312,Product Grader,3.0,-0.1147088888888889
45-2041,"Graders and Sorters, Agricultural Products",-1.03238,7515,Food and beverage tasters and graders,3.0,-0.3441266666666667,839313,Product Tester,3.0,-0.1147088888888889
45-2041,"Graders and Sorters, Agricultural Products",-1.03238,7516,Tobacco preparers and tobacco products makers,3.0,-0.3441266666666667,831199,Food and Drink Factory Workers nec,1.0,-0.3441266666666667
45-2041,"Graders and Sorters, Agricultural Products",-1.03238,7535,"Pelt dressers, tanners and fellmongers",3.0,-0.3441266666666667,399999,Technicians and Trades Workers nec,3.0,-0.1147088888888889
45-2041,"Graders and Sorters, Agricultural Products",-1.03238,7535,"Pelt dressers, tanners and fellmongers",3.0,-0.3441266666666667,711712,Hide and Skin Processing Machine Operator,3.0,-0.1147088888888889
45-2041,"Graders and Sorters, Agricultural Products",-1.03238,7535,"Pelt dressers, tanners and fellmongers",3.0,-0.3441266666666667,839917,Hide and Skin Processing Worker,3.0,-0.1147088888888889
45-2091,Agricultural Equipment Operators,-1.239969,6111,Field crop and vegetable growers,6.0,-0.20666150000000003,121511,Cotton Grower,8.0,-0.025832687500000003
45-2091,Agricultural Equipment Operators,-1.239969,6111,Field crop and vegetable growers,6.0,-0.20666150000000003,121512,"Grain, Oilseed, Pulse or Pasture Grower / Field Crop Grower",8.0,-0.025832687500000003
45-2091,Agricultural Equipment Operators,-1.239969,6111,Field crop and vegetable growers,6.0,-0.20666150000000003,121513,Sugar Cane Grower,8.0,-0.025832687500000003
45-2091,Agricultural Equipment Operators,-1.239969,6111,Field crop and vegetable growers,6.0,-0.20666150000000003,121599,Broadacre Crop Growers nec,8.0,-0.025832687500000003
45-2091,Agricultural Equipment Operators,-1.239969,6111,Field crop and vegetable growers,6.0,-0.20666150000000003,121616,Vegetable Grower (Aus) / Market Gardener (NZ),8.0,-0.025832687500000003
45-2091,Agricultural Equipment Operators,-1.239969,6111,Field crop and vegetable growers,6.0,-0.20666150000000003,363116,Senior Broadacre Crop Farm Worker,8.0,-0.025832687500000003
45-2091,Agricultural Equipment Operators,-1.239969,6111,Field crop and vegetable growers,6.0,-0.20666150000000003,363114,Horticultural Supervisor or Specialist,8.0,-0.025832687500000003
45-2091,Agricultural Equipment Operators,-1.239969,6111,Field crop and vegetable growers,6.0,-0.20666150000000003,363199,"Senior Aquaculture, Crop and Forestry Workers nec",8.0,-0.025832687500000003
45-2091,Agricultural Equipment Operators,-1.239969,6112,Tree and shrub crop growers,6.0,-0.20666150000000003,121599,Broadacre Crop Growers nec,7.0,-0.029523071428571433
45-2091,Agricultural Equipment Operators,-1.239969,6112,Tree and shrub crop growers,6.0,-0.20666150000000003,121612,Fruit Grower,7.0,-0.029523071428571433
45-2091,Agricultural Equipment Operators,-1.239969,6112,Tree and shrub crop growers,6.0,-0.20666150000000003,121613,Nut Grower,7.0,-0.029523071428571433
45-2091,Agricultural Equipment Operators,-1.239969,6112,Tree and shrub crop growers,6.0,-0.20666150000000003,121699,Horticultural Crop Growers nec,7.0,-0.029523071428571433
45-2091,Agricultural Equipment Operators,-1.239969,6112,Tree and shrub crop growers,6.0,-0.20666150000000003,363114,Horticultural Supervisor or Specialist,7.0,-0.029523071428571433
45-2091,Agricultural Equipment Operators,-1.239969,6112,Tree and shrub crop growers,6.0,-0.20666150000000003,363117,Vineyard Supervisor,7.0,-0.029523071428571433
45-2091,Agricultural Equipment Operators,-1.239969,6112,Tree and shrub crop growers,6.0,-0.20666150000000003,363199,"Senior Aquaculture, Crop and Forestry Workers nec",7.0,-0.029523071428571433
45-2091,Agricultural Equipment Operators,-1.239969,6113,"Gardeners, horticultural and nursery growers",6.0,-0.20666150000000003,121611,Flower Grower,14.0,-0.014761535714285717
45-2091,Agricultural Equipment Operators,-1.239969,6113,"Gardeners, horticultural and nursery growers",6.0,-0.20666150000000003,121614,Production Nursery Grower,14.0,-0.014761535714285717
45-2091,Agricultural Equipment Operators,-1.239969,6113,"Gardeners, horticultural and nursery growers",6.0,-0.20666150000000003,121615,Turf Grower,14.0,-0.014761535714285717
45-2091,Agricultural Equipment Operators,-1.239969,6113,"Gardeners, horticultural and nursery growers",6.0,-0.20666150000000003,121616,Vegetable Grower (Aus) / Market Gardener (NZ),14.0,-0.014761535714285717
45-2091,Agricultural Equipment Operators,-1.239969,6113,"Gardeners, horticultural and nursery growers",6.0,-0.20666150000000003,121699,Horticultural Crop Growers nec,14.0,-0.014761535714285717
45-2091,Agricultural Equipment Operators,-1.239969,6113,"Gardeners, horticultural and nursery growers",6.0,-0.20666150000000003,362312,Sports Turf Manager,14.0,-0.014761535714285717
45-2091,Agricultural Equipment Operators,-1.239969,6113,"Gardeners, horticultural and nursery growers",6.0,-0.20666150000000003,362313,Sports Turf Trades Worker,14.0,-0.014761535714285717
45-2091,Agricultural Equipment Operators,-1.239969,6113,"Gardeners, horticultural and nursery growers",6.0,-0.20666150000000003,362411,Nurseryperson,14.0,-0.014761535714285717
45-2091,Agricultural Equipment Operators,-1.239969,6113,"Gardeners, horticultural and nursery growers",6.0,-0.20666150000000003,362511,Arborist,14.0,-0.014761535714285717
45-2091,Agricultural Equipment Operators,-1.239969,6113,"Gardeners, horticultural and nursery growers",6.0,-0.20666150000000003,362512,Tree Worker,14.0,-0.014761535714285717
45-2091,Agricultural Equipment Operators,-1.239969,6113,"Gardeners, horticultural and nursery growers",6.0,-0.20666150000000003,362611,Gardener (General),14.0,-0.014761535714285717
45-2091,Agricultural Equipment Operators,-1.239969,6113,"Gardeners, horticultural and nursery growers",6.0,-0.20666150000000003,362711,Landscape Gardener,14.0,-0.014761535714285717
45-2091,Agricultural Equipment Operators,-1.239969,6113,"Gardeners, horticultural and nursery growers",6.0,-0.20666150000000003,362712,Irrigation Technician,14.0,-0.014761535714285717
45-2091,Agricultural Equipment Operators,-1.239969,6113,"Gardeners, horticultural and nursery growers",6.0,-0.20666150000000003,363114,Horticultural Supervisor or Specialist,14.0,-0.014761535714285717
45-2091,Agricultural Equipment Operators,-1.239969,6114,Mixed crop growers,6.0,-0.20666150000000003,121699,Horticultural Crop Growers nec,4.0,-0.051665375000000006
45-2091,Agricultural Equipment Operators,-1.239969,6114,Mixed crop growers,6.0,-0.20666150000000003,121799,Mixed Production Farmers nec,4.0,-0.051665375000000006
45-2091,Agricultural Equipment Operators,-1.239969,6114,Mixed crop growers,6.0,-0.20666150000000003,363114,Horticultural Supervisor or Specialist,4.0,-0.051665375000000006
45-2091,Agricultural Equipment Operators,-1.239969,6114,Mixed crop growers,6.0,-0.20666150000000003,363199,"Senior Aquaculture, Crop and Forestry Workers nec",4.0,-0.051665375000000006
45-2091,Agricultural Equipment Operators,-1.239969,6130,Mixed crop and animal producers,6.0,-0.20666150000000003,121711,Broadacre Crop and Livestock Farmer,3.0,-0.06888716666666668
45-2091,Agricultural Equipment Operators,-1.239969,6130,Mixed crop and animal producers,6.0,-0.20666150000000003,121799,Mixed Production Farmers nec,3.0,-0.06888716666666668
45-2091,Agricultural Equipment Operators,-1.239969,6130,Mixed crop and animal producers,6.0,-0.20666150000000003,363115,Senior Broadacre Crop and Livestock Farm Worker,3.0,-0.06888716666666668
45-2091,Agricultural Equipment Operators,-1.239969,8341,Mobile farm and forestry plant operators,6.0,-0.20666150000000003,721111,Agricultural and Horticultural Mobile Plant Operator,2.0,-0.10333075000000001
45-2091,Agricultural Equipment Operators,-1.239969,8341,Mobile farm and forestry plant operators,6.0,-0.20666150000000003,721112,Logging Plant Operator,2.0,-0.10333075000000001
45-2092,"Farmworkers and Laborers, Crop, Nursery, and Greenhouse",-1.43235,6310,Subsistence crop farmers,5.0,-0.28647,xxxxxx,No Correspondence,1.0,-0.28647
45-2092,"Farmworkers and Laborers, Crop, Nursery, and Greenhouse",-1.43235,6330,Subsistence mixed crop and livestock farmers,5.0,-0.28647,xxxxxx,No Correspondence,1.0,-0.28647
45-2092,"Farmworkers and Laborers, Crop, Nursery, and Greenhouse",-1.43235,9211,Crop farm labourers,5.0,-0.28647,842211,Cotton Farm Worker,11.0,-0.026042727272727273
45-2092,"Farmworkers and Laborers, Crop, Nursery, and Greenhouse",-1.43235,9211,Crop farm labourers,5.0,-0.28647,842212,Fruit Farm Worker,11.0,-0.026042727272727273
45-2092,"Farmworkers and Laborers, Crop, Nursery, and Greenhouse",-1.43235,9211,Crop farm labourers,5.0,-0.28647,842213,Fruit Picker,11.0,-0.026042727272727273
45-2092,"Farmworkers and Laborers, Crop, Nursery, and Greenhouse",-1.43235,9211,Crop farm labourers,5.0,-0.28647,842214,"Grain, Oilseed, Pulse and Pasture Farm Worker (Aus) / Field Farm Worker (NZ)",11.0,-0.026042727272727273
45-2092,"Farmworkers and Laborers, Crop, Nursery, and Greenhouse",-1.43235,9211,Crop farm labourers,5.0,-0.28647,842215,Mushroom Picker,11.0,-0.026042727272727273
45-2092,"Farmworkers and Laborers, Crop, Nursery, and Greenhouse",-1.43235,9211,Crop farm labourers,5.0,-0.28647,842216,Nut Farm Worker,11.0,-0.026042727272727273
45-2092,"Farmworkers and Laborers, Crop, Nursery, and Greenhouse",-1.43235,9211,Crop farm labourers,5.0,-0.28647,842217,Sugar Cane Farm Worker,11.0,-0.026042727272727273
45-2092,"Farmworkers and Laborers, Crop, Nursery, and Greenhouse",-1.43235,9211,Crop farm labourers,5.0,-0.28647,842218,Vegetable Farm Worker (Aus) / Market Garden Worker (NZ),11.0,-0.026042727272727273
45-2092,"Farmworkers and Laborers, Crop, Nursery, and Greenhouse",-1.43235,9211,Crop farm labourers,5.0,-0.28647,842221,Vegetable Picker,11.0,-0.026042727272727273
45-2092,"Farmworkers and Laborers, Crop, Nursery, and Greenhouse",-1.43235,9211,Crop farm labourers,5.0,-0.28647,842222,Vineyard Worker,11.0,-0.026042727272727273
45-2092,"Farmworkers and Laborers, Crop, Nursery, and Greenhouse",-1.43235,9211,Crop farm labourers,5.0,-0.28647,842299,Crop Farm Workers nec,11.0,-0.026042727272727273
45-2092,"Farmworkers and Laborers, Crop, Nursery, and Greenhouse",-1.43235,9213,Mixed crop and livestock farm labourers,5.0,-0.28647,842411,Broadacre Crop and Livestock Farm Worker,2.0,-0.143235
45-2092,"Farmworkers and Laborers, Crop, Nursery, and Greenhouse",-1.43235,9213,Mixed crop and livestock farm labourers,5.0,-0.28647,842499,Mixed Production Farm Workers nec,2.0,-0.143235
45-2092,"Farmworkers and Laborers, Crop, Nursery, and Greenhouse",-1.43235,9214,Garden and horticultural labourers,5.0,-0.28647,843211,Garden Labourer,2.0,-0.143235
45-2092,"Farmworkers and Laborers, Crop, Nursery, and Greenhouse",-1.43235,9214,Garden and horticultural labourers,5.0,-0.28647,843311,Horticultural Nursery Assistant,2.0,-0.143235
45-2093,"Farmworkers, Farm, Ranch, and Aquacultural Animals",-1.088977,6320,Subsistence livestock farmers,5.0,-0.21779540000000003,xxxxxx,No Correspondence,1.0,-0.21779540000000003
45-2093,"Farmworkers, Farm, Ranch, and Aquacultural Animals",-1.088977,6330,Subsistence mixed crop and livestock farmers,5.0,-0.21779540000000003,xxxxxx,No Correspondence,1.0,-0.21779540000000003
45-2093,"Farmworkers, Farm, Ranch, and Aquacultural Animals",-1.088977,9212,Livestock farm labourers,5.0,-0.21779540000000003,842311,Beef Cattle Farm Worker,10.0,-0.021779540000000003
45-2093,"Farmworkers, Farm, Ranch, and Aquacultural Animals",-1.088977,9212,Livestock farm labourers,5.0,-0.21779540000000003,842312,Cattle and Sheep Farm Worker,10.0,-0.021779540000000003
45-2093,"Farmworkers, Farm, Ranch, and Aquacultural Animals",-1.088977,9212,Livestock farm labourers,5.0,-0.21779540000000003,842313,Dairy Cattle Farm Worker,10.0,-0.021779540000000003
45-2093,"Farmworkers, Farm, Ranch, and Aquacultural Animals",-1.088977,9212,Livestock farm labourers,5.0,-0.21779540000000003,842314,Livestock Husbandry Worker,10.0,-0.021779540000000003
45-2093,"Farmworkers, Farm, Ranch, and Aquacultural Animals",-1.088977,9212,Livestock farm labourers,5.0,-0.21779540000000003,842315,Piggery Farm Worker,10.0,-0.021779540000000003
45-2093,"Farmworkers, Farm, Ranch, and Aquacultural Animals",-1.088977,9212,Livestock farm labourers,5.0,-0.21779540000000003,842316,Poultry Farm Worker,10.0,-0.021779540000000003
45-2093,"Farmworkers, Farm, Ranch, and Aquacultural Animals",-1.088977,9212,Livestock farm labourers,5.0,-0.21779540000000003,842317,Sheep Farm Worker,10.0,-0.021779540000000003
45-2093,"Farmworkers, Farm, Ranch, and Aquacultural Animals",-1.088977,9212,Livestock farm labourers,5.0,-0.21779540000000003,842318,Stablehand,10.0,-0.021779540000000003
45-2093,"Farmworkers, Farm, Ranch, and Aquacultural Animals",-1.088977,9212,Livestock farm labourers,5.0,-0.21779540000000003,842321,Wool Handler,10.0,-0.021779540000000003
45-2093,"Farmworkers, Farm, Ranch, and Aquacultural Animals",-1.088977,9212,Livestock farm labourers,5.0,-0.21779540000000003,842399,Livestock Farm Workers nec,10.0,-0.021779540000000003
45-2093,"Farmworkers, Farm, Ranch, and Aquacultural Animals",-1.088977,9213,Mixed crop and livestock farm labourers,5.0,-0.21779540000000003,842411,Broadacre Crop and Livestock Farm Worker,2.0,-0.10889770000000001
45-2093,"Farmworkers, Farm, Ranch, and Aquacultural Animals",-1.088977,9213,Mixed crop and livestock farm labourers,5.0,-0.21779540000000003,842499,Mixed Production Farm Workers nec,2.0,-0.10889770000000001
45-2093,"Farmworkers, Farm, Ranch, and Aquacultural Animals",-1.088977,9216,Fishery and aquaculture labourers,5.0,-0.21779540000000003,842111,Aquaculture Worker,1.0,-0.21779540000000003
45-3011,Fishers and Related Fishing Workers,-1.51147,6222,Inland and coastal waters fishery workers,4.0,-0.3778675,231211,Master Fisher,3.0,-0.12595583333333335
45-3011,Fishers and Related Fishing Workers,-1.51147,6222,Inland and coastal waters fishery workers,4.0,-0.3778675,363112,Fishing Leading Hand,3.0,-0.12595583333333335
45-3011,Fishers and Related Fishing Workers,-1.51147,6222,Inland and coastal waters fishery workers,4.0,-0.3778675,899212,Fishing Hand,3.0,-0.12595583333333335
45-3011,Fishers and Related Fishing Workers,-1.51147,6223,Deep-sea fishery workers,4.0,-0.3778675,231211,Master Fisher,3.0,-0.12595583333333335
45-3011,Fishers and Related Fishing Workers,-1.51147,6223,Deep-sea fishery workers,4.0,-0.3778675,363112,Fishing Leading Hand,3.0,-0.12595583333333335
45-3011,Fishers and Related Fishing Workers,-1.51147,6223,Deep-sea fishery workers,4.0,-0.3778675,899212,Fishing Hand,3.0,-0.12595583333333335
45-3011,Fishers and Related Fishing Workers,-1.51147,6340,"Subsistence fishers, hunters, trappers and gatherers",4.0,-0.3778675,xxxxxx,No Correspondence,1.0,-0.3778675
45-3011,Fishers and Related Fishing Workers,-1.51147,9216,Fishery and aquaculture labourers,4.0,-0.3778675,842111,Aquaculture Worker,1.0,-0.3778675
45-3021,Hunters and Trappers,-1.374077,6224,Hunters and trappers,2.0,-0.6870385,843911,Hunter-Trapper,1.0,-0.6870385
45-3021,Hunters and Trappers,-1.374077,6340,"Subsistence fishers, hunters, trappers and gatherers",2.0,-0.6870385,xxxxxx,No Correspondence,1.0,-0.6870385
45-4011,Forest and Conservation Workers,-0.9999521,6210,Forestry and related workers,2.0,-0.49997605,363113,Forestry Operations Supervisor,6.0,-0.08332934166666667
45-4011,Forest and Conservation Workers,-0.9999521,6210,Forestry and related workers,2.0,-0.49997605,363199,"Senior Aquaculture, Crop and Forestry Workers nec",6.0,-0.08332934166666667
45-4011,Forest and Conservation Workers,-0.9999521,6210,Forestry and related workers,2.0,-0.49997605,843111,Forestry Worker,6.0,-0.08332934166666667
45-4011,Forest and Conservation Workers,-0.9999521,6210,Forestry and related workers,2.0,-0.49997605,843112,Logging Assistant,6.0,-0.08332934166666667
45-4011,Forest and Conservation Workers,-0.9999521,6210,Forestry and related workers,2.0,-0.49997605,843113,Tree Faller,6.0,-0.08332934166666667
45-4011,Forest and Conservation Workers,-0.9999521,6210,Forestry and related workers,2.0,-0.49997605,899999,Labourers nec,6.0,-0.08332934166666667
45-4011,Forest and Conservation Workers,-0.9999521,9215,Forestry labourers,2.0,-0.49997605,843111,Forestry Worker,3.0,-0.16665868333333334
45-4011,Forest and Conservation Workers,-0.9999521,9215,Forestry labourers,2.0,-0.49997605,843112,Logging Assistant,3.0,-0.16665868333333334
45-4011,Forest and Conservation Workers,-0.9999521,9215,Forestry labourers,2.0,-0.49997605,843113,Tree Faller,3.0,-0.16665868333333334
45-4021,Fallers,-1.791424,6210,Forestry and related workers,1.0,-1.791424,363113,Forestry Operations Supervisor,6.0,-0.29857066666666665
45-4021,Fallers,-1.791424,6210,Forestry and related workers,1.0,-1.791424,363199,"Senior Aquaculture, Crop and Forestry Workers nec",6.0,-0.29857066666666665
45-4021,Fallers,-1.791424,6210,Forestry and related workers,1.0,-1.791424,843111,Forestry Worker,6.0,-0.29857066666666665
45-4021,Fallers,-1.791424,6210,Forestry and related workers,1.0,-1.791424,843112,Logging Assistant,6.0,-0.29857066666666665
45-4021,Fallers,-1.791424,6210,Forestry and related workers,1.0,-1.791424,843113,Tree Faller,6.0,-0.29857066666666665
45-4021,Fallers,-1.791424,6210,Forestry and related workers,1.0,-1.791424,899999,Labourers nec,6.0,-0.29857066666666665
45-4022,Logging Equipment Operators,-1.355217,6210,Forestry and related workers,2.0,-0.6776085,363113,Forestry Operations Supervisor,6.0,-0.11293474999999999
45-4022,Logging Equipment Operators,-1.355217,6210,Forestry and related workers,2.0,-0.6776085,363199,"Senior Aquaculture, Crop and Forestry Workers nec",6.0,-0.11293474999999999
45-4022,Logging Equipment Operators,-1.355217,6210,Forestry and related workers,2.0,-0.6776085,843111,Forestry Worker,6.0,-0.11293474999999999
45-4022,Logging Equipment Operators,-1.355217,6210,Forestry and related workers,2.0,-0.6776085,843112,Logging Assistant,6.0,-0.11293474999999999
45-4022,Logging Equipment Operators,-1.355217,6210,Forestry and related workers,2.0,-0.6776085,843113,Tree Faller,6.0,-0.11293474999999999
45-4022,Logging Equipment Operators,-1.355217,6210,Forestry and related workers,2.0,-0.6776085,899999,Labourers nec,6.0,-0.11293474999999999
45-4022,Logging Equipment Operators,-1.355217,8341,Mobile farm and forestry plant operators,2.0,-0.6776085,721111,Agricultural and Horticultural Mobile Plant Operator,2.0,-0.33880425
45-4022,Logging Equipment Operators,-1.355217,8341,Mobile farm and forestry plant operators,2.0,-0.6776085,721112,Logging Plant Operator,2.0,-0.33880425
45-4023,Log Graders and Scalers,-0.7029777,6210,Forestry and related workers,1.0,-0.7029777,363113,Forestry Operations Supervisor,6.0,-0.11716295
45-4023,Log Graders and Scalers,-0.7029777,6210,Forestry and related workers,1.0,-0.7029777,363199,"Senior Aquaculture, Crop and Forestry Workers nec",6.0,-0.11716295
45-4023,Log Graders and Scalers,-0.7029777,6210,Forestry and related workers,1.0,-0.7029777,843111,Forestry Worker,6.0,-0.11716295
45-4023,Log Graders and Scalers,-0.7029777,6210,Forestry and related workers,1.0,-0.7029777,843112,Logging Assistant,6.0,-0.11716295
45-4023,Log Graders and Scalers,-0.7029777,6210,Forestry and related workers,1.0,-0.7029777,843113,Tree Faller,6.0,-0.11716295
45-4023,Log Graders and Scalers,-0.7029777,6210,Forestry and related workers,1.0,-0.7029777,899999,Labourers nec,6.0,-0.11716295
47-1011,First-Line Supervisors of Construction Trades and Extraction Workers,-0.3598737,3123,Construction supervisors,2.0,-0.17993685,133111,Construction Project Manager,2.0,-0.089968425
47-1011,First-Line Supervisors of Construction Trades and Extraction Workers,-0.3598737,3123,Construction supervisors,2.0,-0.17993685,312112,Building Associate,2.0,-0.089968425
47-1011,First-Line Supervisors of Construction Trades and Extraction Workers,-0.3598737,3121,Mining supervisors,2.0,-0.17993685,312913,Mine Deputy,1.0,-0.17993685
47-2011,Boilermakers,-1.121584,7213,Sheet-metal workers,1.0,-1.121584,322211,Sheetmetal Worker,7.0,-0.1602262857142857
47-2011,Boilermakers,-1.121584,7213,Sheet-metal workers,1.0,-1.121584,322311,Metal Fabricator,7.0,-0.1602262857142857
47-2011,Boilermakers,-1.121584,7213,Sheet-metal workers,1.0,-1.121584,323113,Aircraft Maintenance Engineer (Structures),7.0,-0.1602262857142857
47-2011,Boilermakers,-1.121584,7213,Sheet-metal workers,1.0,-1.121584,324111,Panelbeater,7.0,-0.1602262857142857
47-2011,Boilermakers,-1.121584,7213,Sheet-metal workers,1.0,-1.121584,324211,Vehicle Body Builder,7.0,-0.1602262857142857
47-2011,Boilermakers,-1.121584,7213,Sheet-metal workers,1.0,-1.121584,399111,Boat Builder and Repairer,7.0,-0.1602262857142857
47-2011,Boilermakers,-1.121584,7213,Sheet-metal workers,1.0,-1.121584,712311,Engineering Production Worker,7.0,-0.1602262857142857
47-2021,Brickmasons and Blockmasons,-1.606938,7112,Bricklayers and related workers,1.0,-1.606938,331111,Bricklayer,1.0,-1.606938
47-2022,Stonemasons,-1.483119,7113,"Stonemasons, stone cutters, splitters and carvers",1.0,-1.483119,331112,Stonemason,1.0,-1.483119
47-2031,Carpenters,-1.245253,7115,Carpenters and joiners,1.0,-1.245253,331211,Carpenter and Joiner,6.0,-0.20754216666666667
47-2031,Carpenters,-1.245253,7115,Carpenters and joiners,1.0,-1.245253,331212,Carpenter,6.0,-0.20754216666666667
47-2031,Carpenters,-1.245253,7115,Carpenters and joiners,1.0,-1.245253,331213,Joiner,6.0,-0.20754216666666667
47-2031,Carpenters,-1.245253,7115,Carpenters and joiners,1.0,-1.245253,399111,Boat Builder and Repairer,6.0,-0.20754216666666667
47-2031,Carpenters,-1.245253,7115,Carpenters and joiners,1.0,-1.245253,399112,Shipwright,6.0,-0.20754216666666667
47-2031,Carpenters,-1.245253,7115,Carpenters and joiners,1.0,-1.245253,821412,Home Improvement Installer,6.0,-0.20754216666666667
47-2041,Carpet Installers,-1.414355,7122,Floor layers and tile setters,1.0,-1.414355,332111,Floor Finisher,2.0,-0.7071775
47-2041,Carpet Installers,-1.414355,7122,Floor layers and tile setters,1.0,-1.414355,333411,Wall and Floor Tiler,2.0,-0.7071775
47-2042,"Floor Layers, Except Carpet, Wood, and Hard Tiles",-1.049115,7122,Floor layers and tile setters,1.0,-1.049115,332111,Floor Finisher,2.0,-0.5245575
47-2042,"Floor Layers, Except Carpet, Wood, and Hard Tiles",-1.049115,7122,Floor layers and tile setters,1.0,-1.049115,333411,Wall and Floor Tiler,2.0,-0.5245575
47-2043,Floor Sanders and Finishers,-1.574358,7122,Floor layers and tile setters,1.0,-1.574358,332111,Floor Finisher,2.0,-0.787179
47-2043,Floor Sanders and Finishers,-1.574358,7122,Floor layers and tile setters,1.0,-1.574358,333411,Wall and Floor Tiler,2.0,-0.787179
47-2044,Tile and Marble Setters,-1.196271,7122,Floor layers and tile setters,1.0,-1.196271,332111,Floor Finisher,2.0,-0.5981355
47-2044,Tile and Marble Setters,-1.196271,7122,Floor layers and tile setters,1.0,-1.196271,333411,Wall and Floor Tiler,2.0,-0.5981355
47-2051,Cement Masons and Concrete Finishers,-1.677608,7114,"Concrete placers, concrete finishers and related workers",1.0,-1.677608,332111,Floor Finisher,2.0,-0.838804
47-2051,Cement Masons and Concrete Finishers,-1.677608,7114,"Concrete placers, concrete finishers and related workers",1.0,-1.677608,821211,Concreter,2.0,-0.838804
47-2053,Terrazzo Workers and Finishers,-1.684962,7114,"Concrete placers, concrete finishers and related workers",1.0,-1.684962,332111,Floor Finisher,2.0,-0.842481
47-2053,Terrazzo Workers and Finishers,-1.684962,7114,"Concrete placers, concrete finishers and related workers",1.0,-1.684962,821211,Concreter,2.0,-0.842481
47-2061,Construction Laborers,-1.404981,9313,Building construction labourers,1.0,-1.404981,821111,Builder's Labourer,8.0,-0.175622625
47-2061,Construction Laborers,-1.404981,9313,Building construction labourers,1.0,-1.404981,821114,Plumber's Assistant,8.0,-0.175622625
47-2061,Construction Laborers,-1.404981,9313,Building construction labourers,1.0,-1.404981,821211,Concreter,8.0,-0.175622625
47-2061,Construction Laborers,-1.404981,9313,Building construction labourers,1.0,-1.404981,821311,Fencer,8.0,-0.175622625
47-2061,Construction Laborers,-1.404981,9313,Building construction labourers,1.0,-1.404981,821412,Home Improvement Installer,8.0,-0.175622625
47-2061,Construction Laborers,-1.404981,9313,Building construction labourers,1.0,-1.404981,821713,Steel Fixer,8.0,-0.175622625
47-2061,Construction Laborers,-1.404981,9313,Building construction labourers,1.0,-1.404981,821911,Crane Chaser,8.0,-0.175622625
47-2061,Construction Laborers,-1.404981,9313,Building construction labourers,1.0,-1.404981,899914,Electrical or Telecommunications Trades Assistant,8.0,-0.175622625
47-2071,"Paving, Surfacing, and Tamping Equipment Operators",-1.303123,8342,Earthmoving and related plant operators,1.0,-1.303123,721211,Earthmoving Plant Operator (General),11.0,-0.11846572727272728
47-2071,"Paving, Surfacing, and Tamping Equipment Operators",-1.303123,8342,Earthmoving and related plant operators,1.0,-1.303123,721212,Backhoe Operator,11.0,-0.11846572727272728
47-2071,"Paving, Surfacing, and Tamping Equipment Operators",-1.303123,8342,Earthmoving and related plant operators,1.0,-1.303123,721213,Bulldozer Operator,11.0,-0.11846572727272728
47-2071,"Paving, Surfacing, and Tamping Equipment Operators",-1.303123,8342,Earthmoving and related plant operators,1.0,-1.303123,721214,Excavator Operator,11.0,-0.11846572727272728
47-2071,"Paving, Surfacing, and Tamping Equipment Operators",-1.303123,8342,Earthmoving and related plant operators,1.0,-1.303123,721215,Grader Operator,11.0,-0.11846572727272728
47-2071,"Paving, Surfacing, and Tamping Equipment Operators",-1.303123,8342,Earthmoving and related plant operators,1.0,-1.303123,721216,Loader Operator,11.0,-0.11846572727272728
47-2071,"Paving, Surfacing, and Tamping Equipment Operators",-1.303123,8342,Earthmoving and related plant operators,1.0,-1.303123,721913,Paving Plant Operator,11.0,-0.11846572727272728
47-2071,"Paving, Surfacing, and Tamping Equipment Operators",-1.303123,8342,Earthmoving and related plant operators,1.0,-1.303123,721914,Railway Track Plant Operator,11.0,-0.11846572727272728
47-2071,"Paving, Surfacing, and Tamping Equipment Operators",-1.303123,8342,Earthmoving and related plant operators,1.0,-1.303123,721915,Road Roller Operator,11.0,-0.11846572727272728
47-2071,"Paving, Surfacing, and Tamping Equipment Operators",-1.303123,8342,Earthmoving and related plant operators,1.0,-1.303123,721916,Streetsweeper Operator,11.0,-0.11846572727272728
47-2071,"Paving, Surfacing, and Tamping Equipment Operators",-1.303123,8342,Earthmoving and related plant operators,1.0,-1.303123,721999,Mobile Plant Operators nec,11.0,-0.11846572727272728
47-2072,Pile-Driver Operators,-1.454892,8342,Earthmoving and related plant operators,1.0,-1.454892,721211,Earthmoving Plant Operator (General),11.0,-0.1322629090909091
47-2072,Pile-Driver Operators,-1.454892,8342,Earthmoving and related plant operators,1.0,-1.454892,721212,Backhoe Operator,11.0,-0.1322629090909091
47-2072,Pile-Driver Operators,-1.454892,8342,Earthmoving and related plant operators,1.0,-1.454892,721213,Bulldozer Operator,11.0,-0.1322629090909091
47-2072,Pile-Driver Operators,-1.454892,8342,Earthmoving and related plant operators,1.0,-1.454892,721214,Excavator Operator,11.0,-0.1322629090909091
47-2072,Pile-Driver Operators,-1.454892,8342,Earthmoving and related plant operators,1.0,-1.454892,721215,Grader Operator,11.0,-0.1322629090909091
47-2072,Pile-Driver Operators,-1.454892,8342,Earthmoving and related plant operators,1.0,-1.454892,721216,Loader Operator,11.0,-0.1322629090909091
47-2072,Pile-Driver Operators,-1.454892,8342,Earthmoving and related plant operators,1.0,-1.454892,721913,Paving Plant Operator,11.0,-0.1322629090909091
47-2072,Pile-Driver Operators,-1.454892,8342,Earthmoving and related plant operators,1.0,-1.454892,721914,Railway Track Plant Operator,11.0,-0.1322629090909091
47-2072,Pile-Driver Operators,-1.454892,8342,Earthmoving and related plant operators,1.0,-1.454892,721915,Road Roller Operator,11.0,-0.1322629090909091
47-2072,Pile-Driver Operators,-1.454892,8342,Earthmoving and related plant operators,1.0,-1.454892,721916,Streetsweeper Operator,11.0,-0.1322629090909091
47-2072,Pile-Driver Operators,-1.454892,8342,Earthmoving and related plant operators,1.0,-1.454892,721999,Mobile Plant Operators nec,11.0,-0.1322629090909091
47-2073,Operating Engineers and Other Construction Equipment Operators,-1.173767,8342,Earthmoving and related plant operators,1.0,-1.173767,721211,Earthmoving Plant Operator (General),11.0,-0.1067060909090909
47-2073,Operating Engineers and Other Construction Equipment Operators,-1.173767,8342,Earthmoving and related plant operators,1.0,-1.173767,721212,Backhoe Operator,11.0,-0.1067060909090909
47-2073,Operating Engineers and Other Construction Equipment Operators,-1.173767,8342,Earthmoving and related plant operators,1.0,-1.173767,721213,Bulldozer Operator,11.0,-0.1067060909090909
47-2073,Operating Engineers and Other Construction Equipment Operators,-1.173767,8342,Earthmoving and related plant operators,1.0,-1.173767,721214,Excavator Operator,11.0,-0.1067060909090909
47-2073,Operating Engineers and Other Construction Equipment Operators,-1.173767,8342,Earthmoving and related plant operators,1.0,-1.173767,721215,Grader Operator,11.0,-0.1067060909090909
47-2073,Operating Engineers and Other Construction Equipment Operators,-1.173767,8342,Earthmoving and related plant operators,1.0,-1.173767,721216,Loader Operator,11.0,-0.1067060909090909
47-2073,Operating Engineers and Other Construction Equipment Operators,-1.173767,8342,Earthmoving and related plant operators,1.0,-1.173767,721913,Paving Plant Operator,11.0,-0.1067060909090909
47-2073,Operating Engineers and Other Construction Equipment Operators,-1.173767,8342,Earthmoving and related plant operators,1.0,-1.173767,721914,Railway Track Plant Operator,11.0,-0.1067060909090909
47-2073,Operating Engineers and Other Construction Equipment Operators,-1.173767,8342,Earthmoving and related plant operators,1.0,-1.173767,721915,Road Roller Operator,11.0,-0.1067060909090909
47-2073,Operating Engineers and Other Construction Equipment Operators,-1.173767,8342,Earthmoving and related plant operators,1.0,-1.173767,721916,Streetsweeper Operator,11.0,-0.1067060909090909
47-2073,Operating Engineers and Other Construction Equipment Operators,-1.173767,8342,Earthmoving and related plant operators,1.0,-1.173767,721999,Mobile Plant Operators nec,11.0,-0.1067060909090909
47-2081,Drywall and Ceiling Tile Installers,-1.496086,7123,Plasterers,1.0,-1.496086,333211,Plasterer (Wall and Ceiling),2.0,-0.748043
47-2081,Drywall and Ceiling Tile Installers,-1.496086,7123,Plasterers,1.0,-1.496086,333212,Renderer (Solid Plaster),2.0,-0.748043
47-2082,Tapers,-1.344603,7123,Plasterers,1.0,-1.344603,333211,Plasterer (Wall and Ceiling),2.0,-0.6723015
47-2082,Tapers,-1.344603,7123,Plasterers,1.0,-1.344603,333212,Renderer (Solid Plaster),2.0,-0.6723015
47-2111,Electricians,-0.9164291,7411,Building and related electricians,1.0,-0.9164291,341111,Electrician (General),2.0,-0.45821455
47-2111,Electricians,-0.9164291,7411,Building and related electricians,1.0,-0.9164291,341112,Electrician (Special Class),2.0,-0.45821455
47-2121,Glaziers,-1.267038,7125,Glaziers,1.0,-1.267038,333111,Glazier,2.0,-0.633519
47-2121,Glaziers,-1.267038,7125,Glaziers,1.0,-1.267038,899412,Autoglazier,2.0,-0.633519
47-2131,"Insulation Workers, Floor, Ceiling, and Wall",-1.509682,7124,Insulation workers,1.0,-1.509682,821411,Building Insulation Installer,2.0,-0.754841
47-2131,"Insulation Workers, Floor, Ceiling, and Wall",-1.509682,7124,Insulation workers,1.0,-1.509682,821913,Lagger,2.0,-0.754841
47-2132,"Insulation Workers, Mechanical",-1.079884,7124,Insulation workers,1.0,-1.079884,821411,Building Insulation Installer,2.0,-0.539942
47-2132,"Insulation Workers, Mechanical",-1.079884,7124,Insulation workers,1.0,-1.079884,821913,Lagger,2.0,-0.539942
47-2141,"Painters, Construction and Maintenance",-1.380682,7131,Painters and related workers,1.0,-1.380682,332211,Painter,1.0,-1.380682
47-2142,Paperhangers,-1.56578,7131,Painters and related workers,1.0,-1.56578,332211,Painter,1.0,-1.56578
47-2151,Pipelayers,-1.18099,7126,Plumbers and pipe fitters,1.0,-1.18099,334112,Airconditioning and Mechanical Services Plumber,6.0,-0.19683166666666665
47-2151,Pipelayers,-1.18099,7126,Plumbers and pipe fitters,1.0,-1.18099,334113,Drainer,6.0,-0.19683166666666665
47-2151,Pipelayers,-1.18099,7126,Plumbers and pipe fitters,1.0,-1.18099,334114,Gasfitter,6.0,-0.19683166666666665
47-2151,Pipelayers,-1.18099,7126,Plumbers and pipe fitters,1.0,-1.18099,334115,Roof Plumber,6.0,-0.19683166666666665
47-2151,Pipelayers,-1.18099,7126,Plumbers and pipe fitters,1.0,-1.18099,334116,Plumber (General),6.0,-0.19683166666666665
47-2151,Pipelayers,-1.18099,7126,Plumbers and pipe fitters,1.0,-1.18099,334117,Fire Protection Plumber,6.0,-0.19683166666666665
47-2152,"Plumbers, Pipefitters, and Steamfitters",-1.119614,7126,Plumbers and pipe fitters,1.0,-1.119614,334112,Airconditioning and Mechanical Services Plumber,6.0,-0.18660233333333334
47-2152,"Plumbers, Pipefitters, and Steamfitters",-1.119614,7126,Plumbers and pipe fitters,1.0,-1.119614,334113,Drainer,6.0,-0.18660233333333334
47-2152,"Plumbers, Pipefitters, and Steamfitters",-1.119614,7126,Plumbers and pipe fitters,1.0,-1.119614,334114,Gasfitter,6.0,-0.18660233333333334
47-2152,"Plumbers, Pipefitters, and Steamfitters",-1.119614,7126,Plumbers and pipe fitters,1.0,-1.119614,334115,Roof Plumber,6.0,-0.18660233333333334
47-2152,"Plumbers, Pipefitters, and Steamfitters",-1.119614,7126,Plumbers and pipe fitters,1.0,-1.119614,334116,Plumber (General),6.0,-0.18660233333333334
47-2152,"Plumbers, Pipefitters, and Steamfitters",-1.119614,7126,Plumbers and pipe fitters,1.0,-1.119614,334117,Fire Protection Plumber,6.0,-0.18660233333333334
47-2161,Plasterers and Stucco Masons,-1.577907,7123,Plasterers,1.0,-1.577907,333211,Plasterer (Wall and Ceiling),2.0,-0.7889535
47-2161,Plasterers and Stucco Masons,-1.577907,7123,Plasterers,1.0,-1.577907,333212,Renderer (Solid Plaster),2.0,-0.7889535
47-2171,Reinforcing Iron and Rebar Workers,-1.781242,7214,Structural-metal preparers and erectors,1.0,-1.781242,322311,Metal Fabricator,3.0,-0.5937473333333333
47-2171,Reinforcing Iron and Rebar Workers,-1.781242,7214,Structural-metal preparers and erectors,1.0,-1.781242,399112,Shipwright,3.0,-0.5937473333333333
47-2171,Reinforcing Iron and Rebar Workers,-1.781242,7214,Structural-metal preparers and erectors,1.0,-1.781242,821714,Structural Steel Erector,3.0,-0.5937473333333333
47-2181,Roofers,-1.553439,7121,Roofers,1.0,-1.553439,333311,Roof Tiler,2.0,-0.7767195
47-2181,Roofers,-1.553439,7121,Roofers,1.0,-1.553439,334115,Roof Plumber,2.0,-0.7767195
47-2211,Sheet Metal Workers,-1.244711,7213,Sheet-metal workers,1.0,-1.244711,322211,Sheetmetal Worker,7.0,-0.17781585714285714
47-2211,Sheet Metal Workers,-1.244711,7213,Sheet-metal workers,1.0,-1.244711,322311,Metal Fabricator,7.0,-0.17781585714285714
47-2211,Sheet Metal Workers,-1.244711,7213,Sheet-metal workers,1.0,-1.244711,323113,Aircraft Maintenance Engineer (Structures),7.0,-0.17781585714285714
47-2211,Sheet Metal Workers,-1.244711,7213,Sheet-metal workers,1.0,-1.244711,324111,Panelbeater,7.0,-0.17781585714285714
47-2211,Sheet Metal Workers,-1.244711,7213,Sheet-metal workers,1.0,-1.244711,324211,Vehicle Body Builder,7.0,-0.17781585714285714
47-2211,Sheet Metal Workers,-1.244711,7213,Sheet-metal workers,1.0,-1.244711,399111,Boat Builder and Repairer,7.0,-0.17781585714285714
47-2211,Sheet Metal Workers,-1.244711,7213,Sheet-metal workers,1.0,-1.244711,712311,Engineering Production Worker,7.0,-0.17781585714285714
47-2221,Structural Iron and Steel Workers,-1.700957,7214,Structural-metal preparers and erectors,1.0,-1.700957,322311,Metal Fabricator,3.0,-0.5669856666666667
47-2221,Structural Iron and Steel Workers,-1.700957,7214,Structural-metal preparers and erectors,1.0,-1.700957,399112,Shipwright,3.0,-0.5669856666666667
47-2221,Structural Iron and Steel Workers,-1.700957,7214,Structural-metal preparers and erectors,1.0,-1.700957,821714,Structural Steel Erector,3.0,-0.5669856666666667
47-2231,Solar Photovoltaic Installers,-1.036982,7119,Building frame and related trades workers not elsewhere classified,2.0,-0.518491,821712,Scaffolder,1.0,-0.518491
47-2231,Solar Photovoltaic Installers,-1.036982,7411,Building and related electricians,2.0,-0.518491,341111,Electrician (General),2.0,-0.2592455
47-2231,Solar Photovoltaic Installers,-1.036982,7411,Building and related electricians,2.0,-0.518491,341112,Electrician (Special Class),2.0,-0.2592455
47-3011,"Helpers--Brickmasons, Blockmasons, Stonemasons, and Tile and Marble Setters",-1.82175,9313,Building construction labourers,1.0,-1.82175,821111,Builder's Labourer,8.0,-0.22771875
47-3011,"Helpers--Brickmasons, Blockmasons, Stonemasons, and Tile and Marble Setters",-1.82175,9313,Building construction labourers,1.0,-1.82175,821114,Plumber's Assistant,8.0,-0.22771875
47-3011,"Helpers--Brickmasons, Blockmasons, Stonemasons, and Tile and Marble Setters",-1.82175,9313,Building construction labourers,1.0,-1.82175,821211,Concreter,8.0,-0.22771875
47-3011,"Helpers--Brickmasons, Blockmasons, Stonemasons, and Tile and Marble Setters",-1.82175,9313,Building construction labourers,1.0,-1.82175,821311,Fencer,8.0,-0.22771875
47-3011,"Helpers--Brickmasons, Blockmasons, Stonemasons, and Tile and Marble Setters",-1.82175,9313,Building construction labourers,1.0,-1.82175,821412,Home Improvement Installer,8.0,-0.22771875
47-3011,"Helpers--Brickmasons, Blockmasons, Stonemasons, and Tile and Marble Setters",-1.82175,9313,Building construction labourers,1.0,-1.82175,821713,Steel Fixer,8.0,-0.22771875
47-3011,"Helpers--Brickmasons, Blockmasons, Stonemasons, and Tile and Marble Setters",-1.82175,9313,Building construction labourers,1.0,-1.82175,821911,Crane Chaser,8.0,-0.22771875
47-3011,"Helpers--Brickmasons, Blockmasons, Stonemasons, and Tile and Marble Setters",-1.82175,9313,Building construction labourers,1.0,-1.82175,899914,Electrical or Telecommunications Trades Assistant,8.0,-0.22771875
47-3012,Helpers--Carpenters,-1.370165,9313,Building construction labourers,1.0,-1.370165,821111,Builder's Labourer,8.0,-0.171270625
47-3012,Helpers--Carpenters,-1.370165,9313,Building construction labourers,1.0,-1.370165,821114,Plumber's Assistant,8.0,-0.171270625
47-3012,Helpers--Carpenters,-1.370165,9313,Building construction labourers,1.0,-1.370165,821211,Concreter,8.0,-0.171270625
47-3012,Helpers--Carpenters,-1.370165,9313,Building construction labourers,1.0,-1.370165,821311,Fencer,8.0,-0.171270625
47-3012,Helpers--Carpenters,-1.370165,9313,Building construction labourers,1.0,-1.370165,821412,Home Improvement Installer,8.0,-0.171270625
47-3012,Helpers--Carpenters,-1.370165,9313,Building construction labourers,1.0,-1.370165,821713,Steel Fixer,8.0,-0.171270625
47-3012,Helpers--Carpenters,-1.370165,9313,Building construction labourers,1.0,-1.370165,821911,Crane Chaser,8.0,-0.171270625
47-3012,Helpers--Carpenters,-1.370165,9313,Building construction labourers,1.0,-1.370165,899914,Electrical or Telecommunications Trades Assistant,8.0,-0.171270625
47-3013,Helpers--Electricians,-1.445099,9313,Building construction labourers,1.0,-1.445099,821111,Builder's Labourer,8.0,-0.180637375
47-3013,Helpers--Electricians,-1.445099,9313,Building construction labourers,1.0,-1.445099,821114,Plumber's Assistant,8.0,-0.180637375
47-3013,Helpers--Electricians,-1.445099,9313,Building construction labourers,1.0,-1.445099,821211,Concreter,8.0,-0.180637375
47-3013,Helpers--Electricians,-1.445099,9313,Building construction labourers,1.0,-1.445099,821311,Fencer,8.0,-0.180637375
47-3013,Helpers--Electricians,-1.445099,9313,Building construction labourers,1.0,-1.445099,821412,Home Improvement Installer,8.0,-0.180637375
47-3013,Helpers--Electricians,-1.445099,9313,Building construction labourers,1.0,-1.445099,821713,Steel Fixer,8.0,-0.180637375
47-3013,Helpers--Electricians,-1.445099,9313,Building construction labourers,1.0,-1.445099,821911,Crane Chaser,8.0,-0.180637375
47-3013,Helpers--Electricians,-1.445099,9313,Building construction labourers,1.0,-1.445099,899914,Electrical or Telecommunications Trades Assistant,8.0,-0.180637375
47-3014,"Helpers--Painters, Paperhangers, Plasterers, and Stucco Masons",-1.71112,9313,Building construction labourers,1.0,-1.71112,821111,Builder's Labourer,8.0,-0.21389
47-3014,"Helpers--Painters, Paperhangers, Plasterers, and Stucco Masons",-1.71112,9313,Building construction labourers,1.0,-1.71112,821114,Plumber's Assistant,8.0,-0.21389
47-3014,"Helpers--Painters, Paperhangers, Plasterers, and Stucco Masons",-1.71112,9313,Building construction labourers,1.0,-1.71112,821211,Concreter,8.0,-0.21389
47-3014,"Helpers--Painters, Paperhangers, Plasterers, and Stucco Masons",-1.71112,9313,Building construction labourers,1.0,-1.71112,821311,Fencer,8.0,-0.21389
47-3014,"Helpers--Painters, Paperhangers, Plasterers, and Stucco Masons",-1.71112,9313,Building construction labourers,1.0,-1.71112,821412,Home Improvement Installer,8.0,-0.21389
47-3014,"Helpers--Painters, Paperhangers, Plasterers, and Stucco Masons",-1.71112,9313,Building construction labourers,1.0,-1.71112,821713,Steel Fixer,8.0,-0.21389
47-3014,"Helpers--Painters, Paperhangers, Plasterers, and Stucco Masons",-1.71112,9313,Building construction labourers,1.0,-1.71112,821911,Crane Chaser,8.0,-0.21389
47-3014,"Helpers--Painters, Paperhangers, Plasterers, and Stucco Masons",-1.71112,9313,Building construction labourers,1.0,-1.71112,899914,Electrical or Telecommunications Trades Assistant,8.0,-0.21389
47-3015,"Helpers--Pipelayers, Plumbers, Pipefitters, and Steamfitters",-1.461957,9313,Building construction labourers,1.0,-1.461957,821111,Builder's Labourer,8.0,-0.182744625
47-3015,"Helpers--Pipelayers, Plumbers, Pipefitters, and Steamfitters",-1.461957,9313,Building construction labourers,1.0,-1.461957,821114,Plumber's Assistant,8.0,-0.182744625
47-3015,"Helpers--Pipelayers, Plumbers, Pipefitters, and Steamfitters",-1.461957,9313,Building construction labourers,1.0,-1.461957,821211,Concreter,8.0,-0.182744625
47-3015,"Helpers--Pipelayers, Plumbers, Pipefitters, and Steamfitters",-1.461957,9313,Building construction labourers,1.0,-1.461957,821311,Fencer,8.0,-0.182744625
47-3015,"Helpers--Pipelayers, Plumbers, Pipefitters, and Steamfitters",-1.461957,9313,Building construction labourers,1.0,-1.461957,821412,Home Improvement Installer,8.0,-0.182744625
47-3015,"Helpers--Pipelayers, Plumbers, Pipefitters, and Steamfitters",-1.461957,9313,Building construction labourers,1.0,-1.461957,821713,Steel Fixer,8.0,-0.182744625
47-3015,"Helpers--Pipelayers, Plumbers, Pipefitters, and Steamfitters",-1.461957,9313,Building construction labourers,1.0,-1.461957,821911,Crane Chaser,8.0,-0.182744625
47-3015,"Helpers--Pipelayers, Plumbers, Pipefitters, and Steamfitters",-1.461957,9313,Building construction labourers,1.0,-1.461957,899914,Electrical or Telecommunications Trades Assistant,8.0,-0.182744625
47-3016,Helpers--Roofers,-1.667881,9313,Building construction labourers,1.0,-1.667881,821111,Builder's Labourer,8.0,-0.208485125
47-3016,Helpers--Roofers,-1.667881,9313,Building construction labourers,1.0,-1.667881,821114,Plumber's Assistant,8.0,-0.208485125
47-3016,Helpers--Roofers,-1.667881,9313,Building construction labourers,1.0,-1.667881,821211,Concreter,8.0,-0.208485125
47-3016,Helpers--Roofers,-1.667881,9313,Building construction labourers,1.0,-1.667881,821311,Fencer,8.0,-0.208485125
47-3016,Helpers--Roofers,-1.667881,9313,Building construction labourers,1.0,-1.667881,821412,Home Improvement Installer,8.0,-0.208485125
47-3016,Helpers--Roofers,-1.667881,9313,Building construction labourers,1.0,-1.667881,821713,Steel Fixer,8.0,-0.208485125
47-3016,Helpers--Roofers,-1.667881,9313,Building construction labourers,1.0,-1.667881,821911,Crane Chaser,8.0,-0.208485125
47-3016,Helpers--Roofers,-1.667881,9313,Building construction labourers,1.0,-1.667881,899914,Electrical or Telecommunications Trades Assistant,8.0,-0.208485125
47-4011,Construction and Building Inspectors,0.0676731,3112,Civil engineering technicians,1.0,0.0676731,312112,Building Associate,5.0,0.01353462
47-4011,Construction and Building Inspectors,0.0676731,3112,Civil engineering technicians,1.0,0.0676731,312113,Building Inspector,5.0,0.01353462
47-4011,Construction and Building Inspectors,0.0676731,3112,Civil engineering technicians,1.0,0.0676731,312114,Construction Estimator,5.0,0.01353462
47-4011,Construction and Building Inspectors,0.0676731,3112,Civil engineering technicians,1.0,0.0676731,312116,Surveying or Spatial Science Technician,5.0,0.01353462
47-4011,Construction and Building Inspectors,0.0676731,3112,Civil engineering technicians,1.0,0.0676731,312212,Civil Engineering Technician,5.0,0.01353462
47-4021,Elevator Installers and Repairers,-0.9278526,7412,Electrical mechanics and fitters,1.0,-0.9278526,321111,Automotive Electrician,3.0,-0.3092842
47-4021,Elevator Installers and Repairers,-0.9278526,7412,Electrical mechanics and fitters,1.0,-0.9278526,341111,Electrician (General),3.0,-0.3092842
47-4021,Elevator Installers and Repairers,-0.9278526,7412,Electrical mechanics and fitters,1.0,-0.9278526,341113,Lift Mechanic,3.0,-0.3092842
47-4031,Fence Erectors,-1.675288,7119,Building frame and related trades workers not elsewhere classified,1.0,-1.675288,821712,Scaffolder,1.0,-1.675288
47-4041,Hazardous Materials Removal Workers,-0.7441202,7119,Building frame and related trades workers not elsewhere classified,1.0,-0.7441202,821712,Scaffolder,1.0,-0.7441202
47-4051,Highway Maintenance Workers,-1.281572,9312,Civil engineering labourers,1.0,-1.281572,821112,"Drainage, Sewerage and Stormwater Labourer",5.0,-0.2563144
47-4051,Highway Maintenance Workers,-1.281572,9312,Civil engineering labourers,1.0,-1.281572,821113,Earthmoving Labourer,5.0,-0.2563144
47-4051,Highway Maintenance Workers,-1.281572,9312,Civil engineering labourers,1.0,-1.281572,821511,Paving and Surfacing Labourer,5.0,-0.2563144
47-4051,Highway Maintenance Workers,-1.281572,9312,Civil engineering labourers,1.0,-1.281572,821611,Railway Track Worker,5.0,-0.2563144
47-4051,Highway Maintenance Workers,-1.281572,9312,Civil engineering labourers,1.0,-1.281572,821915,Surveyor's Assistant,5.0,-0.2563144
47-4061,Rail-Track Laying and Maintenance Equipment Operators,-1.496825,9312,Civil engineering labourers,1.0,-1.496825,821112,"Drainage, Sewerage and Stormwater Labourer",5.0,-0.299365
47-4061,Rail-Track Laying and Maintenance Equipment Operators,-1.496825,9312,Civil engineering labourers,1.0,-1.496825,821113,Earthmoving Labourer,5.0,-0.299365
47-4061,Rail-Track Laying and Maintenance Equipment Operators,-1.496825,9312,Civil engineering labourers,1.0,-1.496825,821511,Paving and Surfacing Labourer,5.0,-0.299365
47-4061,Rail-Track Laying and Maintenance Equipment Operators,-1.496825,9312,Civil engineering labourers,1.0,-1.496825,821611,Railway Track Worker,5.0,-0.299365
47-4061,Rail-Track Laying and Maintenance Equipment Operators,-1.496825,9312,Civil engineering labourers,1.0,-1.496825,821915,Surveyor's Assistant,5.0,-0.299365
47-4071,Septic Tank Servicers and Sewer Pipe Cleaners,-1.260409,9129,Other cleaning workers,1.0,-1.260409,811611,Carpet Cleaner,2.0,-0.6302045
47-4071,Septic Tank Servicers and Sewer Pipe Cleaners,-1.260409,9129,Other cleaning workers,1.0,-1.260409,811699,Cleaners nec,2.0,-0.6302045
47-4091,Segmental Pavers,-0.9494181,7114,"Concrete placers, concrete finishers and related workers",2.0,-0.47470905,332111,Floor Finisher,2.0,-0.237354525
47-4091,Segmental Pavers,-0.9494181,7114,"Concrete placers, concrete finishers and related workers",2.0,-0.47470905,821211,Concreter,2.0,-0.237354525
47-4091,Segmental Pavers,-0.9494181,7113,"Stonemasons, stone cutters, splitters and carvers",2.0,-0.47470905,331112,Stonemason,1.0,-0.47470905
47-4099,"Construction and Related Workers, All Other",-0.8711121,7119,Building frame and related trades workers not elsewhere classified,1.0,-0.8711121,821712,Scaffolder,1.0,-0.8711121
47-5011,"Derrick Operators, Oil and Gas",-1.390568,8113,Well drillers and borers and related workers,1.0,-1.390568,712211,Driller,1.0,-1.390568
47-5012,"Rotary Drill Operators, Oil and Gas",-0.8803922,8113,Well drillers and borers and related workers,1.0,-0.8803922,712211,Driller,1.0,-0.8803922
47-5013,"Service Unit Operators, Oil, Gas, and Mining",-1.068201,8113,Well drillers and borers and related workers,1.0,-1.068201,712211,Driller,1.0,-1.068201
47-5021,"Earth Drillers, Except Oil and Gas",-0.9993442,8111,Miners and quarriers,2.0,-0.4996721,712211,Driller,2.0,-0.24983605
47-5021,"Earth Drillers, Except Oil and Gas",-0.9993442,8111,Miners and quarriers,2.0,-0.4996721,712212,Miner,2.0,-0.24983605
47-5021,"Earth Drillers, Except Oil and Gas",-0.9993442,8113,Well drillers and borers and related workers,2.0,-0.4996721,712211,Driller,1.0,-0.4996721
47-5031,"Explosives Workers, Ordnance Handling Experts, and Blasters",-0.9547396,7542,Shotfirers and blasters,1.0,-0.9547396,712213,Shot Firer,1.0,-0.9547396
47-5041,Continuous Mining Machine Operators,-1.355229,8111,Miners and quarriers,1.0,-1.355229,712211,Driller,2.0,-0.6776145
47-5041,Continuous Mining Machine Operators,-1.355229,8111,Miners and quarriers,1.0,-1.355229,712212,Miner,2.0,-0.6776145
47-5042,Mine Cutting and Channeling Machine Operators,-1.282551,8111,Miners and quarriers,1.0,-1.282551,712211,Driller,2.0,-0.6412755
47-5042,Mine Cutting and Channeling Machine Operators,-1.282551,8111,Miners and quarriers,1.0,-1.282551,712212,Miner,2.0,-0.6412755
47-5051,"Rock Splitters, Quarry",-1.614262,8111,Miners and quarriers,1.0,-1.614262,712211,Driller,2.0,-0.807131
47-5051,"Rock Splitters, Quarry",-1.614262,8111,Miners and quarriers,1.0,-1.614262,712212,Miner,2.0,-0.807131
47-5061,"Roof Bolters, Mining",-1.592865,8111,Miners and quarriers,1.0,-1.592865,712211,Driller,2.0,-0.7964325
47-5061,"Roof Bolters, Mining",-1.592865,8111,Miners and quarriers,1.0,-1.592865,712212,Miner,2.0,-0.7964325
47-5071,"Roustabouts, Oil and Gas",-1.500306,8113,Well drillers and borers and related workers,1.0,-1.500306,712211,Driller,1.0,-1.500306
47-5081,Helpers--Extraction Workers,-1.572339,9311,Mining and quarrying labourers,1.0,-1.572339,821912,Driller's Assistant,2.0,-0.7861695
47-5081,Helpers--Extraction Workers,-1.572339,9311,Mining and quarrying labourers,1.0,-1.572339,821914,Mining Support Worker,2.0,-0.7861695
49-1011,"First-Line Supervisors of Mechanics, Installers, and Repairers",-0.114278,7127,Air conditioning and refrigeration mechanics,11.0,-0.010388909090909091,342111,Airconditioning and Refrigeration Mechanic,1.0,-0.010388909090909091
49-1011,"First-Line Supervisors of Mechanics, Installers, and Repairers",-0.114278,7231,Motor vehicle mechanics and repairers,11.0,-0.010388909090909091,321211,Motor Mechanic (General),8.0,-0.0012986136363636364
49-1011,"First-Line Supervisors of Mechanics, Installers, and Repairers",-0.114278,7231,Motor vehicle mechanics and repairers,11.0,-0.010388909090909091,321212,Diesel Motor Mechanic,8.0,-0.0012986136363636364
49-1011,"First-Line Supervisors of Mechanics, Installers, and Repairers",-0.114278,7231,Motor vehicle mechanics and repairers,11.0,-0.010388909090909091,321213,Motorcycle Mechanic,8.0,-0.0012986136363636364
49-1011,"First-Line Supervisors of Mechanics, Installers, and Repairers",-0.114278,7231,Motor vehicle mechanics and repairers,11.0,-0.010388909090909091,321214,Small Engine Mechanic,8.0,-0.0012986136363636364
49-1011,"First-Line Supervisors of Mechanics, Installers, and Repairers",-0.114278,7231,Motor vehicle mechanics and repairers,11.0,-0.010388909090909091,899411,Motor Vehicle Parts and Accessories Fitter (General),8.0,-0.0012986136363636364
49-1011,"First-Line Supervisors of Mechanics, Installers, and Repairers",-0.114278,7231,Motor vehicle mechanics and repairers,11.0,-0.010388909090909091,899413,Exhaust and Muffler Repairer,8.0,-0.0012986136363636364
49-1011,"First-Line Supervisors of Mechanics, Installers, and Repairers",-0.114278,7231,Motor vehicle mechanics and repairers,11.0,-0.010388909090909091,899414,Radiator Repairer,8.0,-0.0012986136363636364
49-1011,"First-Line Supervisors of Mechanics, Installers, and Repairers",-0.114278,7231,Motor vehicle mechanics and repairers,11.0,-0.010388909090909091,899415,Tyre Fitter,8.0,-0.0012986136363636364
49-1011,"First-Line Supervisors of Mechanics, Installers, and Repairers",-0.114278,7232,Aircraft engine mechanics and repairers,11.0,-0.010388909090909091,323112,Aircraft Maintenance Engineer (Mechanical),1.0,-0.010388909090909091
49-1011,"First-Line Supervisors of Mechanics, Installers, and Repairers",-0.114278,7233,Agricultural and industrial machinery mechanics and repairers,11.0,-0.010388909090909091,323211,Fitter (General),4.0,-0.0025972272727272728
49-1011,"First-Line Supervisors of Mechanics, Installers, and Repairers",-0.114278,7233,Agricultural and industrial machinery mechanics and repairers,11.0,-0.010388909090909091,323215,"Textile, Clothing and Footwear Mechanic",4.0,-0.0025972272727272728
49-1011,"First-Line Supervisors of Mechanics, Installers, and Repairers",-0.114278,7233,Agricultural and industrial machinery mechanics and repairers,11.0,-0.010388909090909091,323299,Metal Fitters and Machinists nec,4.0,-0.0025972272727272728
49-1011,"First-Line Supervisors of Mechanics, Installers, and Repairers",-0.114278,7233,Agricultural and industrial machinery mechanics and repairers,11.0,-0.010388909090909091,399999,Technicians and Trades Workers nec,4.0,-0.0025972272727272728
49-1011,"First-Line Supervisors of Mechanics, Installers, and Repairers",-0.114278,7234,Bicycle and related repairers,11.0,-0.010388909090909091,399999,Technicians and Trades Workers nec,2.0,-0.0051944545454545455
49-1011,"First-Line Supervisors of Mechanics, Installers, and Repairers",-0.114278,7234,Bicycle and related repairers,11.0,-0.010388909090909091,899911,Bicycle Mechanic,2.0,-0.0051944545454545455
49-1011,"First-Line Supervisors of Mechanics, Installers, and Repairers",-0.114278,7311,Precision-instrument makers and repairers,11.0,-0.010388909090909091,323314,Precision Instrument Maker and Repairer,2.0,-0.0051944545454545455
49-1011,"First-Line Supervisors of Mechanics, Installers, and Repairers",-0.114278,7311,Precision-instrument makers and repairers,11.0,-0.010388909090909091,323316,Watch and Clock Maker and Repairer,2.0,-0.0051944545454545455
49-1011,"First-Line Supervisors of Mechanics, Installers, and Repairers",-0.114278,7312,Musical instrument makers and tuners,11.0,-0.010388909090909091,399515,Musical Instrument Maker or Repairer,1.0,-0.010388909090909091
49-1011,"First-Line Supervisors of Mechanics, Installers, and Repairers",-0.114278,7412,Electrical mechanics and fitters,11.0,-0.010388909090909091,321111,Automotive Electrician,3.0,-0.003462969696969697
49-1011,"First-Line Supervisors of Mechanics, Installers, and Repairers",-0.114278,7412,Electrical mechanics and fitters,11.0,-0.010388909090909091,341111,Electrician (General),3.0,-0.003462969696969697
49-1011,"First-Line Supervisors of Mechanics, Installers, and Repairers",-0.114278,7412,Electrical mechanics and fitters,11.0,-0.010388909090909091,341113,Lift Mechanic,3.0,-0.003462969696969697
49-1011,"First-Line Supervisors of Mechanics, Installers, and Repairers",-0.114278,7413,Electrical line installers and repairers ,11.0,-0.010388909090909091,342211,Electrical Linesworker / Electrical Line Mechanic,2.0,-0.0051944545454545455
49-1011,"First-Line Supervisors of Mechanics, Installers, and Repairers",-0.114278,7413,Electrical line installers and repairers ,11.0,-0.010388909090909091,342212,Technical Cable Jointer,2.0,-0.0051944545454545455
49-1011,"First-Line Supervisors of Mechanics, Installers, and Repairers",-0.114278,7421,Electronics mechanics and servicers,11.0,-0.010388909090909091,323111,Aircraft Maintenance Engineer (Avionics),5.0,-0.002077781818181818
49-1011,"First-Line Supervisors of Mechanics, Installers, and Repairers",-0.114278,7421,Electronics mechanics and servicers,11.0,-0.010388909090909091,342311,Business Machine Mechanic,5.0,-0.002077781818181818
49-1011,"First-Line Supervisors of Mechanics, Installers, and Repairers",-0.114278,7421,Electronics mechanics and servicers,11.0,-0.010388909090909091,342313,Electronic Equipment Trades Worker,5.0,-0.002077781818181818
49-1011,"First-Line Supervisors of Mechanics, Installers, and Repairers",-0.114278,7421,Electronics mechanics and servicers,11.0,-0.010388909090909091,342314,Electronic Instrument Trades Worker (General),5.0,-0.002077781818181818
49-1011,"First-Line Supervisors of Mechanics, Installers, and Repairers",-0.114278,7421,Electronics mechanics and servicers,11.0,-0.010388909090909091,342315,Electronic Instrument Trades Worker (Special Class),5.0,-0.002077781818181818
49-1011,"First-Line Supervisors of Mechanics, Installers, and Repairers",-0.114278,7422,Information and communications technology installers and servicers,11.0,-0.010388909090909091,313111,Hardware Technician,6.0,-0.0017314848484848485
49-1011,"First-Line Supervisors of Mechanics, Installers, and Repairers",-0.114278,7422,Information and communications technology installers and servicers,11.0,-0.010388909090909091,313199,ICT Support Technicians nec,6.0,-0.0017314848484848485
49-1011,"First-Line Supervisors of Mechanics, Installers, and Repairers",-0.114278,7422,Information and communications technology installers and servicers,11.0,-0.010388909090909091,342411,Cabler (Data and Telecommunications),6.0,-0.0017314848484848485
49-1011,"First-Line Supervisors of Mechanics, Installers, and Repairers",-0.114278,7422,Information and communications technology installers and servicers,11.0,-0.010388909090909091,342412,Telecommunications Cable Jointer,6.0,-0.0017314848484848485
49-1011,"First-Line Supervisors of Mechanics, Installers, and Repairers",-0.114278,7422,Information and communications technology installers and servicers,11.0,-0.010388909090909091,342413,Telecommunications Linesworker / Telecommunications Line Mechanic,6.0,-0.0017314848484848485
49-1011,"First-Line Supervisors of Mechanics, Installers, and Repairers",-0.114278,7422,Information and communications technology installers and servicers,11.0,-0.010388909090909091,342414,Telecommunications Technician,6.0,-0.0017314848484848485
49-2011,"Computer, Automated Teller, and Office Machine Repairers",-0.4540974,7421,Electronics mechanics and servicers,2.0,-0.2270487,323111,Aircraft Maintenance Engineer (Avionics),5.0,-0.04540974
49-2011,"Computer, Automated Teller, and Office Machine Repairers",-0.4540974,7421,Electronics mechanics and servicers,2.0,-0.2270487,342311,Business Machine Mechanic,5.0,-0.04540974
49-2011,"Computer, Automated Teller, and Office Machine Repairers",-0.4540974,7421,Electronics mechanics and servicers,2.0,-0.2270487,342313,Electronic Equipment Trades Worker,5.0,-0.04540974
49-2011,"Computer, Automated Teller, and Office Machine Repairers",-0.4540974,7421,Electronics mechanics and servicers,2.0,-0.2270487,342314,Electronic Instrument Trades Worker (General),5.0,-0.04540974
49-2011,"Computer, Automated Teller, and Office Machine Repairers",-0.4540974,7421,Electronics mechanics and servicers,2.0,-0.2270487,342315,Electronic Instrument Trades Worker (Special Class),5.0,-0.04540974
49-2011,"Computer, Automated Teller, and Office Machine Repairers",-0.4540974,7422,Information and communications technology installers and servicers,2.0,-0.2270487,313111,Hardware Technician,6.0,-0.03784145
49-2011,"Computer, Automated Teller, and Office Machine Repairers",-0.4540974,7422,Information and communications technology installers and servicers,2.0,-0.2270487,313199,ICT Support Technicians nec,6.0,-0.03784145
49-2011,"Computer, Automated Teller, and Office Machine Repairers",-0.4540974,7422,Information and communications technology installers and servicers,2.0,-0.2270487,342411,Cabler (Data and Telecommunications),6.0,-0.03784145
49-2011,"Computer, Automated Teller, and Office Machine Repairers",-0.4540974,7422,Information and communications technology installers and servicers,2.0,-0.2270487,342412,Telecommunications Cable Jointer,6.0,-0.03784145
49-2011,"Computer, Automated Teller, and Office Machine Repairers",-0.4540974,7422,Information and communications technology installers and servicers,2.0,-0.2270487,342413,Telecommunications Linesworker / Telecommunications Line Mechanic,6.0,-0.03784145
49-2011,"Computer, Automated Teller, and Office Machine Repairers",-0.4540974,7422,Information and communications technology installers and servicers,2.0,-0.2270487,342414,Telecommunications Technician,6.0,-0.03784145
49-2021,"Radio, Cellular, and Tower Equipment Installers and Repairers",-0.7432581,7422,Information and communications technology installers and servicers,1.0,-0.7432581,313111,Hardware Technician,6.0,-0.12387635000000001
49-2021,"Radio, Cellular, and Tower Equipment Installers and Repairers",-0.7432581,7422,Information and communications technology installers and servicers,1.0,-0.7432581,313199,ICT Support Technicians nec,6.0,-0.12387635000000001
49-2021,"Radio, Cellular, and Tower Equipment Installers and Repairers",-0.7432581,7422,Information and communications technology installers and servicers,1.0,-0.7432581,342411,Cabler (Data and Telecommunications),6.0,-0.12387635000000001
49-2021,"Radio, Cellular, and Tower Equipment Installers and Repairers",-0.7432581,7422,Information and communications technology installers and servicers,1.0,-0.7432581,342412,Telecommunications Cable Jointer,6.0,-0.12387635000000001
49-2021,"Radio, Cellular, and Tower Equipment Installers and Repairers",-0.7432581,7422,Information and communications technology installers and servicers,1.0,-0.7432581,342413,Telecommunications Linesworker / Telecommunications Line Mechanic,6.0,-0.12387635000000001
49-2021,"Radio, Cellular, and Tower Equipment Installers and Repairers",-0.7432581,7422,Information and communications technology installers and servicers,1.0,-0.7432581,342414,Telecommunications Technician,6.0,-0.12387635000000001
49-2022,"Telecommunications Equipment Installers and Repairers, Except Line Installers",-0.9385692,7422,Information and communications technology installers and servicers,1.0,-0.9385692,313111,Hardware Technician,6.0,-0.1564282
49-2022,"Telecommunications Equipment Installers and Repairers, Except Line Installers",-0.9385692,7422,Information and communications technology installers and servicers,1.0,-0.9385692,313199,ICT Support Technicians nec,6.0,-0.1564282
49-2022,"Telecommunications Equipment Installers and Repairers, Except Line Installers",-0.9385692,7422,Information and communications technology installers and servicers,1.0,-0.9385692,342411,Cabler (Data and Telecommunications),6.0,-0.1564282
49-2022,"Telecommunications Equipment Installers and Repairers, Except Line Installers",-0.9385692,7422,Information and communications technology installers and servicers,1.0,-0.9385692,342412,Telecommunications Cable Jointer,6.0,-0.1564282
49-2022,"Telecommunications Equipment Installers and Repairers, Except Line Installers",-0.9385692,7422,Information and communications technology installers and servicers,1.0,-0.9385692,342413,Telecommunications Linesworker / Telecommunications Line Mechanic,6.0,-0.1564282
49-2022,"Telecommunications Equipment Installers and Repairers, Except Line Installers",-0.9385692,7422,Information and communications technology installers and servicers,1.0,-0.9385692,342414,Telecommunications Technician,6.0,-0.1564282
49-2091,Avionics Technicians,-0.2635513,7421,Electronics mechanics and servicers,1.0,-0.2635513,323111,Aircraft Maintenance Engineer (Avionics),5.0,-0.052710259999999995
49-2091,Avionics Technicians,-0.2635513,7421,Electronics mechanics and servicers,1.0,-0.2635513,342311,Business Machine Mechanic,5.0,-0.052710259999999995
49-2091,Avionics Technicians,-0.2635513,7421,Electronics mechanics and servicers,1.0,-0.2635513,342313,Electronic Equipment Trades Worker,5.0,-0.052710259999999995
49-2091,Avionics Technicians,-0.2635513,7421,Electronics mechanics and servicers,1.0,-0.2635513,342314,Electronic Instrument Trades Worker (General),5.0,-0.052710259999999995
49-2091,Avionics Technicians,-0.2635513,7421,Electronics mechanics and servicers,1.0,-0.2635513,342315,Electronic Instrument Trades Worker (Special Class),5.0,-0.052710259999999995
49-2092,"Electric Motor, Power Tool, and Related Repairers",-0.9800403,7412,Electrical mechanics and fitters,1.0,-0.9800403,321111,Automotive Electrician,3.0,-0.3266801
49-2092,"Electric Motor, Power Tool, and Related Repairers",-0.9800403,7412,Electrical mechanics and fitters,1.0,-0.9800403,341111,Electrician (General),3.0,-0.3266801
49-2092,"Electric Motor, Power Tool, and Related Repairers",-0.9800403,7412,Electrical mechanics and fitters,1.0,-0.9800403,341113,Lift Mechanic,3.0,-0.3266801
49-2093,"Electrical and Electronics Installers and Repairers, Transportation Equipment",-0.910105,7412,Electrical mechanics and fitters,3.0,-0.30336833333333335,321111,Automotive Electrician,3.0,-0.10112277777777778
49-2093,"Electrical and Electronics Installers and Repairers, Transportation Equipment",-0.910105,7412,Electrical mechanics and fitters,3.0,-0.30336833333333335,341111,Electrician (General),3.0,-0.10112277777777778
49-2093,"Electrical and Electronics Installers and Repairers, Transportation Equipment",-0.910105,7412,Electrical mechanics and fitters,3.0,-0.30336833333333335,341113,Lift Mechanic,3.0,-0.10112277777777778
49-2093,"Electrical and Electronics Installers and Repairers, Transportation Equipment",-0.910105,7421,Electronics mechanics and servicers,3.0,-0.30336833333333335,323111,Aircraft Maintenance Engineer (Avionics),5.0,-0.06067366666666667
49-2093,"Electrical and Electronics Installers and Repairers, Transportation Equipment",-0.910105,7421,Electronics mechanics and servicers,3.0,-0.30336833333333335,342311,Business Machine Mechanic,5.0,-0.06067366666666667
49-2093,"Electrical and Electronics Installers and Repairers, Transportation Equipment",-0.910105,7421,Electronics mechanics and servicers,3.0,-0.30336833333333335,342313,Electronic Equipment Trades Worker,5.0,-0.06067366666666667
49-2093,"Electrical and Electronics Installers and Repairers, Transportation Equipment",-0.910105,7421,Electronics mechanics and servicers,3.0,-0.30336833333333335,342314,Electronic Instrument Trades Worker (General),5.0,-0.06067366666666667
49-2093,"Electrical and Electronics Installers and Repairers, Transportation Equipment",-0.910105,7421,Electronics mechanics and servicers,3.0,-0.30336833333333335,342315,Electronic Instrument Trades Worker (Special Class),5.0,-0.06067366666666667
49-2093,"Electrical and Electronics Installers and Repairers, Transportation Equipment",-0.910105,7422,Information and communications technology installers and servicers,3.0,-0.30336833333333335,313111,Hardware Technician,6.0,-0.05056138888888889
49-2093,"Electrical and Electronics Installers and Repairers, Transportation Equipment",-0.910105,7422,Information and communications technology installers and servicers,3.0,-0.30336833333333335,313199,ICT Support Technicians nec,6.0,-0.05056138888888889
49-2093,"Electrical and Electronics Installers and Repairers, Transportation Equipment",-0.910105,7422,Information and communications technology installers and servicers,3.0,-0.30336833333333335,342411,Cabler (Data and Telecommunications),6.0,-0.05056138888888889
49-2093,"Electrical and Electronics Installers and Repairers, Transportation Equipment",-0.910105,7422,Information and communications technology installers and servicers,3.0,-0.30336833333333335,342412,Telecommunications Cable Jointer,6.0,-0.05056138888888889
49-2093,"Electrical and Electronics Installers and Repairers, Transportation Equipment",-0.910105,7422,Information and communications technology installers and servicers,3.0,-0.30336833333333335,342413,Telecommunications Linesworker / Telecommunications Line Mechanic,6.0,-0.05056138888888889
49-2093,"Electrical and Electronics Installers and Repairers, Transportation Equipment",-0.910105,7422,Information and communications technology installers and servicers,3.0,-0.30336833333333335,342414,Telecommunications Technician,6.0,-0.05056138888888889
49-2094,"Electrical and Electronics Repairers, Commercial and Industrial Equipment",-0.7028455,7412,Electrical mechanics and fitters,2.0,-0.35142275,321111,Automotive Electrician,3.0,-0.11714091666666666
49-2094,"Electrical and Electronics Repairers, Commercial and Industrial Equipment",-0.7028455,7412,Electrical mechanics and fitters,2.0,-0.35142275,341111,Electrician (General),3.0,-0.11714091666666666
49-2094,"Electrical and Electronics Repairers, Commercial and Industrial Equipment",-0.7028455,7412,Electrical mechanics and fitters,2.0,-0.35142275,341113,Lift Mechanic,3.0,-0.11714091666666666
49-2094,"Electrical and Electronics Repairers, Commercial and Industrial Equipment",-0.7028455,7421,Electronics mechanics and servicers,2.0,-0.35142275,323111,Aircraft Maintenance Engineer (Avionics),5.0,-0.07028455
49-2094,"Electrical and Electronics Repairers, Commercial and Industrial Equipment",-0.7028455,7421,Electronics mechanics and servicers,2.0,-0.35142275,342311,Business Machine Mechanic,5.0,-0.07028455
49-2094,"Electrical and Electronics Repairers, Commercial and Industrial Equipment",-0.7028455,7421,Electronics mechanics and servicers,2.0,-0.35142275,342313,Electronic Equipment Trades Worker,5.0,-0.07028455
49-2094,"Electrical and Electronics Repairers, Commercial and Industrial Equipment",-0.7028455,7421,Electronics mechanics and servicers,2.0,-0.35142275,342314,Electronic Instrument Trades Worker (General),5.0,-0.07028455
49-2094,"Electrical and Electronics Repairers, Commercial and Industrial Equipment",-0.7028455,7421,Electronics mechanics and servicers,2.0,-0.35142275,342315,Electronic Instrument Trades Worker (Special Class),5.0,-0.07028455
49-2095,"Electrical and Electronics Repairers, Powerhouse, Substation, and Relay",-0.6720283,7412,Electrical mechanics and fitters,2.0,-0.33601415,321111,Automotive Electrician,3.0,-0.11200471666666667
49-2095,"Electrical and Electronics Repairers, Powerhouse, Substation, and Relay",-0.6720283,7412,Electrical mechanics and fitters,2.0,-0.33601415,341111,Electrician (General),3.0,-0.11200471666666667
49-2095,"Electrical and Electronics Repairers, Powerhouse, Substation, and Relay",-0.6720283,7412,Electrical mechanics and fitters,2.0,-0.33601415,341113,Lift Mechanic,3.0,-0.11200471666666667
49-2095,"Electrical and Electronics Repairers, Powerhouse, Substation, and Relay",-0.6720283,7421,Electronics mechanics and servicers,2.0,-0.33601415,323111,Aircraft Maintenance Engineer (Avionics),5.0,-0.06720283
49-2095,"Electrical and Electronics Repairers, Powerhouse, Substation, and Relay",-0.6720283,7421,Electronics mechanics and servicers,2.0,-0.33601415,342311,Business Machine Mechanic,5.0,-0.06720283
49-2095,"Electrical and Electronics Repairers, Powerhouse, Substation, and Relay",-0.6720283,7421,Electronics mechanics and servicers,2.0,-0.33601415,342313,Electronic Equipment Trades Worker,5.0,-0.06720283
49-2095,"Electrical and Electronics Repairers, Powerhouse, Substation, and Relay",-0.6720283,7421,Electronics mechanics and servicers,2.0,-0.33601415,342314,Electronic Instrument Trades Worker (General),5.0,-0.06720283
49-2095,"Electrical and Electronics Repairers, Powerhouse, Substation, and Relay",-0.6720283,7421,Electronics mechanics and servicers,2.0,-0.33601415,342315,Electronic Instrument Trades Worker (Special Class),5.0,-0.06720283
49-2096,"Electronic Equipment Installers and Repairers, Motor Vehicles",-0.8695781,7412,Electrical mechanics and fitters,2.0,-0.43478905,321111,Automotive Electrician,3.0,-0.14492968333333334
49-2096,"Electronic Equipment Installers and Repairers, Motor Vehicles",-0.8695781,7412,Electrical mechanics and fitters,2.0,-0.43478905,341111,Electrician (General),3.0,-0.14492968333333334
49-2096,"Electronic Equipment Installers and Repairers, Motor Vehicles",-0.8695781,7412,Electrical mechanics and fitters,2.0,-0.43478905,341113,Lift Mechanic,3.0,-0.14492968333333334
49-2096,"Electronic Equipment Installers and Repairers, Motor Vehicles",-0.8695781,7421,Electronics mechanics and servicers,2.0,-0.43478905,323111,Aircraft Maintenance Engineer (Avionics),5.0,-0.08695781
49-2096,"Electronic Equipment Installers and Repairers, Motor Vehicles",-0.8695781,7421,Electronics mechanics and servicers,2.0,-0.43478905,342311,Business Machine Mechanic,5.0,-0.08695781
49-2096,"Electronic Equipment Installers and Repairers, Motor Vehicles",-0.8695781,7421,Electronics mechanics and servicers,2.0,-0.43478905,342313,Electronic Equipment Trades Worker,5.0,-0.08695781
49-2096,"Electronic Equipment Installers and Repairers, Motor Vehicles",-0.8695781,7421,Electronics mechanics and servicers,2.0,-0.43478905,342314,Electronic Instrument Trades Worker (General),5.0,-0.08695781
49-2096,"Electronic Equipment Installers and Repairers, Motor Vehicles",-0.8695781,7421,Electronics mechanics and servicers,2.0,-0.43478905,342315,Electronic Instrument Trades Worker (Special Class),5.0,-0.08695781
49-2097,Electronic Home Entertainment Equipment Installers and Repairers,-0.7303536,7422,Information and communications technology installers and servicers,1.0,-0.7303536,313111,Hardware Technician,6.0,-0.1217256
49-2097,Electronic Home Entertainment Equipment Installers and Repairers,-0.7303536,7422,Information and communications technology installers and servicers,1.0,-0.7303536,313199,ICT Support Technicians nec,6.0,-0.1217256
49-2097,Electronic Home Entertainment Equipment Installers and Repairers,-0.7303536,7422,Information and communications technology installers and servicers,1.0,-0.7303536,342411,Cabler (Data and Telecommunications),6.0,-0.1217256
49-2097,Electronic Home Entertainment Equipment Installers and Repairers,-0.7303536,7422,Information and communications technology installers and servicers,1.0,-0.7303536,342412,Telecommunications Cable Jointer,6.0,-0.1217256
49-2097,Electronic Home Entertainment Equipment Installers and Repairers,-0.7303536,7422,Information and communications technology installers and servicers,1.0,-0.7303536,342413,Telecommunications Linesworker / Telecommunications Line Mechanic,6.0,-0.1217256
49-2097,Electronic Home Entertainment Equipment Installers and Repairers,-0.7303536,7422,Information and communications technology installers and servicers,1.0,-0.7303536,342414,Telecommunications Technician,6.0,-0.1217256
49-2098,Security and Fire Alarm Systems Installers,-0.6848876,7412,Electrical mechanics and fitters,1.0,-0.6848876,321111,Automotive Electrician,3.0,-0.22829586666666668
49-2098,Security and Fire Alarm Systems Installers,-0.6848876,7412,Electrical mechanics and fitters,1.0,-0.6848876,341111,Electrician (General),3.0,-0.22829586666666668
49-2098,Security and Fire Alarm Systems Installers,-0.6848876,7412,Electrical mechanics and fitters,1.0,-0.6848876,341113,Lift Mechanic,3.0,-0.22829586666666668
49-3011,Aircraft Mechanics and Service Technicians,-0.8144518,7232,Aircraft engine mechanics and repairers,1.0,-0.8144518,323112,Aircraft Maintenance Engineer (Mechanical),1.0,-0.8144518
49-3021,Automotive Body and Related Repairers,-1.199119,7231,Motor vehicle mechanics and repairers,1.0,-1.199119,321211,Motor Mechanic (General),8.0,-0.149889875
49-3021,Automotive Body and Related Repairers,-1.199119,7231,Motor vehicle mechanics and repairers,1.0,-1.199119,321212,Diesel Motor Mechanic,8.0,-0.149889875
49-3021,Automotive Body and Related Repairers,-1.199119,7231,Motor vehicle mechanics and repairers,1.0,-1.199119,321213,Motorcycle Mechanic,8.0,-0.149889875
49-3021,Automotive Body and Related Repairers,-1.199119,7231,Motor vehicle mechanics and repairers,1.0,-1.199119,321214,Small Engine Mechanic,8.0,-0.149889875
49-3021,Automotive Body and Related Repairers,-1.199119,7231,Motor vehicle mechanics and repairers,1.0,-1.199119,899411,Motor Vehicle Parts and Accessories Fitter (General),8.0,-0.149889875
49-3021,Automotive Body and Related Repairers,-1.199119,7231,Motor vehicle mechanics and repairers,1.0,-1.199119,899413,Exhaust and Muffler Repairer,8.0,-0.149889875
49-3021,Automotive Body and Related Repairers,-1.199119,7231,Motor vehicle mechanics and repairers,1.0,-1.199119,899414,Radiator Repairer,8.0,-0.149889875
49-3021,Automotive Body and Related Repairers,-1.199119,7231,Motor vehicle mechanics and repairers,1.0,-1.199119,899415,Tyre Fitter,8.0,-0.149889875
49-3022,Automotive Glass Installers and Repairers,-1.234898,7231,Motor vehicle mechanics and repairers,1.0,-1.234898,321211,Motor Mechanic (General),8.0,-0.15436225
49-3022,Automotive Glass Installers and Repairers,-1.234898,7231,Motor vehicle mechanics and repairers,1.0,-1.234898,321212,Diesel Motor Mechanic,8.0,-0.15436225
49-3022,Automotive Glass Installers and Repairers,-1.234898,7231,Motor vehicle mechanics and repairers,1.0,-1.234898,321213,Motorcycle Mechanic,8.0,-0.15436225
49-3022,Automotive Glass Installers and Repairers,-1.234898,7231,Motor vehicle mechanics and repairers,1.0,-1.234898,321214,Small Engine Mechanic,8.0,-0.15436225
49-3022,Automotive Glass Installers and Repairers,-1.234898,7231,Motor vehicle mechanics and repairers,1.0,-1.234898,899411,Motor Vehicle Parts and Accessories Fitter (General),8.0,-0.15436225
49-3022,Automotive Glass Installers and Repairers,-1.234898,7231,Motor vehicle mechanics and repairers,1.0,-1.234898,899413,Exhaust and Muffler Repairer,8.0,-0.15436225
49-3022,Automotive Glass Installers and Repairers,-1.234898,7231,Motor vehicle mechanics and repairers,1.0,-1.234898,899414,Radiator Repairer,8.0,-0.15436225
49-3022,Automotive Glass Installers and Repairers,-1.234898,7231,Motor vehicle mechanics and repairers,1.0,-1.234898,899415,Tyre Fitter,8.0,-0.15436225
49-3023,Automotive Service Technicians and Mechanics,-1.031144,7231,Motor vehicle mechanics and repairers,1.0,-1.031144,321211,Motor Mechanic (General),8.0,-0.128893
49-3023,Automotive Service Technicians and Mechanics,-1.031144,7231,Motor vehicle mechanics and repairers,1.0,-1.031144,321212,Diesel Motor Mechanic,8.0,-0.128893
49-3023,Automotive Service Technicians and Mechanics,-1.031144,7231,Motor vehicle mechanics and repairers,1.0,-1.031144,321213,Motorcycle Mechanic,8.0,-0.128893
49-3023,Automotive Service Technicians and Mechanics,-1.031144,7231,Motor vehicle mechanics and repairers,1.0,-1.031144,321214,Small Engine Mechanic,8.0,-0.128893
49-3023,Automotive Service Technicians and Mechanics,-1.031144,7231,Motor vehicle mechanics and repairers,1.0,-1.031144,899411,Motor Vehicle Parts and Accessories Fitter (General),8.0,-0.128893
49-3023,Automotive Service Technicians and Mechanics,-1.031144,7231,Motor vehicle mechanics and repairers,1.0,-1.031144,899413,Exhaust and Muffler Repairer,8.0,-0.128893
49-3023,Automotive Service Technicians and Mechanics,-1.031144,7231,Motor vehicle mechanics and repairers,1.0,-1.031144,899414,Radiator Repairer,8.0,-0.128893
49-3023,Automotive Service Technicians and Mechanics,-1.031144,7231,Motor vehicle mechanics and repairers,1.0,-1.031144,899415,Tyre Fitter,8.0,-0.128893
49-3031,Bus and Truck Mechanics and Diesel Engine Specialists,-1.058387,7231,Motor vehicle mechanics and repairers,1.0,-1.058387,321211,Motor Mechanic (General),8.0,-0.132298375
49-3031,Bus and Truck Mechanics and Diesel Engine Specialists,-1.058387,7231,Motor vehicle mechanics and repairers,1.0,-1.058387,321212,Diesel Motor Mechanic,8.0,-0.132298375
49-3031,Bus and Truck Mechanics and Diesel Engine Specialists,-1.058387,7231,Motor vehicle mechanics and repairers,1.0,-1.058387,321213,Motorcycle Mechanic,8.0,-0.132298375
49-3031,Bus and Truck Mechanics and Diesel Engine Specialists,-1.058387,7231,Motor vehicle mechanics and repairers,1.0,-1.058387,321214,Small Engine Mechanic,8.0,-0.132298375
49-3031,Bus and Truck Mechanics and Diesel Engine Specialists,-1.058387,7231,Motor vehicle mechanics and repairers,1.0,-1.058387,899411,Motor Vehicle Parts and Accessories Fitter (General),8.0,-0.132298375
49-3031,Bus and Truck Mechanics and Diesel Engine Specialists,-1.058387,7231,Motor vehicle mechanics and repairers,1.0,-1.058387,899413,Exhaust and Muffler Repairer,8.0,-0.132298375
49-3031,Bus and Truck Mechanics and Diesel Engine Specialists,-1.058387,7231,Motor vehicle mechanics and repairers,1.0,-1.058387,899414,Radiator Repairer,8.0,-0.132298375
49-3031,Bus and Truck Mechanics and Diesel Engine Specialists,-1.058387,7231,Motor vehicle mechanics and repairers,1.0,-1.058387,899415,Tyre Fitter,8.0,-0.132298375
49-3041,Farm Equipment Mechanics and Service Technicians,-1.238646,7233,Agricultural and industrial machinery mechanics and repairers,1.0,-1.238646,323211,Fitter (General),4.0,-0.3096615
49-3041,Farm Equipment Mechanics and Service Technicians,-1.238646,7233,Agricultural and industrial machinery mechanics and repairers,1.0,-1.238646,323215,"Textile, Clothing and Footwear Mechanic",4.0,-0.3096615
49-3041,Farm Equipment Mechanics and Service Technicians,-1.238646,7233,Agricultural and industrial machinery mechanics and repairers,1.0,-1.238646,323299,Metal Fitters and Machinists nec,4.0,-0.3096615
49-3041,Farm Equipment Mechanics and Service Technicians,-1.238646,7233,Agricultural and industrial machinery mechanics and repairers,1.0,-1.238646,399999,Technicians and Trades Workers nec,4.0,-0.3096615
49-3042,"Mobile Heavy Equipment Mechanics, Except Engines",-1.258737,7233,Agricultural and industrial machinery mechanics and repairers,1.0,-1.258737,323211,Fitter (General),4.0,-0.31468425
49-3042,"Mobile Heavy Equipment Mechanics, Except Engines",-1.258737,7233,Agricultural and industrial machinery mechanics and repairers,1.0,-1.258737,323215,"Textile, Clothing and Footwear Mechanic",4.0,-0.31468425
49-3042,"Mobile Heavy Equipment Mechanics, Except Engines",-1.258737,7233,Agricultural and industrial machinery mechanics and repairers,1.0,-1.258737,323299,Metal Fitters and Machinists nec,4.0,-0.31468425
49-3042,"Mobile Heavy Equipment Mechanics, Except Engines",-1.258737,7233,Agricultural and industrial machinery mechanics and repairers,1.0,-1.258737,399999,Technicians and Trades Workers nec,4.0,-0.31468425
49-3043,Rail Car Repairers,-1.48498,7233,Agricultural and industrial machinery mechanics and repairers,1.0,-1.48498,323211,Fitter (General),4.0,-0.371245
49-3043,Rail Car Repairers,-1.48498,7233,Agricultural and industrial machinery mechanics and repairers,1.0,-1.48498,323215,"Textile, Clothing and Footwear Mechanic",4.0,-0.371245
49-3043,Rail Car Repairers,-1.48498,7233,Agricultural and industrial machinery mechanics and repairers,1.0,-1.48498,323299,Metal Fitters and Machinists nec,4.0,-0.371245
49-3043,Rail Car Repairers,-1.48498,7233,Agricultural and industrial machinery mechanics and repairers,1.0,-1.48498,399999,Technicians and Trades Workers nec,4.0,-0.371245
49-3051,Motorboat Mechanics and Service Technicians,-0.9378443,7231,Motor vehicle mechanics and repairers,1.0,-0.9378443,321211,Motor Mechanic (General),8.0,-0.1172305375
49-3051,Motorboat Mechanics and Service Technicians,-0.9378443,7231,Motor vehicle mechanics and repairers,1.0,-0.9378443,321212,Diesel Motor Mechanic,8.0,-0.1172305375
49-3051,Motorboat Mechanics and Service Technicians,-0.9378443,7231,Motor vehicle mechanics and repairers,1.0,-0.9378443,321213,Motorcycle Mechanic,8.0,-0.1172305375
49-3051,Motorboat Mechanics and Service Technicians,-0.9378443,7231,Motor vehicle mechanics and repairers,1.0,-0.9378443,321214,Small Engine Mechanic,8.0,-0.1172305375
49-3051,Motorboat Mechanics and Service Technicians,-0.9378443,7231,Motor vehicle mechanics and repairers,1.0,-0.9378443,899411,Motor Vehicle Parts and Accessories Fitter (General),8.0,-0.1172305375
49-3051,Motorboat Mechanics and Service Technicians,-0.9378443,7231,Motor vehicle mechanics and repairers,1.0,-0.9378443,899413,Exhaust and Muffler Repairer,8.0,-0.1172305375
49-3051,Motorboat Mechanics and Service Technicians,-0.9378443,7231,Motor vehicle mechanics and repairers,1.0,-0.9378443,899414,Radiator Repairer,8.0,-0.1172305375
49-3051,Motorboat Mechanics and Service Technicians,-0.9378443,7231,Motor vehicle mechanics and repairers,1.0,-0.9378443,899415,Tyre Fitter,8.0,-0.1172305375
49-3052,Motorcycle Mechanics,-0.6656164,7231,Motor vehicle mechanics and repairers,1.0,-0.6656164,321211,Motor Mechanic (General),8.0,-0.08320205
49-3052,Motorcycle Mechanics,-0.6656164,7231,Motor vehicle mechanics and repairers,1.0,-0.6656164,321212,Diesel Motor Mechanic,8.0,-0.08320205
49-3052,Motorcycle Mechanics,-0.6656164,7231,Motor vehicle mechanics and repairers,1.0,-0.6656164,321213,Motorcycle Mechanic,8.0,-0.08320205
49-3052,Motorcycle Mechanics,-0.6656164,7231,Motor vehicle mechanics and repairers,1.0,-0.6656164,321214,Small Engine Mechanic,8.0,-0.08320205
49-3052,Motorcycle Mechanics,-0.6656164,7231,Motor vehicle mechanics and repairers,1.0,-0.6656164,899411,Motor Vehicle Parts and Accessories Fitter (General),8.0,-0.08320205
49-3052,Motorcycle Mechanics,-0.6656164,7231,Motor vehicle mechanics and repairers,1.0,-0.6656164,899413,Exhaust and Muffler Repairer,8.0,-0.08320205
49-3052,Motorcycle Mechanics,-0.6656164,7231,Motor vehicle mechanics and repairers,1.0,-0.6656164,899414,Radiator Repairer,8.0,-0.08320205
49-3052,Motorcycle Mechanics,-0.6656164,7231,Motor vehicle mechanics and repairers,1.0,-0.6656164,899415,Tyre Fitter,8.0,-0.08320205
49-3053,Outdoor Power Equipment and Other Small Engine Mechanics,-0.9614864,7412,Electrical mechanics and fitters,2.0,-0.4807432,321111,Automotive Electrician,3.0,-0.16024773333333334
49-3053,Outdoor Power Equipment and Other Small Engine Mechanics,-0.9614864,7412,Electrical mechanics and fitters,2.0,-0.4807432,341111,Electrician (General),3.0,-0.16024773333333334
49-3053,Outdoor Power Equipment and Other Small Engine Mechanics,-0.9614864,7412,Electrical mechanics and fitters,2.0,-0.4807432,341113,Lift Mechanic,3.0,-0.16024773333333334
49-3053,Outdoor Power Equipment and Other Small Engine Mechanics,-0.9614864,7231,Motor vehicle mechanics and repairers,2.0,-0.4807432,321211,Motor Mechanic (General),8.0,-0.0600929
49-3053,Outdoor Power Equipment and Other Small Engine Mechanics,-0.9614864,7231,Motor vehicle mechanics and repairers,2.0,-0.4807432,321212,Diesel Motor Mechanic,8.0,-0.0600929
49-3053,Outdoor Power Equipment and Other Small Engine Mechanics,-0.9614864,7231,Motor vehicle mechanics and repairers,2.0,-0.4807432,321213,Motorcycle Mechanic,8.0,-0.0600929
49-3053,Outdoor Power Equipment and Other Small Engine Mechanics,-0.9614864,7231,Motor vehicle mechanics and repairers,2.0,-0.4807432,321214,Small Engine Mechanic,8.0,-0.0600929
49-3053,Outdoor Power Equipment and Other Small Engine Mechanics,-0.9614864,7231,Motor vehicle mechanics and repairers,2.0,-0.4807432,899411,Motor Vehicle Parts and Accessories Fitter (General),8.0,-0.0600929
49-3053,Outdoor Power Equipment and Other Small Engine Mechanics,-0.9614864,7231,Motor vehicle mechanics and repairers,2.0,-0.4807432,899413,Exhaust and Muffler Repairer,8.0,-0.0600929
49-3053,Outdoor Power Equipment and Other Small Engine Mechanics,-0.9614864,7231,Motor vehicle mechanics and repairers,2.0,-0.4807432,899414,Radiator Repairer,8.0,-0.0600929
49-3053,Outdoor Power Equipment and Other Small Engine Mechanics,-0.9614864,7231,Motor vehicle mechanics and repairers,2.0,-0.4807432,899415,Tyre Fitter,8.0,-0.0600929
49-3091,Bicycle Repairers,-0.8226086,7234,Bicycle and related repairers,1.0,-0.8226086,399999,Technicians and Trades Workers nec,2.0,-0.4113043
49-3091,Bicycle Repairers,-0.8226086,7234,Bicycle and related repairers,1.0,-0.8226086,899911,Bicycle Mechanic,2.0,-0.4113043
49-3092,Recreational Vehicle Service Technicians,-0.8694882,7231,Motor vehicle mechanics and repairers,1.0,-0.8694882,321211,Motor Mechanic (General),8.0,-0.108686025
49-3092,Recreational Vehicle Service Technicians,-0.8694882,7231,Motor vehicle mechanics and repairers,1.0,-0.8694882,321212,Diesel Motor Mechanic,8.0,-0.108686025
49-3092,Recreational Vehicle Service Technicians,-0.8694882,7231,Motor vehicle mechanics and repairers,1.0,-0.8694882,321213,Motorcycle Mechanic,8.0,-0.108686025
49-3092,Recreational Vehicle Service Technicians,-0.8694882,7231,Motor vehicle mechanics and repairers,1.0,-0.8694882,321214,Small Engine Mechanic,8.0,-0.108686025
49-3092,Recreational Vehicle Service Technicians,-0.8694882,7231,Motor vehicle mechanics and repairers,1.0,-0.8694882,899411,Motor Vehicle Parts and Accessories Fitter (General),8.0,-0.108686025
49-3092,Recreational Vehicle Service Technicians,-0.8694882,7231,Motor vehicle mechanics and repairers,1.0,-0.8694882,899413,Exhaust and Muffler Repairer,8.0,-0.108686025
49-3092,Recreational Vehicle Service Technicians,-0.8694882,7231,Motor vehicle mechanics and repairers,1.0,-0.8694882,899414,Radiator Repairer,8.0,-0.108686025
49-3092,Recreational Vehicle Service Technicians,-0.8694882,7231,Motor vehicle mechanics and repairers,1.0,-0.8694882,899415,Tyre Fitter,8.0,-0.108686025
49-3093,Tire Repairers and Changers,-1.422963,7231,Motor vehicle mechanics and repairers,1.0,-1.422963,321211,Motor Mechanic (General),8.0,-0.177870375
49-3093,Tire Repairers and Changers,-1.422963,7231,Motor vehicle mechanics and repairers,1.0,-1.422963,321212,Diesel Motor Mechanic,8.0,-0.177870375
49-3093,Tire Repairers and Changers,-1.422963,7231,Motor vehicle mechanics and repairers,1.0,-1.422963,321213,Motorcycle Mechanic,8.0,-0.177870375
49-3093,Tire Repairers and Changers,-1.422963,7231,Motor vehicle mechanics and repairers,1.0,-1.422963,321214,Small Engine Mechanic,8.0,-0.177870375
49-3093,Tire Repairers and Changers,-1.422963,7231,Motor vehicle mechanics and repairers,1.0,-1.422963,899411,Motor Vehicle Parts and Accessories Fitter (General),8.0,-0.177870375
49-3093,Tire Repairers and Changers,-1.422963,7231,Motor vehicle mechanics and repairers,1.0,-1.422963,899413,Exhaust and Muffler Repairer,8.0,-0.177870375
49-3093,Tire Repairers and Changers,-1.422963,7231,Motor vehicle mechanics and repairers,1.0,-1.422963,899414,Radiator Repairer,8.0,-0.177870375
49-3093,Tire Repairers and Changers,-1.422963,7231,Motor vehicle mechanics and repairers,1.0,-1.422963,899415,Tyre Fitter,8.0,-0.177870375
49-9011,Mechanical Door Repairers,-1.281903,7412,Electrical mechanics and fitters,1.0,-1.281903,321111,Automotive Electrician,3.0,-0.427301
49-9011,Mechanical Door Repairers,-1.281903,7412,Electrical mechanics and fitters,1.0,-1.281903,341111,Electrician (General),3.0,-0.427301
49-9011,Mechanical Door Repairers,-1.281903,7412,Electrical mechanics and fitters,1.0,-1.281903,341113,Lift Mechanic,3.0,-0.427301
49-9012,"Control and Valve Installers and Repairers, Except Mechanical Door",-0.7805839,7412,Electrical mechanics and fitters,1.0,-0.7805839,321111,Automotive Electrician,3.0,-0.2601946333333333
49-9012,"Control and Valve Installers and Repairers, Except Mechanical Door",-0.7805839,7412,Electrical mechanics and fitters,1.0,-0.7805839,341111,Electrician (General),3.0,-0.2601946333333333
49-9012,"Control and Valve Installers and Repairers, Except Mechanical Door",-0.7805839,7412,Electrical mechanics and fitters,1.0,-0.7805839,341113,Lift Mechanic,3.0,-0.2601946333333333
49-9021,"Heating, Air Conditioning, and Refrigeration Mechanics and Installers",-0.8960592,7127,Air conditioning and refrigeration mechanics,1.0,-0.8960592,342111,Airconditioning and Refrigeration Mechanic,1.0,-0.8960592
49-9031,Home Appliance Repairers,-0.9281666,7412,Electrical mechanics and fitters,1.0,-0.9281666,321111,Automotive Electrician,3.0,-0.30938886666666665
49-9031,Home Appliance Repairers,-0.9281666,7412,Electrical mechanics and fitters,1.0,-0.9281666,341111,Electrician (General),3.0,-0.30938886666666665
49-9031,Home Appliance Repairers,-0.9281666,7412,Electrical mechanics and fitters,1.0,-0.9281666,341113,Lift Mechanic,3.0,-0.30938886666666665
49-9041,Industrial Machinery Mechanics,-1.217021,7233,Agricultural and industrial machinery mechanics and repairers,1.0,-1.217021,323211,Fitter (General),4.0,-0.30425525
49-9041,Industrial Machinery Mechanics,-1.217021,7233,Agricultural and industrial machinery mechanics and repairers,1.0,-1.217021,323215,"Textile, Clothing and Footwear Mechanic",4.0,-0.30425525
49-9041,Industrial Machinery Mechanics,-1.217021,7233,Agricultural and industrial machinery mechanics and repairers,1.0,-1.217021,323299,Metal Fitters and Machinists nec,4.0,-0.30425525
49-9041,Industrial Machinery Mechanics,-1.217021,7233,Agricultural and industrial machinery mechanics and repairers,1.0,-1.217021,399999,Technicians and Trades Workers nec,4.0,-0.30425525
49-9043,"Maintenance Workers, Machinery",-1.015195,7233,Agricultural and industrial machinery mechanics and repairers,1.0,-1.015195,323211,Fitter (General),4.0,-0.25379875
49-9043,"Maintenance Workers, Machinery",-1.015195,7233,Agricultural and industrial machinery mechanics and repairers,1.0,-1.015195,323215,"Textile, Clothing and Footwear Mechanic",4.0,-0.25379875
49-9043,"Maintenance Workers, Machinery",-1.015195,7233,Agricultural and industrial machinery mechanics and repairers,1.0,-1.015195,323299,Metal Fitters and Machinists nec,4.0,-0.25379875
49-9043,"Maintenance Workers, Machinery",-1.015195,7233,Agricultural and industrial machinery mechanics and repairers,1.0,-1.015195,399999,Technicians and Trades Workers nec,4.0,-0.25379875
49-9044,Millwrights,-1.283911,7233,Agricultural and industrial machinery mechanics and repairers,1.0,-1.283911,323211,Fitter (General),4.0,-0.32097775
49-9044,Millwrights,-1.283911,7233,Agricultural and industrial machinery mechanics and repairers,1.0,-1.283911,323215,"Textile, Clothing and Footwear Mechanic",4.0,-0.32097775
49-9044,Millwrights,-1.283911,7233,Agricultural and industrial machinery mechanics and repairers,1.0,-1.283911,323299,Metal Fitters and Machinists nec,4.0,-0.32097775
49-9044,Millwrights,-1.283911,7233,Agricultural and industrial machinery mechanics and repairers,1.0,-1.283911,399999,Technicians and Trades Workers nec,4.0,-0.32097775
49-9045,"Refractory Materials Repairers, Except Brickmasons",-1.208758,7112,Bricklayers and related workers,2.0,-0.604379,331111,Bricklayer,1.0,-0.604379
49-9045,"Refractory Materials Repairers, Except Brickmasons",-1.208758,7233,Agricultural and industrial machinery mechanics and repairers,2.0,-0.604379,323211,Fitter (General),4.0,-0.15109475
49-9045,"Refractory Materials Repairers, Except Brickmasons",-1.208758,7233,Agricultural and industrial machinery mechanics and repairers,2.0,-0.604379,323215,"Textile, Clothing and Footwear Mechanic",4.0,-0.15109475
49-9045,"Refractory Materials Repairers, Except Brickmasons",-1.208758,7233,Agricultural and industrial machinery mechanics and repairers,2.0,-0.604379,323299,Metal Fitters and Machinists nec,4.0,-0.15109475
49-9045,"Refractory Materials Repairers, Except Brickmasons",-1.208758,7233,Agricultural and industrial machinery mechanics and repairers,2.0,-0.604379,399999,Technicians and Trades Workers nec,4.0,-0.15109475
49-9051,Electrical Power-Line Installers and Repairers,-1.118984,7413,Electrical line installers and repairers ,1.0,-1.118984,342211,Electrical Linesworker / Electrical Line Mechanic,2.0,-0.559492
49-9051,Electrical Power-Line Installers and Repairers,-1.118984,7413,Electrical line installers and repairers ,1.0,-1.118984,342212,Technical Cable Jointer,2.0,-0.559492
49-9052,Telecommunications Line Installers and Repairers,-1.054143,7422,Information and communications technology installers and servicers,1.0,-1.054143,313111,Hardware Technician,6.0,-0.1756905
49-9052,Telecommunications Line Installers and Repairers,-1.054143,7422,Information and communications technology installers and servicers,1.0,-1.054143,313199,ICT Support Technicians nec,6.0,-0.1756905
49-9052,Telecommunications Line Installers and Repairers,-1.054143,7422,Information and communications technology installers and servicers,1.0,-1.054143,342411,Cabler (Data and Telecommunications),6.0,-0.1756905
49-9052,Telecommunications Line Installers and Repairers,-1.054143,7422,Information and communications technology installers and servicers,1.0,-1.054143,342412,Telecommunications Cable Jointer,6.0,-0.1756905
49-9052,Telecommunications Line Installers and Repairers,-1.054143,7422,Information and communications technology installers and servicers,1.0,-1.054143,342413,Telecommunications Linesworker / Telecommunications Line Mechanic,6.0,-0.1756905
49-9052,Telecommunications Line Installers and Repairers,-1.054143,7422,Information and communications technology installers and servicers,1.0,-1.054143,342414,Telecommunications Technician,6.0,-0.1756905
49-9061,Camera and Photographic Equipment Repairers,-0.35977,7311,Precision-instrument makers and repairers,1.0,-0.35977,323314,Precision Instrument Maker and Repairer,2.0,-0.179885
49-9061,Camera and Photographic Equipment Repairers,-0.35977,7311,Precision-instrument makers and repairers,1.0,-0.35977,323316,Watch and Clock Maker and Repairer,2.0,-0.179885
49-9062,Medical Equipment Repairers,-0.5367757,7311,Precision-instrument makers and repairers,1.0,-0.5367757,323314,Precision Instrument Maker and Repairer,2.0,-0.26838785
49-9062,Medical Equipment Repairers,-0.5367757,7311,Precision-instrument makers and repairers,1.0,-0.5367757,323316,Watch and Clock Maker and Repairer,2.0,-0.26838785
49-9063,Musical Instrument Repairers and Tuners,-0.5843092,7312,Musical instrument makers and tuners,1.0,-0.5843092,399515,Musical Instrument Maker or Repairer,1.0,-0.5843092
49-9064,Watch Repairers,-0.6192911,7311,Precision-instrument makers and repairers,1.0,-0.6192911,323314,Precision Instrument Maker and Repairer,2.0,-0.30964555
49-9064,Watch Repairers,-0.6192911,7311,Precision-instrument makers and repairers,1.0,-0.6192911,323316,Watch and Clock Maker and Repairer,2.0,-0.30964555
49-9071,"Maintenance and Repair Workers, General",-1.06955,9622,Odd job persons,1.0,-1.06955,899311,Handyperson,1.0,-1.06955
49-9081,Wind Turbine Service Technicians,-0.9838256,7233,Agricultural and industrial machinery mechanics and repairers,1.0,-0.9838256,323211,Fitter (General),4.0,-0.2459564
49-9081,Wind Turbine Service Technicians,-0.9838256,7233,Agricultural and industrial machinery mechanics and repairers,1.0,-0.9838256,323215,"Textile, Clothing and Footwear Mechanic",4.0,-0.2459564
49-9081,Wind Turbine Service Technicians,-0.9838256,7233,Agricultural and industrial machinery mechanics and repairers,1.0,-0.9838256,323299,Metal Fitters and Machinists nec,4.0,-0.2459564
49-9081,Wind Turbine Service Technicians,-0.9838256,7233,Agricultural and industrial machinery mechanics and repairers,1.0,-0.9838256,399999,Technicians and Trades Workers nec,4.0,-0.2459564
49-9091,"Coin, Vending, and Amusement Machine Servicers and Repairers",-0.8515025,9623,Meter readers and vending-machine collectors,1.0,-0.8515025,561912,Meter Reader,2.0,-0.42575125
49-9091,"Coin, Vending, and Amusement Machine Servicers and Repairers",-0.8515025,9623,Meter readers and vending-machine collectors,1.0,-0.8515025,899711,Vending Machine Attendant,2.0,-0.42575125
49-9092,Commercial Divers,-1.08214,7541,Underwater divers,1.0,-1.08214,399911,Diver,1.0,-1.08214
49-9093,"Fabric Menders, Except Garment",-1.464355,7533,"Sewing, embroidery and related workers",1.0,-1.464355,393111,Canvas Goods Fabricator,3.0,-0.4881183333333334
49-9093,"Fabric Menders, Except Garment",-1.464355,7533,"Sewing, embroidery and related workers",1.0,-1.464355,393112,Leather Goods Maker,3.0,-0.4881183333333334
49-9093,"Fabric Menders, Except Garment",-1.464355,7533,"Sewing, embroidery and related workers",1.0,-1.464355,393113,Sail Maker,3.0,-0.4881183333333334
49-9094,Locksmiths and Safe Repairers,-0.9909422,7222,Toolmakers and related workers,1.0,-0.9909422,323312,Gunsmith,5.0,-0.19818844
49-9094,Locksmiths and Safe Repairers,-0.9909422,7222,Toolmakers and related workers,1.0,-0.9909422,323313,Locksmith,5.0,-0.19818844
49-9094,Locksmiths and Safe Repairers,-0.9909422,7222,Toolmakers and related workers,1.0,-0.9909422,323315,Saw Doctor,5.0,-0.19818844
49-9094,Locksmiths and Safe Repairers,-0.9909422,7222,Toolmakers and related workers,1.0,-0.9909422,323411,Engineering Patternmaker,5.0,-0.19818844
49-9094,Locksmiths and Safe Repairers,-0.9909422,7222,Toolmakers and related workers,1.0,-0.9909422,323412,Toolmaker,5.0,-0.19818844
49-9095,Manufactured Building and Mobile Home Installers,-1.439807,7119,Building frame and related trades workers not elsewhere classified,1.0,-1.439807,821712,Scaffolder,1.0,-1.439807
49-9096,Riggers,-1.277513,7215,Riggers and cable splicers,1.0,-1.277513,399111,Boat Builder and Repairer,3.0,-0.4258376666666666
49-9096,Riggers,-1.277513,7215,Riggers and cable splicers,1.0,-1.277513,399112,Shipwright,3.0,-0.4258376666666666
49-9096,Riggers,-1.277513,7215,Riggers and cable splicers,1.0,-1.277513,821711,Construction Rigger,3.0,-0.4258376666666666
49-9097,Signal and Track Switch Repairers,-1.147593,7412,Electrical mechanics and fitters,1.0,-1.147593,321111,Automotive Electrician,3.0,-0.382531
49-9097,Signal and Track Switch Repairers,-1.147593,7412,Electrical mechanics and fitters,1.0,-1.147593,341111,Electrician (General),3.0,-0.382531
49-9097,Signal and Track Switch Repairers,-1.147593,7412,Electrical mechanics and fitters,1.0,-1.147593,341113,Lift Mechanic,3.0,-0.382531
49-9098,"Helpers--Installation, Maintenance, and Repair Workers",-1.320576,9622,Odd job persons,1.0,-1.320576,899311,Handyperson,1.0,-1.320576
49-9099,"Installation, Maintenance, and Repair Workers, All Other",-0.7931647,9622,Odd job persons,1.0,-0.7931647,899311,Handyperson,1.0,-0.7931647
51-1011,First-Line Supervisors of Production and Operating Workers,-0.0370227,3122,Manufacturing supervisors,3.0,-0.0123409,133512,Production Manager (Manufacturing),1.0,-0.0123409
51-1011,First-Line Supervisors of Production and Operating Workers,-0.0370227,3131,Power production plant operators,3.0,-0.0123409,399212,Gas or Petroleum Operator,2.0,-0.00617045
51-1011,First-Line Supervisors of Production and Operating Workers,-0.0370227,3131,Power production plant operators,3.0,-0.0123409,399213,Power Generation Plant Operator,2.0,-0.00617045
51-1011,First-Line Supervisors of Production and Operating Workers,-0.0370227,3132,Incinerator and water treatment plant operators,3.0,-0.0123409,712921,Waste Water or Water Plant Operator,2.0,-0.00617045
51-1011,First-Line Supervisors of Production and Operating Workers,-0.0370227,3132,Incinerator and water treatment plant operators,3.0,-0.0123409,712999,Stationary Plant Operators nec,2.0,-0.00617045
51-2011,"Aircraft Structure, Surfaces, Rigging, and Systems Assemblers",-0.9270664,8211,Mechanical machinery assemblers,1.0,-0.9270664,832211,Product Assembler,1.0,-0.9270664
51-2021,"Coil Winders, Tapers, and Finishers",-0.8689131,8212,Electrical and electronic equipment assemblers,1.0,-0.8689131,832211,Product Assembler,1.0,-0.8689131
51-2022,Electrical and Electronic Equipment Assemblers,-0.7516789,8212,Electrical and electronic equipment assemblers,1.0,-0.7516789,832211,Product Assembler,1.0,-0.7516789
51-2023,Electromechanical Equipment Assemblers,-0.6523108,8212,Electrical and electronic equipment assemblers,1.0,-0.6523108,832211,Product Assembler,1.0,-0.6523108
51-2031,Engine and Other Machine Assemblers,-1.044632,8211,Mechanical machinery assemblers,1.0,-1.044632,832211,Product Assembler,1.0,-1.044632
51-2041,Structural Metal Fabricators and Fitters,-1.077573,7214,Structural-metal preparers and erectors,1.0,-1.077573,322311,Metal Fabricator,3.0,-0.359191
51-2041,Structural Metal Fabricators and Fitters,-1.077573,7214,Structural-metal preparers and erectors,1.0,-1.077573,399112,Shipwright,3.0,-0.359191
51-2041,Structural Metal Fabricators and Fitters,-1.077573,7214,Structural-metal preparers and erectors,1.0,-1.077573,821714,Structural Steel Erector,3.0,-0.359191
51-2091,Fiberglass Laminators and Fabricators,-1.276767,8142,Plastic products machine operators,1.0,-1.276767,399111,Boat Builder and Repairer,7.0,-0.1823952857142857
51-2091,Fiberglass Laminators and Fabricators,-1.276767,8142,Plastic products machine operators,1.0,-1.276767,711511,Plastic Cablemaking Machine Operator,7.0,-0.1823952857142857
51-2091,Fiberglass Laminators and Fabricators,-1.276767,8142,Plastic products machine operators,1.0,-1.276767,711512,Plastic Compounding and Reclamation Machine Operator,7.0,-0.1823952857142857
51-2091,Fiberglass Laminators and Fabricators,-1.276767,8142,Plastic products machine operators,1.0,-1.276767,711513,Plastics Fabricator or Welder,7.0,-0.1823952857142857
51-2091,Fiberglass Laminators and Fabricators,-1.276767,8142,Plastic products machine operators,1.0,-1.276767,711514,Plastics Production Machine Operator (General),7.0,-0.1823952857142857
51-2091,Fiberglass Laminators and Fabricators,-1.276767,8142,Plastic products machine operators,1.0,-1.276767,711515,Reinforced Plastic and Composite Production Worker,7.0,-0.1823952857142857
51-2091,Fiberglass Laminators and Fabricators,-1.276767,8142,Plastic products machine operators,1.0,-1.276767,711599,Plastics and Rubber Production Machine Operators nec,7.0,-0.1823952857142857
51-2092,Team Assemblers,-0.8316012,8219,Assemblers not elsewhere classified,1.0,-0.8316012,832211,Product Assembler,1.0,-0.8316012
51-2093,Timing Device Assemblers and Adjusters,-0.6354496,8212,Electrical and electronic equipment assemblers,1.0,-0.6354496,832211,Product Assembler,1.0,-0.6354496
51-3011,Bakers,-0.4742939,7512,"Bakers, pastry-cooks and confectionery makers",1.0,-0.4742939,351111,Baker,3.0,-0.15809796666666667
51-3011,Bakers,-0.4742939,7512,"Bakers, pastry-cooks and confectionery makers",1.0,-0.4742939,351112,Pastrycook,3.0,-0.15809796666666667
51-3011,Bakers,-0.4742939,7512,"Bakers, pastry-cooks and confectionery makers",1.0,-0.4742939,831113,Confectionery Maker,3.0,-0.15809796666666667
51-3021,Butchers and Meat Cutters,-0.976576,7511,"Butchers, fishmongers and related food preparers",1.0,-0.976576,351211,Butcher or Smallgoods Maker,6.0,-0.16276266666666667
51-3021,Butchers and Meat Cutters,-0.976576,7511,"Butchers, fishmongers and related food preparers",1.0,-0.976576,831211,Meat Boner and Slicer,6.0,-0.16276266666666667
51-3021,Butchers and Meat Cutters,-0.976576,7511,"Butchers, fishmongers and related food preparers",1.0,-0.976576,831212,Slaughterer,6.0,-0.16276266666666667
51-3021,Butchers and Meat Cutters,-0.976576,7511,"Butchers, fishmongers and related food preparers",1.0,-0.976576,831311,Meat Process Worker,6.0,-0.16276266666666667
51-3021,Butchers and Meat Cutters,-0.976576,7511,"Butchers, fishmongers and related food preparers",1.0,-0.976576,831312,Poultry Process Worker,6.0,-0.16276266666666667
51-3021,Butchers and Meat Cutters,-0.976576,7511,"Butchers, fishmongers and related food preparers",1.0,-0.976576,831313,Seafood Process Worker,6.0,-0.16276266666666667
51-3022,"Meat, Poultry, and Fish Cutters and Trimmers",-1.0259,7511,"Butchers, fishmongers and related food preparers",1.0,-1.0259,351211,Butcher or Smallgoods Maker,6.0,-0.17098333333333335
51-3022,"Meat, Poultry, and Fish Cutters and Trimmers",-1.0259,7511,"Butchers, fishmongers and related food preparers",1.0,-1.0259,831211,Meat Boner and Slicer,6.0,-0.17098333333333335
51-3022,"Meat, Poultry, and Fish Cutters and Trimmers",-1.0259,7511,"Butchers, fishmongers and related food preparers",1.0,-1.0259,831212,Slaughterer,6.0,-0.17098333333333335
51-3022,"Meat, Poultry, and Fish Cutters and Trimmers",-1.0259,7511,"Butchers, fishmongers and related food preparers",1.0,-1.0259,831311,Meat Process Worker,6.0,-0.17098333333333335
51-3022,"Meat, Poultry, and Fish Cutters and Trimmers",-1.0259,7511,"Butchers, fishmongers and related food preparers",1.0,-1.0259,831312,Poultry Process Worker,6.0,-0.17098333333333335
51-3022,"Meat, Poultry, and Fish Cutters and Trimmers",-1.0259,7511,"Butchers, fishmongers and related food preparers",1.0,-1.0259,831313,Seafood Process Worker,6.0,-0.17098333333333335
51-3023,Slaughterers and Meat Packers,-1.542946,7511,"Butchers, fishmongers and related food preparers",1.0,-1.542946,351211,Butcher or Smallgoods Maker,6.0,-0.2571576666666667
51-3023,Slaughterers and Meat Packers,-1.542946,7511,"Butchers, fishmongers and related food preparers",1.0,-1.542946,831211,Meat Boner and Slicer,6.0,-0.2571576666666667
51-3023,Slaughterers and Meat Packers,-1.542946,7511,"Butchers, fishmongers and related food preparers",1.0,-1.542946,831212,Slaughterer,6.0,-0.2571576666666667
51-3023,Slaughterers and Meat Packers,-1.542946,7511,"Butchers, fishmongers and related food preparers",1.0,-1.542946,831311,Meat Process Worker,6.0,-0.2571576666666667
51-3023,Slaughterers and Meat Packers,-1.542946,7511,"Butchers, fishmongers and related food preparers",1.0,-1.542946,831312,Poultry Process Worker,6.0,-0.2571576666666667
51-3023,Slaughterers and Meat Packers,-1.542946,7511,"Butchers, fishmongers and related food preparers",1.0,-1.542946,831313,Seafood Process Worker,6.0,-0.2571576666666667
51-3091,"Food and Tobacco Roasting, Baking, and Drying Machine Operators and Tenders",-0.7900841,8160,Food and related products machine operators,2.0,-0.39504205,712999,Stationary Plant Operators nec,13.0,-0.030387849999999998
51-3091,"Food and Tobacco Roasting, Baking, and Drying Machine Operators and Tenders",-0.7900841,8160,Food and related products machine operators,2.0,-0.39504205,831111,Baking Factory Worker,13.0,-0.030387849999999998
51-3091,"Food and Tobacco Roasting, Baking, and Drying Machine Operators and Tenders",-0.7900841,8160,Food and related products machine operators,2.0,-0.39504205,831112,Brewery Worker,13.0,-0.030387849999999998
51-3091,"Food and Tobacco Roasting, Baking, and Drying Machine Operators and Tenders",-0.7900841,8160,Food and related products machine operators,2.0,-0.39504205,831113,Confectionery Maker,13.0,-0.030387849999999998
51-3091,"Food and Tobacco Roasting, Baking, and Drying Machine Operators and Tenders",-0.7900841,8160,Food and related products machine operators,2.0,-0.39504205,831114,Dairy Products Maker,13.0,-0.030387849999999998
51-3091,"Food and Tobacco Roasting, Baking, and Drying Machine Operators and Tenders",-0.7900841,8160,Food and related products machine operators,2.0,-0.39504205,831115,Fruit and Vegetable Factory Worker,13.0,-0.030387849999999998
51-3091,"Food and Tobacco Roasting, Baking, and Drying Machine Operators and Tenders",-0.7900841,8160,Food and related products machine operators,2.0,-0.39504205,831116,Grain Mill Worker,13.0,-0.030387849999999998
51-3091,"Food and Tobacco Roasting, Baking, and Drying Machine Operators and Tenders",-0.7900841,8160,Food and related products machine operators,2.0,-0.39504205,831117,Sugar Mill Worker,13.0,-0.030387849999999998
51-3091,"Food and Tobacco Roasting, Baking, and Drying Machine Operators and Tenders",-0.7900841,8160,Food and related products machine operators,2.0,-0.39504205,831118,Winery Cellar Hand,13.0,-0.030387849999999998
51-3091,"Food and Tobacco Roasting, Baking, and Drying Machine Operators and Tenders",-0.7900841,8160,Food and related products machine operators,2.0,-0.39504205,831199,Food and Drink Factory Workers nec,13.0,-0.030387849999999998
51-3091,"Food and Tobacco Roasting, Baking, and Drying Machine Operators and Tenders",-0.7900841,8160,Food and related products machine operators,2.0,-0.39504205,831311,Meat Process Worker,13.0,-0.030387849999999998
51-3091,"Food and Tobacco Roasting, Baking, and Drying Machine Operators and Tenders",-0.7900841,8160,Food and related products machine operators,2.0,-0.39504205,831312,Poultry Process Worker,13.0,-0.030387849999999998
51-3091,"Food and Tobacco Roasting, Baking, and Drying Machine Operators and Tenders",-0.7900841,8160,Food and related products machine operators,2.0,-0.39504205,831313,Seafood Process Worker,13.0,-0.030387849999999998
51-3091,"Food and Tobacco Roasting, Baking, and Drying Machine Operators and Tenders",-0.7900841,7511,"Butchers, fishmongers and related food preparers",2.0,-0.39504205,351211,Butcher or Smallgoods Maker,6.0,-0.06584034166666666
51-3091,"Food and Tobacco Roasting, Baking, and Drying Machine Operators and Tenders",-0.7900841,7511,"Butchers, fishmongers and related food preparers",2.0,-0.39504205,831211,Meat Boner and Slicer,6.0,-0.06584034166666666
51-3091,"Food and Tobacco Roasting, Baking, and Drying Machine Operators and Tenders",-0.7900841,7511,"Butchers, fishmongers and related food preparers",2.0,-0.39504205,831212,Slaughterer,6.0,-0.06584034166666666
51-3091,"Food and Tobacco Roasting, Baking, and Drying Machine Operators and Tenders",-0.7900841,7511,"Butchers, fishmongers and related food preparers",2.0,-0.39504205,831311,Meat Process Worker,6.0,-0.06584034166666666
51-3091,"Food and Tobacco Roasting, Baking, and Drying Machine Operators and Tenders",-0.7900841,7511,"Butchers, fishmongers and related food preparers",2.0,-0.39504205,831312,Poultry Process Worker,6.0,-0.06584034166666666
51-3091,"Food and Tobacco Roasting, Baking, and Drying Machine Operators and Tenders",-0.7900841,7511,"Butchers, fishmongers and related food preparers",2.0,-0.39504205,831313,Seafood Process Worker,6.0,-0.06584034166666666
51-3092,Food Batchmakers,-0.4268211,8160,Food and related products machine operators,2.0,-0.21341055,712999,Stationary Plant Operators nec,13.0,-0.016416196153846156
51-3092,Food Batchmakers,-0.4268211,8160,Food and related products machine operators,2.0,-0.21341055,831111,Baking Factory Worker,13.0,-0.016416196153846156
51-3092,Food Batchmakers,-0.4268211,8160,Food and related products machine operators,2.0,-0.21341055,831112,Brewery Worker,13.0,-0.016416196153846156
51-3092,Food Batchmakers,-0.4268211,8160,Food and related products machine operators,2.0,-0.21341055,831113,Confectionery Maker,13.0,-0.016416196153846156
51-3092,Food Batchmakers,-0.4268211,8160,Food and related products machine operators,2.0,-0.21341055,831114,Dairy Products Maker,13.0,-0.016416196153846156
51-3092,Food Batchmakers,-0.4268211,8160,Food and related products machine operators,2.0,-0.21341055,831115,Fruit and Vegetable Factory Worker,13.0,-0.016416196153846156
51-3092,Food Batchmakers,-0.4268211,8160,Food and related products machine operators,2.0,-0.21341055,831116,Grain Mill Worker,13.0,-0.016416196153846156
51-3092,Food Batchmakers,-0.4268211,8160,Food and related products machine operators,2.0,-0.21341055,831117,Sugar Mill Worker,13.0,-0.016416196153846156
51-3092,Food Batchmakers,-0.4268211,8160,Food and related products machine operators,2.0,-0.21341055,831118,Winery Cellar Hand,13.0,-0.016416196153846156
51-3092,Food Batchmakers,-0.4268211,8160,Food and related products machine operators,2.0,-0.21341055,831199,Food and Drink Factory Workers nec,13.0,-0.016416196153846156
51-3092,Food Batchmakers,-0.4268211,8160,Food and related products machine operators,2.0,-0.21341055,831311,Meat Process Worker,13.0,-0.016416196153846156
51-3092,Food Batchmakers,-0.4268211,8160,Food and related products machine operators,2.0,-0.21341055,831312,Poultry Process Worker,13.0,-0.016416196153846156
51-3092,Food Batchmakers,-0.4268211,8160,Food and related products machine operators,2.0,-0.21341055,831313,Seafood Process Worker,13.0,-0.016416196153846156
51-3092,Food Batchmakers,-0.4268211,7513,Dairy-products makers,2.0,-0.21341055,831114,Dairy Products Maker,1.0,-0.21341055
51-3093,Food Cooking Machine Operators and Tenders,-0.6185341,7514,"Fruit, vegetable and related preservers",2.0,-0.30926705,831199,Food and Drink Factory Workers nec,1.0,-0.30926705
51-3093,Food Cooking Machine Operators and Tenders,-0.6185341,8160,Food and related products machine operators,2.0,-0.30926705,712999,Stationary Plant Operators nec,13.0,-0.023789773076923076
51-3093,Food Cooking Machine Operators and Tenders,-0.6185341,8160,Food and related products machine operators,2.0,-0.30926705,831111,Baking Factory Worker,13.0,-0.023789773076923076
51-3093,Food Cooking Machine Operators and Tenders,-0.6185341,8160,Food and related products machine operators,2.0,-0.30926705,831112,Brewery Worker,13.0,-0.023789773076923076
51-3093,Food Cooking Machine Operators and Tenders,-0.6185341,8160,Food and related products machine operators,2.0,-0.30926705,831113,Confectionery Maker,13.0,-0.023789773076923076
51-3093,Food Cooking Machine Operators and Tenders,-0.6185341,8160,Food and related products machine operators,2.0,-0.30926705,831114,Dairy Products Maker,13.0,-0.023789773076923076
51-3093,Food Cooking Machine Operators and Tenders,-0.6185341,8160,Food and related products machine operators,2.0,-0.30926705,831115,Fruit and Vegetable Factory Worker,13.0,-0.023789773076923076
51-3093,Food Cooking Machine Operators and Tenders,-0.6185341,8160,Food and related products machine operators,2.0,-0.30926705,831116,Grain Mill Worker,13.0,-0.023789773076923076
51-3093,Food Cooking Machine Operators and Tenders,-0.6185341,8160,Food and related products machine operators,2.0,-0.30926705,831117,Sugar Mill Worker,13.0,-0.023789773076923076
51-3093,Food Cooking Machine Operators and Tenders,-0.6185341,8160,Food and related products machine operators,2.0,-0.30926705,831118,Winery Cellar Hand,13.0,-0.023789773076923076
51-3093,Food Cooking Machine Operators and Tenders,-0.6185341,8160,Food and related products machine operators,2.0,-0.30926705,831199,Food and Drink Factory Workers nec,13.0,-0.023789773076923076
51-3093,Food Cooking Machine Operators and Tenders,-0.6185341,8160,Food and related products machine operators,2.0,-0.30926705,831311,Meat Process Worker,13.0,-0.023789773076923076
51-3093,Food Cooking Machine Operators and Tenders,-0.6185341,8160,Food and related products machine operators,2.0,-0.30926705,831312,Poultry Process Worker,13.0,-0.023789773076923076
51-3093,Food Cooking Machine Operators and Tenders,-0.6185341,8160,Food and related products machine operators,2.0,-0.30926705,831313,Seafood Process Worker,13.0,-0.023789773076923076
51-4011,"Computer-Controlled Machine Tool Operators, Metal and Plastic",-0.8881877,7223,Metal working machine tool setters and operators,1.0,-0.8881877,323211,Fitter (General),4.0,-0.222046925
51-4011,"Computer-Controlled Machine Tool Operators, Metal and Plastic",-0.8881877,7223,Metal working machine tool setters and operators,1.0,-0.8881877,323212,Fitter and Turner,4.0,-0.222046925
51-4011,"Computer-Controlled Machine Tool Operators, Metal and Plastic",-0.8881877,7223,Metal working machine tool setters and operators,1.0,-0.8881877,323214,Metal Machinist (First Class),4.0,-0.222046925
51-4011,"Computer-Controlled Machine Tool Operators, Metal and Plastic",-0.8881877,7223,Metal working machine tool setters and operators,1.0,-0.8881877,712311,Engineering Production Worker,4.0,-0.222046925
51-4012,"Computer Numerically Controlled Machine Tool Programmers, Metal and Plastic",-0.341184,3139,Process control technicians not elsewhere classified,2.0,-0.170592,712916,Paper and Pulp Mill Operator,2.0,-0.085296
51-4012,"Computer Numerically Controlled Machine Tool Programmers, Metal and Plastic",-0.341184,3139,Process control technicians not elsewhere classified,2.0,-0.170592,832211,Product Assembler,2.0,-0.085296
51-4012,"Computer Numerically Controlled Machine Tool Programmers, Metal and Plastic",-0.341184,7222,Toolmakers and related workers,2.0,-0.170592,323312,Gunsmith,5.0,-0.0341184
51-4012,"Computer Numerically Controlled Machine Tool Programmers, Metal and Plastic",-0.341184,7222,Toolmakers and related workers,2.0,-0.170592,323313,Locksmith,5.0,-0.0341184
51-4012,"Computer Numerically Controlled Machine Tool Programmers, Metal and Plastic",-0.341184,7222,Toolmakers and related workers,2.0,-0.170592,323315,Saw Doctor,5.0,-0.0341184
51-4012,"Computer Numerically Controlled Machine Tool Programmers, Metal and Plastic",-0.341184,7222,Toolmakers and related workers,2.0,-0.170592,323411,Engineering Patternmaker,5.0,-0.0341184
51-4012,"Computer Numerically Controlled Machine Tool Programmers, Metal and Plastic",-0.341184,7222,Toolmakers and related workers,2.0,-0.170592,323412,Toolmaker,5.0,-0.0341184
51-4021,"Extruding and Drawing Machine Setters, Operators, and Tenders, Metal and Plastic",-1.324775,7223,Metal working machine tool setters and operators,3.0,-0.44159166666666666,323211,Fitter (General),4.0,-0.11039791666666667
51-4021,"Extruding and Drawing Machine Setters, Operators, and Tenders, Metal and Plastic",-1.324775,7223,Metal working machine tool setters and operators,3.0,-0.44159166666666666,323212,Fitter and Turner,4.0,-0.11039791666666667
51-4021,"Extruding and Drawing Machine Setters, Operators, and Tenders, Metal and Plastic",-1.324775,7223,Metal working machine tool setters and operators,3.0,-0.44159166666666666,323214,Metal Machinist (First Class),4.0,-0.11039791666666667
51-4021,"Extruding and Drawing Machine Setters, Operators, and Tenders, Metal and Plastic",-1.324775,7223,Metal working machine tool setters and operators,3.0,-0.44159166666666666,712311,Engineering Production Worker,4.0,-0.11039791666666667
51-4021,"Extruding and Drawing Machine Setters, Operators, and Tenders, Metal and Plastic",-1.324775,8121,Metal processing plant operators,3.0,-0.44159166666666666,712311,Engineering Production Worker,1.0,-0.44159166666666666
51-4021,"Extruding and Drawing Machine Setters, Operators, and Tenders, Metal and Plastic",-1.324775,8142,Plastic products machine operators,3.0,-0.44159166666666666,399111,Boat Builder and Repairer,7.0,-0.06308452380952381
51-4021,"Extruding and Drawing Machine Setters, Operators, and Tenders, Metal and Plastic",-1.324775,8142,Plastic products machine operators,3.0,-0.44159166666666666,711511,Plastic Cablemaking Machine Operator,7.0,-0.06308452380952381
51-4021,"Extruding and Drawing Machine Setters, Operators, and Tenders, Metal and Plastic",-1.324775,8142,Plastic products machine operators,3.0,-0.44159166666666666,711512,Plastic Compounding and Reclamation Machine Operator,7.0,-0.06308452380952381
51-4021,"Extruding and Drawing Machine Setters, Operators, and Tenders, Metal and Plastic",-1.324775,8142,Plastic products machine operators,3.0,-0.44159166666666666,711513,Plastics Fabricator or Welder,7.0,-0.06308452380952381
51-4021,"Extruding and Drawing Machine Setters, Operators, and Tenders, Metal and Plastic",-1.324775,8142,Plastic products machine operators,3.0,-0.44159166666666666,711514,Plastics Production Machine Operator (General),7.0,-0.06308452380952381
51-4021,"Extruding and Drawing Machine Setters, Operators, and Tenders, Metal and Plastic",-1.324775,8142,Plastic products machine operators,3.0,-0.44159166666666666,711515,Reinforced Plastic and Composite Production Worker,7.0,-0.06308452380952381
51-4021,"Extruding and Drawing Machine Setters, Operators, and Tenders, Metal and Plastic",-1.324775,8142,Plastic products machine operators,3.0,-0.44159166666666666,711599,Plastics and Rubber Production Machine Operators nec,7.0,-0.06308452380952381
51-4022,"Forging Machine Setters, Operators, and Tenders, Metal and Plastic",-0.880991,7223,Metal working machine tool setters and operators,3.0,-0.29366366666666666,323211,Fitter (General),4.0,-0.07341591666666666
51-4022,"Forging Machine Setters, Operators, and Tenders, Metal and Plastic",-0.880991,7223,Metal working machine tool setters and operators,3.0,-0.29366366666666666,323212,Fitter and Turner,4.0,-0.07341591666666666
51-4022,"Forging Machine Setters, Operators, and Tenders, Metal and Plastic",-0.880991,7223,Metal working machine tool setters and operators,3.0,-0.29366366666666666,323214,Metal Machinist (First Class),4.0,-0.07341591666666666
51-4022,"Forging Machine Setters, Operators, and Tenders, Metal and Plastic",-0.880991,7223,Metal working machine tool setters and operators,3.0,-0.29366366666666666,712311,Engineering Production Worker,4.0,-0.07341591666666666
51-4022,"Forging Machine Setters, Operators, and Tenders, Metal and Plastic",-0.880991,8142,Plastic products machine operators,3.0,-0.29366366666666666,399111,Boat Builder and Repairer,7.0,-0.04195195238095238
51-4022,"Forging Machine Setters, Operators, and Tenders, Metal and Plastic",-0.880991,8142,Plastic products machine operators,3.0,-0.29366366666666666,711511,Plastic Cablemaking Machine Operator,7.0,-0.04195195238095238
51-4022,"Forging Machine Setters, Operators, and Tenders, Metal and Plastic",-0.880991,8142,Plastic products machine operators,3.0,-0.29366366666666666,711512,Plastic Compounding and Reclamation Machine Operator,7.0,-0.04195195238095238
51-4022,"Forging Machine Setters, Operators, and Tenders, Metal and Plastic",-0.880991,8142,Plastic products machine operators,3.0,-0.29366366666666666,711513,Plastics Fabricator or Welder,7.0,-0.04195195238095238
51-4022,"Forging Machine Setters, Operators, and Tenders, Metal and Plastic",-0.880991,8142,Plastic products machine operators,3.0,-0.29366366666666666,711514,Plastics Production Machine Operator (General),7.0,-0.04195195238095238
51-4022,"Forging Machine Setters, Operators, and Tenders, Metal and Plastic",-0.880991,8142,Plastic products machine operators,3.0,-0.29366366666666666,711515,Reinforced Plastic and Composite Production Worker,7.0,-0.04195195238095238
51-4022,"Forging Machine Setters, Operators, and Tenders, Metal and Plastic",-0.880991,8142,Plastic products machine operators,3.0,-0.29366366666666666,711599,Plastics and Rubber Production Machine Operators nec,7.0,-0.04195195238095238
51-4022,"Forging Machine Setters, Operators, and Tenders, Metal and Plastic",-0.880991,7221,"Blacksmiths, hammersmiths and forging press workers",3.0,-0.29366366666666666,322111,Blacksmith,2.0,-0.14683183333333333
51-4022,"Forging Machine Setters, Operators, and Tenders, Metal and Plastic",-0.880991,7221,"Blacksmiths, hammersmiths and forging press workers",3.0,-0.29366366666666666,322113,Farrier,2.0,-0.14683183333333333
51-4023,"Rolling Machine Setters, Operators, and Tenders, Metal and Plastic",-1.186053,7223,Metal working machine tool setters and operators,3.0,-0.395351,323211,Fitter (General),4.0,-0.09883775
51-4023,"Rolling Machine Setters, Operators, and Tenders, Metal and Plastic",-1.186053,7223,Metal working machine tool setters and operators,3.0,-0.395351,323212,Fitter and Turner,4.0,-0.09883775
51-4023,"Rolling Machine Setters, Operators, and Tenders, Metal and Plastic",-1.186053,7223,Metal working machine tool setters and operators,3.0,-0.395351,323214,Metal Machinist (First Class),4.0,-0.09883775
51-4023,"Rolling Machine Setters, Operators, and Tenders, Metal and Plastic",-1.186053,7223,Metal working machine tool setters and operators,3.0,-0.395351,712311,Engineering Production Worker,4.0,-0.09883775
51-4023,"Rolling Machine Setters, Operators, and Tenders, Metal and Plastic",-1.186053,8121,Metal processing plant operators,3.0,-0.395351,712311,Engineering Production Worker,1.0,-0.395351
51-4023,"Rolling Machine Setters, Operators, and Tenders, Metal and Plastic",-1.186053,8142,Plastic products machine operators,3.0,-0.395351,399111,Boat Builder and Repairer,7.0,-0.056478714285714285
51-4023,"Rolling Machine Setters, Operators, and Tenders, Metal and Plastic",-1.186053,8142,Plastic products machine operators,3.0,-0.395351,711511,Plastic Cablemaking Machine Operator,7.0,-0.056478714285714285
51-4023,"Rolling Machine Setters, Operators, and Tenders, Metal and Plastic",-1.186053,8142,Plastic products machine operators,3.0,-0.395351,711512,Plastic Compounding and Reclamation Machine Operator,7.0,-0.056478714285714285
51-4023,"Rolling Machine Setters, Operators, and Tenders, Metal and Plastic",-1.186053,8142,Plastic products machine operators,3.0,-0.395351,711513,Plastics Fabricator or Welder,7.0,-0.056478714285714285
51-4023,"Rolling Machine Setters, Operators, and Tenders, Metal and Plastic",-1.186053,8142,Plastic products machine operators,3.0,-0.395351,711514,Plastics Production Machine Operator (General),7.0,-0.056478714285714285
51-4023,"Rolling Machine Setters, Operators, and Tenders, Metal and Plastic",-1.186053,8142,Plastic products machine operators,3.0,-0.395351,711515,Reinforced Plastic and Composite Production Worker,7.0,-0.056478714285714285
51-4023,"Rolling Machine Setters, Operators, and Tenders, Metal and Plastic",-1.186053,8142,Plastic products machine operators,3.0,-0.395351,711599,Plastics and Rubber Production Machine Operators nec,7.0,-0.056478714285714285
51-4031,"Cutting, Punching, and Press Machine Setters, Operators, and Tenders, Metal and Plastic",-1.149575,7223,Metal working machine tool setters and operators,2.0,-0.5747875,323211,Fitter (General),4.0,-0.143696875
51-4031,"Cutting, Punching, and Press Machine Setters, Operators, and Tenders, Metal and Plastic",-1.149575,7223,Metal working machine tool setters and operators,2.0,-0.5747875,323212,Fitter and Turner,4.0,-0.143696875
51-4031,"Cutting, Punching, and Press Machine Setters, Operators, and Tenders, Metal and Plastic",-1.149575,7223,Metal working machine tool setters and operators,2.0,-0.5747875,323214,Metal Machinist (First Class),4.0,-0.143696875
51-4031,"Cutting, Punching, and Press Machine Setters, Operators, and Tenders, Metal and Plastic",-1.149575,7223,Metal working machine tool setters and operators,2.0,-0.5747875,712311,Engineering Production Worker,4.0,-0.143696875
51-4031,"Cutting, Punching, and Press Machine Setters, Operators, and Tenders, Metal and Plastic",-1.149575,8142,Plastic products machine operators,2.0,-0.5747875,399111,Boat Builder and Repairer,7.0,-0.0821125
51-4031,"Cutting, Punching, and Press Machine Setters, Operators, and Tenders, Metal and Plastic",-1.149575,8142,Plastic products machine operators,2.0,-0.5747875,711511,Plastic Cablemaking Machine Operator,7.0,-0.0821125
51-4031,"Cutting, Punching, and Press Machine Setters, Operators, and Tenders, Metal and Plastic",-1.149575,8142,Plastic products machine operators,2.0,-0.5747875,711512,Plastic Compounding and Reclamation Machine Operator,7.0,-0.0821125
51-4031,"Cutting, Punching, and Press Machine Setters, Operators, and Tenders, Metal and Plastic",-1.149575,8142,Plastic products machine operators,2.0,-0.5747875,711513,Plastics Fabricator or Welder,7.0,-0.0821125
51-4031,"Cutting, Punching, and Press Machine Setters, Operators, and Tenders, Metal and Plastic",-1.149575,8142,Plastic products machine operators,2.0,-0.5747875,711514,Plastics Production Machine Operator (General),7.0,-0.0821125
51-4031,"Cutting, Punching, and Press Machine Setters, Operators, and Tenders, Metal and Plastic",-1.149575,8142,Plastic products machine operators,2.0,-0.5747875,711515,Reinforced Plastic and Composite Production Worker,7.0,-0.0821125
51-4031,"Cutting, Punching, and Press Machine Setters, Operators, and Tenders, Metal and Plastic",-1.149575,8142,Plastic products machine operators,2.0,-0.5747875,711599,Plastics and Rubber Production Machine Operators nec,7.0,-0.0821125
51-4032,"Drilling and Boring Machine Tool Setters, Operators, and Tenders, Metal and Plastic",-0.8868215,7223,Metal working machine tool setters and operators,2.0,-0.44341075,323211,Fitter (General),4.0,-0.1108526875
51-4032,"Drilling and Boring Machine Tool Setters, Operators, and Tenders, Metal and Plastic",-0.8868215,7223,Metal working machine tool setters and operators,2.0,-0.44341075,323212,Fitter and Turner,4.0,-0.1108526875
51-4032,"Drilling and Boring Machine Tool Setters, Operators, and Tenders, Metal and Plastic",-0.8868215,7223,Metal working machine tool setters and operators,2.0,-0.44341075,323214,Metal Machinist (First Class),4.0,-0.1108526875
51-4032,"Drilling and Boring Machine Tool Setters, Operators, and Tenders, Metal and Plastic",-0.8868215,7223,Metal working machine tool setters and operators,2.0,-0.44341075,712311,Engineering Production Worker,4.0,-0.1108526875
51-4032,"Drilling and Boring Machine Tool Setters, Operators, and Tenders, Metal and Plastic",-0.8868215,8142,Plastic products machine operators,2.0,-0.44341075,399111,Boat Builder and Repairer,7.0,-0.06334439285714286
51-4032,"Drilling and Boring Machine Tool Setters, Operators, and Tenders, Metal and Plastic",-0.8868215,8142,Plastic products machine operators,2.0,-0.44341075,711511,Plastic Cablemaking Machine Operator,7.0,-0.06334439285714286
51-4032,"Drilling and Boring Machine Tool Setters, Operators, and Tenders, Metal and Plastic",-0.8868215,8142,Plastic products machine operators,2.0,-0.44341075,711512,Plastic Compounding and Reclamation Machine Operator,7.0,-0.06334439285714286
51-4032,"Drilling and Boring Machine Tool Setters, Operators, and Tenders, Metal and Plastic",-0.8868215,8142,Plastic products machine operators,2.0,-0.44341075,711513,Plastics Fabricator or Welder,7.0,-0.06334439285714286
51-4032,"Drilling and Boring Machine Tool Setters, Operators, and Tenders, Metal and Plastic",-0.8868215,8142,Plastic products machine operators,2.0,-0.44341075,711514,Plastics Production Machine Operator (General),7.0,-0.06334439285714286
51-4032,"Drilling and Boring Machine Tool Setters, Operators, and Tenders, Metal and Plastic",-0.8868215,8142,Plastic products machine operators,2.0,-0.44341075,711515,Reinforced Plastic and Composite Production Worker,7.0,-0.06334439285714286
51-4032,"Drilling and Boring Machine Tool Setters, Operators, and Tenders, Metal and Plastic",-0.8868215,8142,Plastic products machine operators,2.0,-0.44341075,711599,Plastics and Rubber Production Machine Operators nec,7.0,-0.06334439285714286
51-4033,"Grinding, Lapping, Polishing, and Buffing Machine Tool Setters, Operators, and Tenders, Metal and Plastic",-1.194061,7223,Metal working machine tool setters and operators,2.0,-0.5970305,323211,Fitter (General),4.0,-0.149257625
51-4033,"Grinding, Lapping, Polishing, and Buffing Machine Tool Setters, Operators, and Tenders, Metal and Plastic",-1.194061,7223,Metal working machine tool setters and operators,2.0,-0.5970305,323212,Fitter and Turner,4.0,-0.149257625
51-4033,"Grinding, Lapping, Polishing, and Buffing Machine Tool Setters, Operators, and Tenders, Metal and Plastic",-1.194061,7223,Metal working machine tool setters and operators,2.0,-0.5970305,323214,Metal Machinist (First Class),4.0,-0.149257625
51-4033,"Grinding, Lapping, Polishing, and Buffing Machine Tool Setters, Operators, and Tenders, Metal and Plastic",-1.194061,7223,Metal working machine tool setters and operators,2.0,-0.5970305,712311,Engineering Production Worker,4.0,-0.149257625
51-4033,"Grinding, Lapping, Polishing, and Buffing Machine Tool Setters, Operators, and Tenders, Metal and Plastic",-1.194061,8142,Plastic products machine operators,2.0,-0.5970305,399111,Boat Builder and Repairer,7.0,-0.08529007142857144
51-4033,"Grinding, Lapping, Polishing, and Buffing Machine Tool Setters, Operators, and Tenders, Metal and Plastic",-1.194061,8142,Plastic products machine operators,2.0,-0.5970305,711511,Plastic Cablemaking Machine Operator,7.0,-0.08529007142857144
51-4033,"Grinding, Lapping, Polishing, and Buffing Machine Tool Setters, Operators, and Tenders, Metal and Plastic",-1.194061,8142,Plastic products machine operators,2.0,-0.5970305,711512,Plastic Compounding and Reclamation Machine Operator,7.0,-0.08529007142857144
51-4033,"Grinding, Lapping, Polishing, and Buffing Machine Tool Setters, Operators, and Tenders, Metal and Plastic",-1.194061,8142,Plastic products machine operators,2.0,-0.5970305,711513,Plastics Fabricator or Welder,7.0,-0.08529007142857144
51-4033,"Grinding, Lapping, Polishing, and Buffing Machine Tool Setters, Operators, and Tenders, Metal and Plastic",-1.194061,8142,Plastic products machine operators,2.0,-0.5970305,711514,Plastics Production Machine Operator (General),7.0,-0.08529007142857144
51-4033,"Grinding, Lapping, Polishing, and Buffing Machine Tool Setters, Operators, and Tenders, Metal and Plastic",-1.194061,8142,Plastic products machine operators,2.0,-0.5970305,711515,Reinforced Plastic and Composite Production Worker,7.0,-0.08529007142857144
51-4033,"Grinding, Lapping, Polishing, and Buffing Machine Tool Setters, Operators, and Tenders, Metal and Plastic",-1.194061,8142,Plastic products machine operators,2.0,-0.5970305,711599,Plastics and Rubber Production Machine Operators nec,7.0,-0.08529007142857144
51-4034,"Lathe and Turning Machine Tool Setters, Operators, and Tenders, Metal and Plastic",-1.126104,7223,Metal working machine tool setters and operators,2.0,-0.563052,323211,Fitter (General),4.0,-0.140763
51-4034,"Lathe and Turning Machine Tool Setters, Operators, and Tenders, Metal and Plastic",-1.126104,7223,Metal working machine tool setters and operators,2.0,-0.563052,323212,Fitter and Turner,4.0,-0.140763
51-4034,"Lathe and Turning Machine Tool Setters, Operators, and Tenders, Metal and Plastic",-1.126104,7223,Metal working machine tool setters and operators,2.0,-0.563052,323214,Metal Machinist (First Class),4.0,-0.140763
51-4034,"Lathe and Turning Machine Tool Setters, Operators, and Tenders, Metal and Plastic",-1.126104,7223,Metal working machine tool setters and operators,2.0,-0.563052,712311,Engineering Production Worker,4.0,-0.140763
51-4034,"Lathe and Turning Machine Tool Setters, Operators, and Tenders, Metal and Plastic",-1.126104,8142,Plastic products machine operators,2.0,-0.563052,399111,Boat Builder and Repairer,7.0,-0.080436
51-4034,"Lathe and Turning Machine Tool Setters, Operators, and Tenders, Metal and Plastic",-1.126104,8142,Plastic products machine operators,2.0,-0.563052,711511,Plastic Cablemaking Machine Operator,7.0,-0.080436
51-4034,"Lathe and Turning Machine Tool Setters, Operators, and Tenders, Metal and Plastic",-1.126104,8142,Plastic products machine operators,2.0,-0.563052,711512,Plastic Compounding and Reclamation Machine Operator,7.0,-0.080436
51-4034,"Lathe and Turning Machine Tool Setters, Operators, and Tenders, Metal and Plastic",-1.126104,8142,Plastic products machine operators,2.0,-0.563052,711513,Plastics Fabricator or Welder,7.0,-0.080436
51-4034,"Lathe and Turning Machine Tool Setters, Operators, and Tenders, Metal and Plastic",-1.126104,8142,Plastic products machine operators,2.0,-0.563052,711514,Plastics Production Machine Operator (General),7.0,-0.080436
51-4034,"Lathe and Turning Machine Tool Setters, Operators, and Tenders, Metal and Plastic",-1.126104,8142,Plastic products machine operators,2.0,-0.563052,711515,Reinforced Plastic and Composite Production Worker,7.0,-0.080436
51-4034,"Lathe and Turning Machine Tool Setters, Operators, and Tenders, Metal and Plastic",-1.126104,8142,Plastic products machine operators,2.0,-0.563052,711599,Plastics and Rubber Production Machine Operators nec,7.0,-0.080436
51-4035,"Milling and Planing Machine Setters, Operators, and Tenders, Metal and Plastic",-0.8670107,7223,Metal working machine tool setters and operators,2.0,-0.43350535,323211,Fitter (General),4.0,-0.1083763375
51-4035,"Milling and Planing Machine Setters, Operators, and Tenders, Metal and Plastic",-0.8670107,7223,Metal working machine tool setters and operators,2.0,-0.43350535,323212,Fitter and Turner,4.0,-0.1083763375
51-4035,"Milling and Planing Machine Setters, Operators, and Tenders, Metal and Plastic",-0.8670107,7223,Metal working machine tool setters and operators,2.0,-0.43350535,323214,Metal Machinist (First Class),4.0,-0.1083763375
51-4035,"Milling and Planing Machine Setters, Operators, and Tenders, Metal and Plastic",-0.8670107,7223,Metal working machine tool setters and operators,2.0,-0.43350535,712311,Engineering Production Worker,4.0,-0.1083763375
51-4035,"Milling and Planing Machine Setters, Operators, and Tenders, Metal and Plastic",-0.8670107,8142,Plastic products machine operators,2.0,-0.43350535,399111,Boat Builder and Repairer,7.0,-0.061929335714285716
51-4035,"Milling and Planing Machine Setters, Operators, and Tenders, Metal and Plastic",-0.8670107,8142,Plastic products machine operators,2.0,-0.43350535,711511,Plastic Cablemaking Machine Operator,7.0,-0.061929335714285716
51-4035,"Milling and Planing Machine Setters, Operators, and Tenders, Metal and Plastic",-0.8670107,8142,Plastic products machine operators,2.0,-0.43350535,711512,Plastic Compounding and Reclamation Machine Operator,7.0,-0.061929335714285716
51-4035,"Milling and Planing Machine Setters, Operators, and Tenders, Metal and Plastic",-0.8670107,8142,Plastic products machine operators,2.0,-0.43350535,711513,Plastics Fabricator or Welder,7.0,-0.061929335714285716
51-4035,"Milling and Planing Machine Setters, Operators, and Tenders, Metal and Plastic",-0.8670107,8142,Plastic products machine operators,2.0,-0.43350535,711514,Plastics Production Machine Operator (General),7.0,-0.061929335714285716
51-4035,"Milling and Planing Machine Setters, Operators, and Tenders, Metal and Plastic",-0.8670107,8142,Plastic products machine operators,2.0,-0.43350535,711515,Reinforced Plastic and Composite Production Worker,7.0,-0.061929335714285716
51-4035,"Milling and Planing Machine Setters, Operators, and Tenders, Metal and Plastic",-0.8670107,8142,Plastic products machine operators,2.0,-0.43350535,711599,Plastics and Rubber Production Machine Operators nec,7.0,-0.061929335714285716
51-4041,Machinists,-0.9782187,7223,Metal working machine tool setters and operators,1.0,-0.9782187,323211,Fitter (General),4.0,-0.244554675
51-4041,Machinists,-0.9782187,7223,Metal working machine tool setters and operators,1.0,-0.9782187,323212,Fitter and Turner,4.0,-0.244554675
51-4041,Machinists,-0.9782187,7223,Metal working machine tool setters and operators,1.0,-0.9782187,323214,Metal Machinist (First Class),4.0,-0.244554675
51-4041,Machinists,-0.9782187,7223,Metal working machine tool setters and operators,1.0,-0.9782187,712311,Engineering Production Worker,4.0,-0.244554675
51-4051,Metal-Refining Furnace Operators and Tenders,-1.303524,3135,Metal production process controllers,2.0,-0.651762,712311,Engineering Production Worker,1.0,-0.651762
51-4051,Metal-Refining Furnace Operators and Tenders,-1.303524,8121,Metal processing plant operators,2.0,-0.651762,712311,Engineering Production Worker,1.0,-0.651762
51-4052,"Pourers and Casters, Metal",-1.143326,8121,Metal processing plant operators,1.0,-1.143326,712311,Engineering Production Worker,1.0,-1.143326
51-4061,"Model Makers, Metal and Plastic",-0.8677119,7222,Toolmakers and related workers,1.0,-0.8677119,323312,Gunsmith,5.0,-0.17354238
51-4061,"Model Makers, Metal and Plastic",-0.8677119,7222,Toolmakers and related workers,1.0,-0.8677119,323313,Locksmith,5.0,-0.17354238
51-4061,"Model Makers, Metal and Plastic",-0.8677119,7222,Toolmakers and related workers,1.0,-0.8677119,323315,Saw Doctor,5.0,-0.17354238
51-4061,"Model Makers, Metal and Plastic",-0.8677119,7222,Toolmakers and related workers,1.0,-0.8677119,323411,Engineering Patternmaker,5.0,-0.17354238
51-4061,"Model Makers, Metal and Plastic",-0.8677119,7222,Toolmakers and related workers,1.0,-0.8677119,323412,Toolmaker,5.0,-0.17354238
51-4062,"Patternmakers, Metal and Plastic",-0.7883947,7222,Toolmakers and related workers,1.0,-0.7883947,323312,Gunsmith,5.0,-0.15767894
51-4062,"Patternmakers, Metal and Plastic",-0.7883947,7222,Toolmakers and related workers,1.0,-0.7883947,323313,Locksmith,5.0,-0.15767894
51-4062,"Patternmakers, Metal and Plastic",-0.7883947,7222,Toolmakers and related workers,1.0,-0.7883947,323315,Saw Doctor,5.0,-0.15767894
51-4062,"Patternmakers, Metal and Plastic",-0.7883947,7222,Toolmakers and related workers,1.0,-0.7883947,323411,Engineering Patternmaker,5.0,-0.15767894
51-4062,"Patternmakers, Metal and Plastic",-0.7883947,7222,Toolmakers and related workers,1.0,-0.7883947,323412,Toolmaker,5.0,-0.15767894
51-4071,Foundry Mold and Coremakers,-1.641733,7211,Metal moulders and coremakers,1.0,-1.641733,322114,Metal Casting Trades Worker,1.0,-1.641733
51-4072,"Molding, Coremaking, and Casting Machine Setters, Operators, and Tenders, Metal and Plastic",-1.108139,7211,Metal moulders and coremakers,2.0,-0.5540695,322114,Metal Casting Trades Worker,1.0,-0.5540695
51-4072,"Molding, Coremaking, and Casting Machine Setters, Operators, and Tenders, Metal and Plastic",-1.108139,8142,Plastic products machine operators,2.0,-0.5540695,399111,Boat Builder and Repairer,7.0,-0.07915278571428572
51-4072,"Molding, Coremaking, and Casting Machine Setters, Operators, and Tenders, Metal and Plastic",-1.108139,8142,Plastic products machine operators,2.0,-0.5540695,711511,Plastic Cablemaking Machine Operator,7.0,-0.07915278571428572
51-4072,"Molding, Coremaking, and Casting Machine Setters, Operators, and Tenders, Metal and Plastic",-1.108139,8142,Plastic products machine operators,2.0,-0.5540695,711512,Plastic Compounding and Reclamation Machine Operator,7.0,-0.07915278571428572
51-4072,"Molding, Coremaking, and Casting Machine Setters, Operators, and Tenders, Metal and Plastic",-1.108139,8142,Plastic products machine operators,2.0,-0.5540695,711513,Plastics Fabricator or Welder,7.0,-0.07915278571428572
51-4072,"Molding, Coremaking, and Casting Machine Setters, Operators, and Tenders, Metal and Plastic",-1.108139,8142,Plastic products machine operators,2.0,-0.5540695,711514,Plastics Production Machine Operator (General),7.0,-0.07915278571428572
51-4072,"Molding, Coremaking, and Casting Machine Setters, Operators, and Tenders, Metal and Plastic",-1.108139,8142,Plastic products machine operators,2.0,-0.5540695,711515,Reinforced Plastic and Composite Production Worker,7.0,-0.07915278571428572
51-4072,"Molding, Coremaking, and Casting Machine Setters, Operators, and Tenders, Metal and Plastic",-1.108139,8142,Plastic products machine operators,2.0,-0.5540695,711599,Plastics and Rubber Production Machine Operators nec,7.0,-0.07915278571428572
51-4081,"Multiple Machine Tool Setters, Operators, and Tenders, Metal and Plastic",-0.8448762,7223,Metal working machine tool setters and operators,1.0,-0.8448762,323211,Fitter (General),4.0,-0.21121905
51-4081,"Multiple Machine Tool Setters, Operators, and Tenders, Metal and Plastic",-0.8448762,7223,Metal working machine tool setters and operators,1.0,-0.8448762,323212,Fitter and Turner,4.0,-0.21121905
51-4081,"Multiple Machine Tool Setters, Operators, and Tenders, Metal and Plastic",-0.8448762,7223,Metal working machine tool setters and operators,1.0,-0.8448762,323214,Metal Machinist (First Class),4.0,-0.21121905
51-4081,"Multiple Machine Tool Setters, Operators, and Tenders, Metal and Plastic",-0.8448762,7223,Metal working machine tool setters and operators,1.0,-0.8448762,712311,Engineering Production Worker,4.0,-0.21121905
51-4111,Tool and Die Makers,-0.6871514,7222,Toolmakers and related workers,1.0,-0.6871514,323312,Gunsmith,5.0,-0.13743028
51-4111,Tool and Die Makers,-0.6871514,7222,Toolmakers and related workers,1.0,-0.6871514,323313,Locksmith,5.0,-0.13743028
51-4111,Tool and Die Makers,-0.6871514,7222,Toolmakers and related workers,1.0,-0.6871514,323315,Saw Doctor,5.0,-0.13743028
51-4111,Tool and Die Makers,-0.6871514,7222,Toolmakers and related workers,1.0,-0.6871514,323411,Engineering Patternmaker,5.0,-0.13743028
51-4111,Tool and Die Makers,-0.6871514,7222,Toolmakers and related workers,1.0,-0.6871514,323412,Toolmaker,5.0,-0.13743028
51-4121,"Welders, Cutters, Solderers, and Brazers",-1.297821,7212,Welders and flamecutters,1.0,-1.297821,322311,Metal Fabricator,5.0,-0.25956419999999997
51-4121,"Welders, Cutters, Solderers, and Brazers",-1.297821,7212,Welders and flamecutters,1.0,-1.297821,322312,Pressure Welder,5.0,-0.25956419999999997
51-4121,"Welders, Cutters, Solderers, and Brazers",-1.297821,7212,Welders and flamecutters,1.0,-1.297821,322313,Welder (First Class) (Aus) / Welder (NZ),5.0,-0.25956419999999997
51-4121,"Welders, Cutters, Solderers, and Brazers",-1.297821,7212,Welders and flamecutters,1.0,-1.297821,323213,Fitter-Welder,5.0,-0.25956419999999997
51-4121,"Welders, Cutters, Solderers, and Brazers",-1.297821,7212,Welders and flamecutters,1.0,-1.297821,712311,Engineering Production Worker,5.0,-0.25956419999999997
51-4122,"Welding, Soldering, and Brazing Machine Setters, Operators, and Tenders",-1.047832,7212,Welders and flamecutters,1.0,-1.047832,322311,Metal Fabricator,5.0,-0.2095664
51-4122,"Welding, Soldering, and Brazing Machine Setters, Operators, and Tenders",-1.047832,7212,Welders and flamecutters,1.0,-1.047832,322312,Pressure Welder,5.0,-0.2095664
51-4122,"Welding, Soldering, and Brazing Machine Setters, Operators, and Tenders",-1.047832,7212,Welders and flamecutters,1.0,-1.047832,322313,Welder (First Class) (Aus) / Welder (NZ),5.0,-0.2095664
51-4122,"Welding, Soldering, and Brazing Machine Setters, Operators, and Tenders",-1.047832,7212,Welders and flamecutters,1.0,-1.047832,323213,Fitter-Welder,5.0,-0.2095664
51-4122,"Welding, Soldering, and Brazing Machine Setters, Operators, and Tenders",-1.047832,7212,Welders and flamecutters,1.0,-1.047832,712311,Engineering Production Worker,5.0,-0.2095664
51-4191,"Heat Treating Equipment Setters, Operators, and Tenders, Metal and Plastic",-1.171104,8121,Metal processing plant operators,2.0,-0.585552,712311,Engineering Production Worker,1.0,-0.585552
51-4191,"Heat Treating Equipment Setters, Operators, and Tenders, Metal and Plastic",-1.171104,8142,Plastic products machine operators,2.0,-0.585552,399111,Boat Builder and Repairer,7.0,-0.0836502857142857
51-4191,"Heat Treating Equipment Setters, Operators, and Tenders, Metal and Plastic",-1.171104,8142,Plastic products machine operators,2.0,-0.585552,711511,Plastic Cablemaking Machine Operator,7.0,-0.0836502857142857
51-4191,"Heat Treating Equipment Setters, Operators, and Tenders, Metal and Plastic",-1.171104,8142,Plastic products machine operators,2.0,-0.585552,711512,Plastic Compounding and Reclamation Machine Operator,7.0,-0.0836502857142857
51-4191,"Heat Treating Equipment Setters, Operators, and Tenders, Metal and Plastic",-1.171104,8142,Plastic products machine operators,2.0,-0.585552,711513,Plastics Fabricator or Welder,7.0,-0.0836502857142857
51-4191,"Heat Treating Equipment Setters, Operators, and Tenders, Metal and Plastic",-1.171104,8142,Plastic products machine operators,2.0,-0.585552,711514,Plastics Production Machine Operator (General),7.0,-0.0836502857142857
51-4191,"Heat Treating Equipment Setters, Operators, and Tenders, Metal and Plastic",-1.171104,8142,Plastic products machine operators,2.0,-0.585552,711515,Reinforced Plastic and Composite Production Worker,7.0,-0.0836502857142857
51-4191,"Heat Treating Equipment Setters, Operators, and Tenders, Metal and Plastic",-1.171104,8142,Plastic products machine operators,2.0,-0.585552,711599,Plastics and Rubber Production Machine Operators nec,7.0,-0.0836502857142857
51-4192,"Layout Workers, Metal and Plastic",-0.9359565,7213,Sheet-metal workers,2.0,-0.46797825,322211,Sheetmetal Worker,7.0,-0.0668540357142857
51-4192,"Layout Workers, Metal and Plastic",-0.9359565,7213,Sheet-metal workers,2.0,-0.46797825,322311,Metal Fabricator,7.0,-0.0668540357142857
51-4192,"Layout Workers, Metal and Plastic",-0.9359565,7213,Sheet-metal workers,2.0,-0.46797825,323113,Aircraft Maintenance Engineer (Structures),7.0,-0.0668540357142857
51-4192,"Layout Workers, Metal and Plastic",-0.9359565,7213,Sheet-metal workers,2.0,-0.46797825,324111,Panelbeater,7.0,-0.0668540357142857
51-4192,"Layout Workers, Metal and Plastic",-0.9359565,7213,Sheet-metal workers,2.0,-0.46797825,324211,Vehicle Body Builder,7.0,-0.0668540357142857
51-4192,"Layout Workers, Metal and Plastic",-0.9359565,7213,Sheet-metal workers,2.0,-0.46797825,399111,Boat Builder and Repairer,7.0,-0.0668540357142857
51-4192,"Layout Workers, Metal and Plastic",-0.9359565,7213,Sheet-metal workers,2.0,-0.46797825,712311,Engineering Production Worker,7.0,-0.0668540357142857
51-4192,"Layout Workers, Metal and Plastic",-0.9359565,7222,Toolmakers and related workers,2.0,-0.46797825,323312,Gunsmith,5.0,-0.09359565
51-4192,"Layout Workers, Metal and Plastic",-0.9359565,7222,Toolmakers and related workers,2.0,-0.46797825,323313,Locksmith,5.0,-0.09359565
51-4192,"Layout Workers, Metal and Plastic",-0.9359565,7222,Toolmakers and related workers,2.0,-0.46797825,323315,Saw Doctor,5.0,-0.09359565
51-4192,"Layout Workers, Metal and Plastic",-0.9359565,7222,Toolmakers and related workers,2.0,-0.46797825,323411,Engineering Patternmaker,5.0,-0.09359565
51-4192,"Layout Workers, Metal and Plastic",-0.9359565,7222,Toolmakers and related workers,2.0,-0.46797825,323412,Toolmaker,5.0,-0.09359565
51-4193,"Plating and Coating Machine Setters, Operators, and Tenders, Metal and Plastic",-0.8283305,8122,"Metal finishing, plating and coating machine operators",2.0,-0.41416525,322112,Electroplater,3.0,-0.13805508333333333
51-4193,"Plating and Coating Machine Setters, Operators, and Tenders, Metal and Plastic",-0.8283305,8122,"Metal finishing, plating and coating machine operators",2.0,-0.41416525,711913,Sand Blaster,3.0,-0.13805508333333333
51-4193,"Plating and Coating Machine Setters, Operators, and Tenders, Metal and Plastic",-0.8283305,8122,"Metal finishing, plating and coating machine operators",2.0,-0.41416525,712311,Engineering Production Worker,3.0,-0.13805508333333333
51-4193,"Plating and Coating Machine Setters, Operators, and Tenders, Metal and Plastic",-0.8283305,8142,Plastic products machine operators,2.0,-0.41416525,399111,Boat Builder and Repairer,7.0,-0.05916646428571428
51-4193,"Plating and Coating Machine Setters, Operators, and Tenders, Metal and Plastic",-0.8283305,8142,Plastic products machine operators,2.0,-0.41416525,711511,Plastic Cablemaking Machine Operator,7.0,-0.05916646428571428
51-4193,"Plating and Coating Machine Setters, Operators, and Tenders, Metal and Plastic",-0.8283305,8142,Plastic products machine operators,2.0,-0.41416525,711512,Plastic Compounding and Reclamation Machine Operator,7.0,-0.05916646428571428
51-4193,"Plating and Coating Machine Setters, Operators, and Tenders, Metal and Plastic",-0.8283305,8142,Plastic products machine operators,2.0,-0.41416525,711513,Plastics Fabricator or Welder,7.0,-0.05916646428571428
51-4193,"Plating and Coating Machine Setters, Operators, and Tenders, Metal and Plastic",-0.8283305,8142,Plastic products machine operators,2.0,-0.41416525,711514,Plastics Production Machine Operator (General),7.0,-0.05916646428571428
51-4193,"Plating and Coating Machine Setters, Operators, and Tenders, Metal and Plastic",-0.8283305,8142,Plastic products machine operators,2.0,-0.41416525,711515,Reinforced Plastic and Composite Production Worker,7.0,-0.05916646428571428
51-4193,"Plating and Coating Machine Setters, Operators, and Tenders, Metal and Plastic",-0.8283305,8142,Plastic products machine operators,2.0,-0.41416525,711599,Plastics and Rubber Production Machine Operators nec,7.0,-0.05916646428571428
51-4194,"Tool Grinders, Filers, and Sharpeners",-1.097234,7224,"Metal polishers, wheel grinders and tool sharpeners",1.0,-1.097234,322115,Metal Polisher,3.0,-0.36574466666666666
51-4194,"Tool Grinders, Filers, and Sharpeners",-1.097234,7224,"Metal polishers, wheel grinders and tool sharpeners",1.0,-1.097234,323315,Saw Doctor,3.0,-0.36574466666666666
51-4194,"Tool Grinders, Filers, and Sharpeners",-1.097234,7224,"Metal polishers, wheel grinders and tool sharpeners",1.0,-1.097234,712311,Engineering Production Worker,3.0,-0.36574466666666666
51-5111,Prepress Technicians and Workers,-0.0014732,7321,Pre-press technicians,1.0,-0.0014732,392211,Graphic Pre-press Trades Worker,1.0,-0.0014732
51-5112,Printing Press Operators,-0.84434,7322,Printers ,1.0,-0.84434,392112,Screen Printer,3.0,-0.2814466666666667
51-5112,Printing Press Operators,-0.84434,7322,Printers ,1.0,-0.84434,392311,Printing Machinist,3.0,-0.2814466666666667
51-5112,Printing Press Operators,-0.84434,7322,Printers ,1.0,-0.84434,392312,Small Offset Printer,3.0,-0.2814466666666667
51-5113,Print Binding and Finishing Workers,-0.9139293,7323,Print finishing and binding workers,1.0,-0.9139293,392111,Print Finisher,2.0,-0.45696465
51-5113,Print Binding and Finishing Workers,-0.9139293,7323,Print finishing and binding workers,1.0,-0.9139293,899512,Printing Table Worker,2.0,-0.45696465
51-6011,Laundry and Dry-Cleaning Workers,-0.8894878,8157,Laundry machine operators,1.0,-0.8894878,811511,Laundry Worker (General),3.0,-0.29649593333333335
51-6011,Laundry and Dry-Cleaning Workers,-0.8894878,8157,Laundry machine operators,1.0,-0.8894878,811512,Drycleaner,3.0,-0.29649593333333335
51-6011,Laundry and Dry-Cleaning Workers,-0.8894878,8157,Laundry machine operators,1.0,-0.8894878,811513,Ironer or Presser,3.0,-0.29649593333333335
51-6021,"Pressers, Textile, Garment, and Related Materials",-1.853906,9121,Hand launderers and pressers,1.0,-1.853906,811511,Laundry Worker (General),3.0,-0.6179686666666667
51-6021,"Pressers, Textile, Garment, and Related Materials",-1.853906,9121,Hand launderers and pressers,1.0,-1.853906,811512,Drycleaner,3.0,-0.6179686666666667
51-6021,"Pressers, Textile, Garment, and Related Materials",-1.853906,9121,Hand launderers and pressers,1.0,-1.853906,811513,Ironer or Presser,3.0,-0.6179686666666667
51-6031,Sewing Machine Operators,-1.272624,8153,Sewing machine operators,1.0,-1.272624,711611,Sewing Machinist,1.0,-1.272624
51-6041,Shoe and Leather Workers and Repairers,-1.006982,7318,"Handicraft workers in textile, leather and related materials",3.0,-0.33566066666666666,211499,Visual Arts and Crafts Professionals nec,1.0,-0.33566066666666666
51-6041,Shoe and Leather Workers and Repairers,-1.006982,7533,"Sewing, embroidery and related workers",3.0,-0.33566066666666666,393111,Canvas Goods Fabricator,3.0,-0.11188688888888888
51-6041,Shoe and Leather Workers and Repairers,-1.006982,7533,"Sewing, embroidery and related workers",3.0,-0.33566066666666666,393112,Leather Goods Maker,3.0,-0.11188688888888888
51-6041,Shoe and Leather Workers and Repairers,-1.006982,7533,"Sewing, embroidery and related workers",3.0,-0.33566066666666666,393113,Sail Maker,3.0,-0.11188688888888888
51-6041,Shoe and Leather Workers and Repairers,-1.006982,7536,Shoemakers and related workers,3.0,-0.33566066666666666,393112,Leather Goods Maker,2.0,-0.16783033333333333
51-6041,Shoe and Leather Workers and Repairers,-1.006982,7536,Shoemakers and related workers,3.0,-0.33566066666666666,393114,Shoemaker,2.0,-0.16783033333333333
51-6042,Shoe Machine Operators and Tenders,-1.052404,8156,Shoemaking and related machine operators,1.0,-1.052404,711711,Footwear Production Machine Operator,1.0,-1.052404
51-6051,"Sewers, Hand",-1.019362,7533,"Sewing, embroidery and related workers",1.0,-1.019362,393111,Canvas Goods Fabricator,3.0,-0.3397873333333334
51-6051,"Sewers, Hand",-1.019362,7533,"Sewing, embroidery and related workers",1.0,-1.019362,393112,Leather Goods Maker,3.0,-0.3397873333333334
51-6051,"Sewers, Hand",-1.019362,7533,"Sewing, embroidery and related workers",1.0,-1.019362,393113,Sail Maker,3.0,-0.3397873333333334
51-6052,"Tailors, Dressmakers, and Custom Sewers",-0.6065376,7531,"Tailors, dressmakers, furriers and hatters",1.0,-0.6065376,393213,Dressmaker or Tailor,2.0,-0.3032688
51-6052,"Tailors, Dressmakers, and Custom Sewers",-0.6065376,7531,"Tailors, dressmakers, furriers and hatters",1.0,-0.6065376,393299,Clothing Trades Workers nec,2.0,-0.3032688
51-6061,Textile Bleaching and Dyeing Machine Operators and Tenders,-0.9229649,8154,"Bleaching, dyeing and fabric cleaning machine operators",1.0,-0.9229649,711714,Textile Dyeing and Finishing Machine Operator,1.0,-0.9229649
51-6062,"Textile Cutting Machine Setters, Operators, and Tenders",-1.116033,7532,Garment and related pattern-makers and cutters,1.0,-1.116033,393211,Apparel Cutter,2.0,-0.5580165
51-6062,"Textile Cutting Machine Setters, Operators, and Tenders",-1.116033,7532,Garment and related pattern-makers and cutters,1.0,-1.116033,393212,Clothing Patternmaker,2.0,-0.5580165
51-6063,"Textile Knitting and Weaving Machine Setters, Operators, and Tenders",-1.155505,8152,Weaving and knitting machine operators,1.0,-1.155505,711713,Knitting Machine Operator,3.0,-0.38516833333333333
51-6063,"Textile Knitting and Weaving Machine Setters, Operators, and Tenders",-1.155505,8152,Weaving and knitting machine operators,1.0,-1.155505,711715,Weaving Machine Operator,3.0,-0.38516833333333333
51-6063,"Textile Knitting and Weaving Machine Setters, Operators, and Tenders",-1.155505,8152,Weaving and knitting machine operators,1.0,-1.155505,711799,Textile and Footwear Production Machine Operators nec,3.0,-0.38516833333333333
51-6064,"Textile Winding, Twisting, and Drawing Out Machine Setters, Operators, and Tenders",-1.416544,8151,"Fibre preparing, spinning and winding machine operators",1.0,-1.416544,711716,Yarn Carding and Spinning Machine Operator,2.0,-0.708272
51-6064,"Textile Winding, Twisting, and Drawing Out Machine Setters, Operators, and Tenders",-1.416544,8151,"Fibre preparing, spinning and winding machine operators",1.0,-1.416544,711799,Textile and Footwear Production Machine Operators nec,2.0,-0.708272
51-6091,"Extruding and Forming Machine Setters, Operators, and Tenders, Synthetic and Glass Fibers",-0.9238047,8181,Glass and ceramics plant operators,1.0,-0.9238047,711111,Clay Products Machine Operator,2.0,-0.46190235
51-6091,"Extruding and Forming Machine Setters, Operators, and Tenders, Synthetic and Glass Fibers",-0.9238047,8181,Glass and ceramics plant operators,1.0,-0.9238047,711113,Glass Production Machine Operator,2.0,-0.46190235
51-6092,Fabric and Apparel Patternmakers,-0.3332033,7532,Garment and related pattern-makers and cutters,1.0,-0.3332033,393211,Apparel Cutter,2.0,-0.16660165
51-6092,Fabric and Apparel Patternmakers,-0.3332033,7532,Garment and related pattern-makers and cutters,1.0,-0.3332033,393212,Clothing Patternmaker,2.0,-0.16660165
51-6093,Upholsterers,-1.405178,7534,Upholsterers and related workers,1.0,-1.405178,324212,Vehicle Trimmer,2.0,-0.702589
51-6093,Upholsterers,-1.405178,7534,Upholsterers and related workers,1.0,-1.405178,393311,Upholsterer,2.0,-0.702589
51-7011,Cabinetmakers and Bench Carpenters,-1.326847,7522,Cabinet-makers and related workers,1.0,-1.326847,394112,Cabinet Maker,4.0,-0.33171175
51-7011,Cabinetmakers and Bench Carpenters,-1.326847,7522,Cabinet-makers and related workers,1.0,-1.326847,394113,Furniture Maker,4.0,-0.33171175
51-7011,Cabinetmakers and Bench Carpenters,-1.326847,7522,Cabinet-makers and related workers,1.0,-1.326847,394211,Furniture Finisher,4.0,-0.33171175
51-7011,Cabinetmakers and Bench Carpenters,-1.326847,7522,Cabinet-makers and related workers,1.0,-1.326847,394212,Picture Framer,4.0,-0.33171175
51-7021,Furniture Finishers,-1.238141,7522,Cabinet-makers and related workers,1.0,-1.238141,394112,Cabinet Maker,4.0,-0.30953525
51-7021,Furniture Finishers,-1.238141,7522,Cabinet-makers and related workers,1.0,-1.238141,394113,Furniture Maker,4.0,-0.30953525
51-7021,Furniture Finishers,-1.238141,7522,Cabinet-makers and related workers,1.0,-1.238141,394211,Furniture Finisher,4.0,-0.30953525
51-7021,Furniture Finishers,-1.238141,7522,Cabinet-makers and related workers,1.0,-1.238141,394212,Picture Framer,4.0,-0.30953525
51-7031,"Model Makers, Wood",-0.8021085,7522,Cabinet-makers and related workers,1.0,-0.8021085,394112,Cabinet Maker,4.0,-0.200527125
51-7031,"Model Makers, Wood",-0.8021085,7522,Cabinet-makers and related workers,1.0,-0.8021085,394113,Furniture Maker,4.0,-0.200527125
51-7031,"Model Makers, Wood",-0.8021085,7522,Cabinet-makers and related workers,1.0,-0.8021085,394211,Furniture Finisher,4.0,-0.200527125
51-7031,"Model Makers, Wood",-0.8021085,7522,Cabinet-makers and related workers,1.0,-0.8021085,394212,Picture Framer,4.0,-0.200527125
51-7032,"Patternmakers, Wood",-1.208153,7522,Cabinet-makers and related workers,1.0,-1.208153,394112,Cabinet Maker,4.0,-0.30203825
51-7032,"Patternmakers, Wood",-1.208153,7522,Cabinet-makers and related workers,1.0,-1.208153,394113,Furniture Maker,4.0,-0.30203825
51-7032,"Patternmakers, Wood",-1.208153,7522,Cabinet-makers and related workers,1.0,-1.208153,394211,Furniture Finisher,4.0,-0.30203825
51-7032,"Patternmakers, Wood",-1.208153,7522,Cabinet-makers and related workers,1.0,-1.208153,394212,Picture Framer,4.0,-0.30203825
51-7041,"Sawing Machine Setters, Operators, and Tenders, Wood",-1.265049,8172,Wood processing plant operators,1.0,-1.265049,711313,Sawmilling Operator,3.0,-0.42168300000000003
51-7041,"Sawing Machine Setters, Operators, and Tenders, Wood",-1.265049,8172,Wood processing plant operators,1.0,-1.265049,711314,Other Wood Processing Machine Operator,3.0,-0.42168300000000003
51-7041,"Sawing Machine Setters, Operators, and Tenders, Wood",-1.265049,8172,Wood processing plant operators,1.0,-1.265049,712999,Stationary Plant Operators nec,3.0,-0.42168300000000003
51-7042,"Woodworking Machine Setters, Operators, and Tenders, Except Sawing",-1.203906,7523,Woodworking-machine tool setters and operators,1.0,-1.203906,394213,Wood Machinist,2.0,-0.601953
51-7042,"Woodworking Machine Setters, Operators, and Tenders, Except Sawing",-1.203906,7523,Woodworking-machine tool setters and operators,1.0,-1.203906,394214,Wood Turner,2.0,-0.601953
51-8011,Nuclear Power Reactor Operators,0.408817,3131,Power production plant operators,1.0,0.408817,399212,Gas or Petroleum Operator,2.0,0.2044085
51-8011,Nuclear Power Reactor Operators,0.408817,3131,Power production plant operators,1.0,0.408817,399213,Power Generation Plant Operator,2.0,0.2044085
51-8012,Power Distributors and Dispatchers,0.2565828,3131,Power production plant operators,1.0,0.2565828,399212,Gas or Petroleum Operator,2.0,0.1282914
51-8012,Power Distributors and Dispatchers,0.2565828,3131,Power production plant operators,1.0,0.2565828,399213,Power Generation Plant Operator,2.0,0.1282914
51-8013,Power Plant Operators,-0.4411169,3131,Power production plant operators,1.0,-0.4411169,399212,Gas or Petroleum Operator,2.0,-0.22055845
51-8013,Power Plant Operators,-0.4411169,3131,Power production plant operators,1.0,-0.4411169,399213,Power Generation Plant Operator,2.0,-0.22055845
51-8021,Stationary Engineers and Boiler Operators,-0.579769,8182,Steam engine and boiler operators,1.0,-0.579769,712911,Boiler or Engine Operator,1.0,-0.579769
51-8031,Water and Wastewater Treatment Plant and System Operators,-0.5590585,3132,Incinerator and water treatment plant operators,1.0,-0.5590585,712921,Waste Water or Water Plant Operator,2.0,-0.27952925
51-8031,Water and Wastewater Treatment Plant and System Operators,-0.5590585,3132,Incinerator and water treatment plant operators,1.0,-0.5590585,712999,Stationary Plant Operators nec,2.0,-0.27952925
51-8091,Chemical Plant and System Operators,-0.560149,3133,Chemical processing plant controllers,1.0,-0.560149,399211,Chemical Plant Operator,1.0,-0.560149
51-8092,Gas Plant Operators,-0.5741886,3134,Petroleum and natural gas refining plant operators,1.0,-0.5741886,399212,Gas or Petroleum Operator,1.0,-0.5741886
51-8093,"Petroleum Pump System Operators, Refinery Operators, and Gaugers",-0.6505692,3134,Petroleum and natural gas refining plant operators,1.0,-0.6505692,399212,Gas or Petroleum Operator,1.0,-0.6505692
51-8099,"Plant and System Operators, All Other",-0.8108405,3132,Incinerator and water treatment plant operators,2.0,-0.40542025,712921,Waste Water or Water Plant Operator,2.0,-0.202710125
51-8099,"Plant and System Operators, All Other",-0.8108405,3132,Incinerator and water treatment plant operators,2.0,-0.40542025,712999,Stationary Plant Operators nec,2.0,-0.202710125
51-8099,"Plant and System Operators, All Other",-0.8108405,8114,"Cement, stone and other mineral products machine operators",2.0,-0.40542025,711112,Concrete Products Machine Operator,6.0,-0.06757004166666666
51-8099,"Plant and System Operators, All Other",-0.8108405,8114,"Cement, stone and other mineral products machine operators",2.0,-0.40542025,711114,Stone Processing Machine Operator,6.0,-0.06757004166666666
51-8099,"Plant and System Operators, All Other",-0.8108405,8114,"Cement, stone and other mineral products machine operators",2.0,-0.40542025,711199,"Clay, Concrete, Glass and Stone Processing Machine Operators nec",6.0,-0.06757004166666666
51-8099,"Plant and System Operators, All Other",-0.8108405,8114,"Cement, stone and other mineral products machine operators",2.0,-0.40542025,712913,Cement Production Plant Operator,6.0,-0.06757004166666666
51-8099,"Plant and System Operators, All Other",-0.8108405,8114,"Cement, stone and other mineral products machine operators",2.0,-0.40542025,712914,Concrete Batching Plant Operator,6.0,-0.06757004166666666
51-8099,"Plant and System Operators, All Other",-0.8108405,8114,"Cement, stone and other mineral products machine operators",2.0,-0.40542025,712915,Concrete Pump Operator,6.0,-0.06757004166666666
51-9011,Chemical Equipment Operators and Tenders,-0.6780245,8131,Chemical products plant and machine operators,1.0,-0.6780245,711911,Chemical Production Machine Operator,2.0,-0.33901225
51-9011,Chemical Equipment Operators and Tenders,-0.6780245,8131,Chemical products plant and machine operators,1.0,-0.6780245,712999,Stationary Plant Operators nec,2.0,-0.33901225
51-9012,"Separating, Filtering, Clarifying, Precipitating, and Still Machine Setters, Operators, and Tenders",-1.048361,7513,Dairy-products makers,2.0,-0.5241805,831114,Dairy Products Maker,1.0,-0.5241805
51-9012,"Separating, Filtering, Clarifying, Precipitating, and Still Machine Setters, Operators, and Tenders",-1.048361,8131,Chemical products plant and machine operators,2.0,-0.5241805,711911,Chemical Production Machine Operator,2.0,-0.26209025
51-9012,"Separating, Filtering, Clarifying, Precipitating, and Still Machine Setters, Operators, and Tenders",-1.048361,8131,Chemical products plant and machine operators,2.0,-0.5241805,712999,Stationary Plant Operators nec,2.0,-0.26209025
51-9021,"Crushing, Grinding, and Polishing Machine Setters, Operators, and Tenders",-1.135783,8112,Mineral and stone processing plant operators,4.0,-0.28394575,712999,Stationary Plant Operators nec,1.0,-0.28394575
51-9021,"Crushing, Grinding, and Polishing Machine Setters, Operators, and Tenders",-1.135783,8114,"Cement, stone and other mineral products machine operators",4.0,-0.28394575,711112,Concrete Products Machine Operator,6.0,-0.047324291666666664
51-9021,"Crushing, Grinding, and Polishing Machine Setters, Operators, and Tenders",-1.135783,8114,"Cement, stone and other mineral products machine operators",4.0,-0.28394575,711114,Stone Processing Machine Operator,6.0,-0.047324291666666664
51-9021,"Crushing, Grinding, and Polishing Machine Setters, Operators, and Tenders",-1.135783,8114,"Cement, stone and other mineral products machine operators",4.0,-0.28394575,711199,"Clay, Concrete, Glass and Stone Processing Machine Operators nec",6.0,-0.047324291666666664
51-9021,"Crushing, Grinding, and Polishing Machine Setters, Operators, and Tenders",-1.135783,8114,"Cement, stone and other mineral products machine operators",4.0,-0.28394575,712913,Cement Production Plant Operator,6.0,-0.047324291666666664
51-9021,"Crushing, Grinding, and Polishing Machine Setters, Operators, and Tenders",-1.135783,8114,"Cement, stone and other mineral products machine operators",4.0,-0.28394575,712914,Concrete Batching Plant Operator,6.0,-0.047324291666666664
51-9021,"Crushing, Grinding, and Polishing Machine Setters, Operators, and Tenders",-1.135783,8114,"Cement, stone and other mineral products machine operators",4.0,-0.28394575,712915,Concrete Pump Operator,6.0,-0.047324291666666664
51-9021,"Crushing, Grinding, and Polishing Machine Setters, Operators, and Tenders",-1.135783,8141,Rubber products machine operators,4.0,-0.28394575,711516,Rubber Production Machine Operator,1.0,-0.28394575
51-9021,"Crushing, Grinding, and Polishing Machine Setters, Operators, and Tenders",-1.135783,8181,Glass and ceramics plant operators,4.0,-0.28394575,711111,Clay Products Machine Operator,2.0,-0.141972875
51-9021,"Crushing, Grinding, and Polishing Machine Setters, Operators, and Tenders",-1.135783,8181,Glass and ceramics plant operators,4.0,-0.28394575,711113,Glass Production Machine Operator,2.0,-0.141972875
51-9022,"Grinding and Polishing Workers, Hand",-1.219517,7224,"Metal polishers, wheel grinders and tool sharpeners",2.0,-0.6097585,322115,Metal Polisher,3.0,-0.20325283333333333
51-9022,"Grinding and Polishing Workers, Hand",-1.219517,7224,"Metal polishers, wheel grinders and tool sharpeners",2.0,-0.6097585,323315,Saw Doctor,3.0,-0.20325283333333333
51-9022,"Grinding and Polishing Workers, Hand",-1.219517,7224,"Metal polishers, wheel grinders and tool sharpeners",2.0,-0.6097585,712311,Engineering Production Worker,3.0,-0.20325283333333333
51-9022,"Grinding and Polishing Workers, Hand",-1.219517,7315,"Glass makers, cutters, grinders and finishers",2.0,-0.6097585,399914,Optical Mechanic,2.0,-0.30487925
51-9022,"Grinding and Polishing Workers, Hand",-1.219517,7315,"Glass makers, cutters, grinders and finishers",2.0,-0.6097585,399999,Technicians and Trades Workers nec,2.0,-0.30487925
51-9023,"Mixing and Blending Machine Setters, Operators, and Tenders",-0.940904,8114,"Cement, stone and other mineral products machine operators",2.0,-0.470452,711112,Concrete Products Machine Operator,6.0,-0.07840866666666667
51-9023,"Mixing and Blending Machine Setters, Operators, and Tenders",-0.940904,8114,"Cement, stone and other mineral products machine operators",2.0,-0.470452,711114,Stone Processing Machine Operator,6.0,-0.07840866666666667
51-9023,"Mixing and Blending Machine Setters, Operators, and Tenders",-0.940904,8114,"Cement, stone and other mineral products machine operators",2.0,-0.470452,711199,"Clay, Concrete, Glass and Stone Processing Machine Operators nec",6.0,-0.07840866666666667
51-9023,"Mixing and Blending Machine Setters, Operators, and Tenders",-0.940904,8114,"Cement, stone and other mineral products machine operators",2.0,-0.470452,712913,Cement Production Plant Operator,6.0,-0.07840866666666667
51-9023,"Mixing and Blending Machine Setters, Operators, and Tenders",-0.940904,8114,"Cement, stone and other mineral products machine operators",2.0,-0.470452,712914,Concrete Batching Plant Operator,6.0,-0.07840866666666667
51-9023,"Mixing and Blending Machine Setters, Operators, and Tenders",-0.940904,8114,"Cement, stone and other mineral products machine operators",2.0,-0.470452,712915,Concrete Pump Operator,6.0,-0.07840866666666667
51-9023,"Mixing and Blending Machine Setters, Operators, and Tenders",-0.940904,8181,Glass and ceramics plant operators,2.0,-0.470452,711111,Clay Products Machine Operator,2.0,-0.235226
51-9023,"Mixing and Blending Machine Setters, Operators, and Tenders",-0.940904,8181,Glass and ceramics plant operators,2.0,-0.470452,711113,Glass Production Machine Operator,2.0,-0.235226
51-9031,"Cutters and Trimmers, Hand",-0.9457526,7315,"Glass makers, cutters, grinders and finishers",2.0,-0.4728763,399914,Optical Mechanic,2.0,-0.23643815
51-9031,"Cutters and Trimmers, Hand",-0.9457526,7315,"Glass makers, cutters, grinders and finishers",2.0,-0.4728763,399999,Technicians and Trades Workers nec,2.0,-0.23643815
51-9031,"Cutters and Trimmers, Hand",-0.9457526,7532,Garment and related pattern-makers and cutters,2.0,-0.4728763,393211,Apparel Cutter,2.0,-0.23643815
51-9031,"Cutters and Trimmers, Hand",-0.9457526,7532,Garment and related pattern-makers and cutters,2.0,-0.4728763,393212,Clothing Patternmaker,2.0,-0.23643815
51-9032,"Cutting and Slicing Machine Setters, Operators, and Tenders",-1.198831,8114,"Cement, stone and other mineral products machine operators",1.0,-1.198831,711112,Concrete Products Machine Operator,6.0,-0.19980516666666667
51-9032,"Cutting and Slicing Machine Setters, Operators, and Tenders",-1.198831,8114,"Cement, stone and other mineral products machine operators",1.0,-1.198831,711114,Stone Processing Machine Operator,6.0,-0.19980516666666667
51-9032,"Cutting and Slicing Machine Setters, Operators, and Tenders",-1.198831,8114,"Cement, stone and other mineral products machine operators",1.0,-1.198831,711199,"Clay, Concrete, Glass and Stone Processing Machine Operators nec",6.0,-0.19980516666666667
51-9032,"Cutting and Slicing Machine Setters, Operators, and Tenders",-1.198831,8114,"Cement, stone and other mineral products machine operators",1.0,-1.198831,712913,Cement Production Plant Operator,6.0,-0.19980516666666667
51-9032,"Cutting and Slicing Machine Setters, Operators, and Tenders",-1.198831,8114,"Cement, stone and other mineral products machine operators",1.0,-1.198831,712914,Concrete Batching Plant Operator,6.0,-0.19980516666666667
51-9032,"Cutting and Slicing Machine Setters, Operators, and Tenders",-1.198831,8114,"Cement, stone and other mineral products machine operators",1.0,-1.198831,712915,Concrete Pump Operator,6.0,-0.19980516666666667
51-9041,"Extruding, Forming, Pressing, and Compacting Machine Setters, Operators, and Tenders",-1.137883,8141,Rubber products machine operators,4.0,-0.28447075,711516,Rubber Production Machine Operator,1.0,-0.28447075
51-9041,"Extruding, Forming, Pressing, and Compacting Machine Setters, Operators, and Tenders",-1.137883,8160,Food and related products machine operators,4.0,-0.28447075,712999,Stationary Plant Operators nec,13.0,-0.021882365384615386
51-9041,"Extruding, Forming, Pressing, and Compacting Machine Setters, Operators, and Tenders",-1.137883,8160,Food and related products machine operators,4.0,-0.28447075,831111,Baking Factory Worker,13.0,-0.021882365384615386
51-9041,"Extruding, Forming, Pressing, and Compacting Machine Setters, Operators, and Tenders",-1.137883,8160,Food and related products machine operators,4.0,-0.28447075,831112,Brewery Worker,13.0,-0.021882365384615386
51-9041,"Extruding, Forming, Pressing, and Compacting Machine Setters, Operators, and Tenders",-1.137883,8160,Food and related products machine operators,4.0,-0.28447075,831113,Confectionery Maker,13.0,-0.021882365384615386
51-9041,"Extruding, Forming, Pressing, and Compacting Machine Setters, Operators, and Tenders",-1.137883,8160,Food and related products machine operators,4.0,-0.28447075,831114,Dairy Products Maker,13.0,-0.021882365384615386
51-9041,"Extruding, Forming, Pressing, and Compacting Machine Setters, Operators, and Tenders",-1.137883,8160,Food and related products machine operators,4.0,-0.28447075,831115,Fruit and Vegetable Factory Worker,13.0,-0.021882365384615386
51-9041,"Extruding, Forming, Pressing, and Compacting Machine Setters, Operators, and Tenders",-1.137883,8160,Food and related products machine operators,4.0,-0.28447075,831116,Grain Mill Worker,13.0,-0.021882365384615386
51-9041,"Extruding, Forming, Pressing, and Compacting Machine Setters, Operators, and Tenders",-1.137883,8160,Food and related products machine operators,4.0,-0.28447075,831117,Sugar Mill Worker,13.0,-0.021882365384615386
51-9041,"Extruding, Forming, Pressing, and Compacting Machine Setters, Operators, and Tenders",-1.137883,8160,Food and related products machine operators,4.0,-0.28447075,831118,Winery Cellar Hand,13.0,-0.021882365384615386
51-9041,"Extruding, Forming, Pressing, and Compacting Machine Setters, Operators, and Tenders",-1.137883,8160,Food and related products machine operators,4.0,-0.28447075,831199,Food and Drink Factory Workers nec,13.0,-0.021882365384615386
51-9041,"Extruding, Forming, Pressing, and Compacting Machine Setters, Operators, and Tenders",-1.137883,8160,Food and related products machine operators,4.0,-0.28447075,831311,Meat Process Worker,13.0,-0.021882365384615386
51-9041,"Extruding, Forming, Pressing, and Compacting Machine Setters, Operators, and Tenders",-1.137883,8160,Food and related products machine operators,4.0,-0.28447075,831312,Poultry Process Worker,13.0,-0.021882365384615386
51-9041,"Extruding, Forming, Pressing, and Compacting Machine Setters, Operators, and Tenders",-1.137883,8160,Food and related products machine operators,4.0,-0.28447075,831313,Seafood Process Worker,13.0,-0.021882365384615386
51-9041,"Extruding, Forming, Pressing, and Compacting Machine Setters, Operators, and Tenders",-1.137883,8181,Glass and ceramics plant operators,4.0,-0.28447075,711111,Clay Products Machine Operator,2.0,-0.142235375
51-9041,"Extruding, Forming, Pressing, and Compacting Machine Setters, Operators, and Tenders",-1.137883,8181,Glass and ceramics plant operators,4.0,-0.28447075,711113,Glass Production Machine Operator,2.0,-0.142235375
51-9041,"Extruding, Forming, Pressing, and Compacting Machine Setters, Operators, and Tenders",-1.137883,7516,Tobacco preparers and tobacco products makers,4.0,-0.28447075,831199,Food and Drink Factory Workers nec,1.0,-0.28447075
51-9051,"Furnace, Kiln, Oven, Drier, and Kettle Operators and Tenders",-0.846812,8141,Rubber products machine operators,3.0,-0.28227066666666667,711516,Rubber Production Machine Operator,1.0,-0.28227066666666667
51-9051,"Furnace, Kiln, Oven, Drier, and Kettle Operators and Tenders",-0.846812,7521,Wood treaters,3.0,-0.28227066666666667,712999,Stationary Plant Operators nec,1.0,-0.28227066666666667
51-9051,"Furnace, Kiln, Oven, Drier, and Kettle Operators and Tenders",-0.846812,8181,Glass and ceramics plant operators,3.0,-0.28227066666666667,711111,Clay Products Machine Operator,2.0,-0.14113533333333333
51-9051,"Furnace, Kiln, Oven, Drier, and Kettle Operators and Tenders",-0.846812,8181,Glass and ceramics plant operators,3.0,-0.28227066666666667,711113,Glass Production Machine Operator,2.0,-0.14113533333333333
51-9061,"Inspectors, Testers, Sorters, Samplers, and Weighers",-0.1556781,7543,Product graders and testers (excluding foods and beverages),1.0,-0.1556781,363312,Wool Classer,5.0,-0.031135620000000003
51-9061,"Inspectors, Testers, Sorters, Samplers, and Weighers",-0.1556781,7543,Product graders and testers (excluding foods and beverages),1.0,-0.1556781,399999,Technicians and Trades Workers nec,5.0,-0.031135620000000003
51-9061,"Inspectors, Testers, Sorters, Samplers, and Weighers",-0.1556781,7543,Product graders and testers (excluding foods and beverages),1.0,-0.1556781,839311,Product Examiner,5.0,-0.031135620000000003
51-9061,"Inspectors, Testers, Sorters, Samplers, and Weighers",-0.1556781,7543,Product graders and testers (excluding foods and beverages),1.0,-0.1556781,839312,Product Grader,5.0,-0.031135620000000003
51-9061,"Inspectors, Testers, Sorters, Samplers, and Weighers",-0.1556781,7543,Product graders and testers (excluding foods and beverages),1.0,-0.1556781,839313,Product Tester,5.0,-0.031135620000000003
51-9071,Jewelers and Precious Stone and Metal Workers,-0.6366536,7313,Jewellery and precious-metal workers,1.0,-0.6366536,399411,Jeweller,1.0,-0.6366536
51-9081,Dental Laboratory Technicians,-0.4373581,3214,Medical and dental prosthetic technicians,1.0,-0.4373581,251912,Orthotist or Prosthetist,5.0,-0.08747162
51-9081,Dental Laboratory Technicians,-0.4373581,3214,Medical and dental prosthetic technicians,1.0,-0.4373581,311217,Respiratory Technician,5.0,-0.08747162
51-9081,Dental Laboratory Technicians,-0.4373581,3214,Medical and dental prosthetic technicians,1.0,-0.4373581,311299,Medical Technicians nec,5.0,-0.08747162
51-9081,Dental Laboratory Technicians,-0.4373581,3214,Medical and dental prosthetic technicians,1.0,-0.4373581,411212,Dental Prosthetist,5.0,-0.08747162
51-9081,Dental Laboratory Technicians,-0.4373581,3214,Medical and dental prosthetic technicians,1.0,-0.4373581,411213,Dental Technician,5.0,-0.08747162
51-9082,Medical Appliance Technicians,-0.5483078,3214,Medical and dental prosthetic technicians,1.0,-0.5483078,251912,Orthotist or Prosthetist,5.0,-0.10966156
51-9082,Medical Appliance Technicians,-0.5483078,3214,Medical and dental prosthetic technicians,1.0,-0.5483078,311217,Respiratory Technician,5.0,-0.10966156
51-9082,Medical Appliance Technicians,-0.5483078,3214,Medical and dental prosthetic technicians,1.0,-0.5483078,311299,Medical Technicians nec,5.0,-0.10966156
51-9082,Medical Appliance Technicians,-0.5483078,3214,Medical and dental prosthetic technicians,1.0,-0.5483078,411212,Dental Prosthetist,5.0,-0.10966156
51-9082,Medical Appliance Technicians,-0.5483078,3214,Medical and dental prosthetic technicians,1.0,-0.5483078,411213,Dental Technician,5.0,-0.10966156
51-9083,Ophthalmic Laboratory Technicians,-0.9183928,7549,Craft and related workers not elsewhere classified,1.0,-0.9183928,362111,Florist,3.0,-0.30613093333333335
51-9083,Ophthalmic Laboratory Technicians,-0.9183928,7549,Craft and related workers not elsewhere classified,1.0,-0.9183928,399914,Optical Mechanic,3.0,-0.30613093333333335
51-9083,Ophthalmic Laboratory Technicians,-0.9183928,7549,Craft and related workers not elsewhere classified,1.0,-0.9183928,399999,Technicians and Trades Workers nec,3.0,-0.30613093333333335
51-9111,Packaging and Filling Machine Operators and Tenders,-1.010728,8183,"Packing, bottling and labelling machine operators",1.0,-1.010728,832111,Chocolate Packer,6.0,-0.16845466666666667
51-9111,Packaging and Filling Machine Operators and Tenders,-1.010728,8183,"Packing, bottling and labelling machine operators",1.0,-1.010728,832112,Container Filler,6.0,-0.16845466666666667
51-9111,Packaging and Filling Machine Operators and Tenders,-1.010728,8183,"Packing, bottling and labelling machine operators",1.0,-1.010728,832113,Fruit and Vegetable Packer,6.0,-0.16845466666666667
51-9111,Packaging and Filling Machine Operators and Tenders,-1.010728,8183,"Packing, bottling and labelling machine operators",1.0,-1.010728,832114,Meat Packer,6.0,-0.16845466666666667
51-9111,Packaging and Filling Machine Operators and Tenders,-1.010728,8183,"Packing, bottling and labelling machine operators",1.0,-1.010728,832115,Seafood Packer,6.0,-0.16845466666666667
51-9111,Packaging and Filling Machine Operators and Tenders,-1.010728,8183,"Packing, bottling and labelling machine operators",1.0,-1.010728,832199,Packers nec,6.0,-0.16845466666666667
51-9121,"Coating, Painting, and Spraying Machine Setters, Operators, and Tenders",-1.278573,8122,"Metal finishing, plating and coating machine operators",2.0,-0.6392865,322112,Electroplater,3.0,-0.2130955
51-9121,"Coating, Painting, and Spraying Machine Setters, Operators, and Tenders",-1.278573,8122,"Metal finishing, plating and coating machine operators",2.0,-0.6392865,711913,Sand Blaster,3.0,-0.2130955
51-9121,"Coating, Painting, and Spraying Machine Setters, Operators, and Tenders",-1.278573,8122,"Metal finishing, plating and coating machine operators",2.0,-0.6392865,712311,Engineering Production Worker,3.0,-0.2130955
51-9121,"Coating, Painting, and Spraying Machine Setters, Operators, and Tenders",-1.278573,7132,Spray painters and varnishers,2.0,-0.6392865,324311,Vehicle Painter,2.0,-0.31964325
51-9121,"Coating, Painting, and Spraying Machine Setters, Operators, and Tenders",-1.278573,7132,Spray painters and varnishers,2.0,-0.6392865,711211,Industrial Spraypainter,2.0,-0.31964325
51-9122,"Painters, Transportation Equipment",-1.568217,7132,Spray painters and varnishers,1.0,-1.568217,324311,Vehicle Painter,2.0,-0.7841085
51-9122,"Painters, Transportation Equipment",-1.568217,7132,Spray painters and varnishers,1.0,-1.568217,711211,Industrial Spraypainter,2.0,-0.7841085
51-9123,"Painting, Coating, and Decorating Workers",-0.9510761,7316,"Sign writers, decorative painters, engravers and etchers",1.0,-0.9510761,323311,Engraver,2.0,-0.47553805
51-9123,"Painting, Coating, and Decorating Workers",-0.9510761,7316,"Sign writers, decorative painters, engravers and etchers",1.0,-0.9510761,399611,Signwriter,2.0,-0.47553805
51-9141,Semiconductor Processors,-0.7132968,8189,Stationary plant and machine operators not elsewhere classified,1.0,-0.7132968,711999,Machine Operators nec,3.0,-0.2377656
51-9141,Semiconductor Processors,-0.7132968,8189,Stationary plant and machine operators not elsewhere classified,1.0,-0.7132968,712999,Stationary Plant Operators nec,3.0,-0.2377656
51-9141,Semiconductor Processors,-0.7132968,8189,Stationary plant and machine operators not elsewhere classified,1.0,-0.7132968,721912,Linemarker,3.0,-0.2377656
51-9151,Photographic Process Workers and Processing Machine Operators,-0.4977627,8132,Photographic products machine operators,1.0,-0.4977627,399915,Photographer's Assistant,3.0,-0.1659209
51-9151,Photographic Process Workers and Processing Machine Operators,-0.4977627,8132,Photographic products machine operators,1.0,-0.4977627,711411,Photographic Developer and Printer,3.0,-0.1659209
51-9151,Photographic Process Workers and Processing Machine Operators,-0.4977627,8132,Photographic products machine operators,1.0,-0.4977627,711999,Machine Operators nec,3.0,-0.1659209
51-9191,Adhesive Bonding Machine Operators and Tenders,-1.285473,7521,Wood treaters,3.0,-0.428491,712999,Stationary Plant Operators nec,1.0,-0.428491
51-9191,Adhesive Bonding Machine Operators and Tenders,-1.285473,8143,Paper products machine operators,3.0,-0.428491,711311,Paper Products Machine Operator,1.0,-0.428491
51-9191,Adhesive Bonding Machine Operators and Tenders,-1.285473,8189,Stationary plant and machine operators not elsewhere classified,3.0,-0.428491,711999,Machine Operators nec,3.0,-0.14283033333333334
51-9191,Adhesive Bonding Machine Operators and Tenders,-1.285473,8189,Stationary plant and machine operators not elsewhere classified,3.0,-0.428491,712999,Stationary Plant Operators nec,3.0,-0.14283033333333334
51-9191,Adhesive Bonding Machine Operators and Tenders,-1.285473,8189,Stationary plant and machine operators not elsewhere classified,3.0,-0.428491,721912,Linemarker,3.0,-0.14283033333333334
51-9192,"Cleaning, Washing, and Metal Pickling Equipment Operators and Tenders",-1.124215,8171,Pulp and papermaking plant operators,3.0,-0.37473833333333334,712916,Paper and Pulp Mill Operator,1.0,-0.37473833333333334
51-9192,"Cleaning, Washing, and Metal Pickling Equipment Operators and Tenders",-1.124215,8112,Mineral and stone processing plant operators,3.0,-0.37473833333333334,712999,Stationary Plant Operators nec,1.0,-0.37473833333333334
51-9192,"Cleaning, Washing, and Metal Pickling Equipment Operators and Tenders",-1.124215,8122,"Metal finishing, plating and coating machine operators",3.0,-0.37473833333333334,322112,Electroplater,3.0,-0.12491277777777778
51-9192,"Cleaning, Washing, and Metal Pickling Equipment Operators and Tenders",-1.124215,8122,"Metal finishing, plating and coating machine operators",3.0,-0.37473833333333334,711913,Sand Blaster,3.0,-0.12491277777777778
51-9192,"Cleaning, Washing, and Metal Pickling Equipment Operators and Tenders",-1.124215,8122,"Metal finishing, plating and coating machine operators",3.0,-0.37473833333333334,712311,Engineering Production Worker,3.0,-0.12491277777777778
51-9193,Cooling and Freezing Equipment Operators and Tenders,-1.03085,8160,Food and related products machine operators,2.0,-0.515425,712999,Stationary Plant Operators nec,13.0,-0.039648076923076925
51-9193,Cooling and Freezing Equipment Operators and Tenders,-1.03085,8160,Food and related products machine operators,2.0,-0.515425,831111,Baking Factory Worker,13.0,-0.039648076923076925
51-9193,Cooling and Freezing Equipment Operators and Tenders,-1.03085,8160,Food and related products machine operators,2.0,-0.515425,831112,Brewery Worker,13.0,-0.039648076923076925
51-9193,Cooling and Freezing Equipment Operators and Tenders,-1.03085,8160,Food and related products machine operators,2.0,-0.515425,831113,Confectionery Maker,13.0,-0.039648076923076925
51-9193,Cooling and Freezing Equipment Operators and Tenders,-1.03085,8160,Food and related products machine operators,2.0,-0.515425,831114,Dairy Products Maker,13.0,-0.039648076923076925
51-9193,Cooling and Freezing Equipment Operators and Tenders,-1.03085,8160,Food and related products machine operators,2.0,-0.515425,831115,Fruit and Vegetable Factory Worker,13.0,-0.039648076923076925
51-9193,Cooling and Freezing Equipment Operators and Tenders,-1.03085,8160,Food and related products machine operators,2.0,-0.515425,831116,Grain Mill Worker,13.0,-0.039648076923076925
51-9193,Cooling and Freezing Equipment Operators and Tenders,-1.03085,8160,Food and related products machine operators,2.0,-0.515425,831117,Sugar Mill Worker,13.0,-0.039648076923076925
51-9193,Cooling and Freezing Equipment Operators and Tenders,-1.03085,8160,Food and related products machine operators,2.0,-0.515425,831118,Winery Cellar Hand,13.0,-0.039648076923076925
51-9193,Cooling and Freezing Equipment Operators and Tenders,-1.03085,8160,Food and related products machine operators,2.0,-0.515425,831199,Food and Drink Factory Workers nec,13.0,-0.039648076923076925
51-9193,Cooling and Freezing Equipment Operators and Tenders,-1.03085,8160,Food and related products machine operators,2.0,-0.515425,831311,Meat Process Worker,13.0,-0.039648076923076925
51-9193,Cooling and Freezing Equipment Operators and Tenders,-1.03085,8160,Food and related products machine operators,2.0,-0.515425,831312,Poultry Process Worker,13.0,-0.039648076923076925
51-9193,Cooling and Freezing Equipment Operators and Tenders,-1.03085,8160,Food and related products machine operators,2.0,-0.515425,831313,Seafood Process Worker,13.0,-0.039648076923076925
51-9193,Cooling and Freezing Equipment Operators and Tenders,-1.03085,8189,Stationary plant and machine operators not elsewhere classified,2.0,-0.515425,711999,Machine Operators nec,3.0,-0.17180833333333334
51-9193,Cooling and Freezing Equipment Operators and Tenders,-1.03085,8189,Stationary plant and machine operators not elsewhere classified,2.0,-0.515425,712999,Stationary Plant Operators nec,3.0,-0.17180833333333334
51-9193,Cooling and Freezing Equipment Operators and Tenders,-1.03085,8189,Stationary plant and machine operators not elsewhere classified,2.0,-0.515425,721912,Linemarker,3.0,-0.17180833333333334
51-9194,Etchers and Engravers,-0.774569,7316,"Sign writers, decorative painters, engravers and etchers",2.0,-0.3872845,323311,Engraver,2.0,-0.19364225
51-9194,Etchers and Engravers,-0.774569,7316,"Sign writers, decorative painters, engravers and etchers",2.0,-0.3872845,399611,Signwriter,2.0,-0.19364225
51-9194,Etchers and Engravers,-0.774569,8212,Electrical and electronic equipment assemblers,2.0,-0.3872845,832211,Product Assembler,1.0,-0.3872845
51-9195,"Molders, Shapers, and Casters, Except Metal and Plastic",-1.241238,7314,Potters and related workers,6.0,-0.206873,211412,Potter or Ceramic Artist,1.0,-0.206873
51-9195,"Molders, Shapers, and Casters, Except Metal and Plastic",-1.241238,7315,"Glass makers, cutters, grinders and finishers",6.0,-0.206873,399914,Optical Mechanic,2.0,-0.1034365
51-9195,"Molders, Shapers, and Casters, Except Metal and Plastic",-1.241238,7315,"Glass makers, cutters, grinders and finishers",6.0,-0.206873,399999,Technicians and Trades Workers nec,2.0,-0.1034365
51-9195,"Molders, Shapers, and Casters, Except Metal and Plastic",-1.241238,7516,Tobacco preparers and tobacco products makers,6.0,-0.206873,831199,Food and Drink Factory Workers nec,1.0,-0.206873
51-9195,"Molders, Shapers, and Casters, Except Metal and Plastic",-1.241238,8181,Glass and ceramics plant operators,6.0,-0.206873,711111,Clay Products Machine Operator,2.0,-0.1034365
51-9195,"Molders, Shapers, and Casters, Except Metal and Plastic",-1.241238,8181,Glass and ceramics plant operators,6.0,-0.206873,711113,Glass Production Machine Operator,2.0,-0.1034365
51-9195,"Molders, Shapers, and Casters, Except Metal and Plastic",-1.241238,8131,Chemical products plant and machine operators,6.0,-0.206873,711911,Chemical Production Machine Operator,2.0,-0.1034365
51-9195,"Molders, Shapers, and Casters, Except Metal and Plastic",-1.241238,8131,Chemical products plant and machine operators,6.0,-0.206873,712999,Stationary Plant Operators nec,2.0,-0.1034365
51-9195,"Molders, Shapers, and Casters, Except Metal and Plastic",-1.241238,8141,Rubber products machine operators,6.0,-0.206873,711516,Rubber Production Machine Operator,1.0,-0.206873
51-9196,"Paper Goods Machine Setters, Operators, and Tenders",-0.9174437,8171,Pulp and papermaking plant operators,2.0,-0.45872185,712916,Paper and Pulp Mill Operator,1.0,-0.45872185
51-9196,"Paper Goods Machine Setters, Operators, and Tenders",-0.9174437,8143,Paper products machine operators,2.0,-0.45872185,711311,Paper Products Machine Operator,1.0,-0.45872185
51-9197,Tire Builders,-1.462842,8141,Rubber products machine operators,1.0,-1.462842,711516,Rubber Production Machine Operator,1.0,-1.462842
51-9198,Helpers--Production Workers,-1.35537,9329,Manufacturing labourers not elsewhere classified,1.0,-1.35537,741111,Storeperson,16.0,-0.084710625
51-9198,Helpers--Production Workers,-1.35537,9329,Manufacturing labourers not elsewhere classified,1.0,-1.35537,839111,Metal Engineering Process Worker,16.0,-0.084710625
51-9198,Helpers--Production Workers,-1.35537,9329,Manufacturing labourers not elsewhere classified,1.0,-1.35537,839211,Plastics Factory Worker,16.0,-0.084710625
51-9198,Helpers--Production Workers,-1.35537,9329,Manufacturing labourers not elsewhere classified,1.0,-1.35537,839212,Rubber Factory Worker,16.0,-0.084710625
51-9198,Helpers--Production Workers,-1.35537,9329,Manufacturing labourers not elsewhere classified,1.0,-1.35537,839411,Paper and Pulp Mill Worker,16.0,-0.084710625
51-9198,Helpers--Production Workers,-1.35537,9329,Manufacturing labourers not elsewhere classified,1.0,-1.35537,839412,Sawmill or Timber Yard Worker,16.0,-0.084710625
51-9198,Helpers--Production Workers,-1.35537,9329,Manufacturing labourers not elsewhere classified,1.0,-1.35537,839413,Wood and Wood Products Factory Worker,16.0,-0.084710625
51-9198,Helpers--Production Workers,-1.35537,9329,Manufacturing labourers not elsewhere classified,1.0,-1.35537,839911,Cement and Concrete Plant Worker,16.0,-0.084710625
51-9198,Helpers--Production Workers,-1.35537,9329,Manufacturing labourers not elsewhere classified,1.0,-1.35537,839912,Chemical Plant Worker,16.0,-0.084710625
51-9198,Helpers--Production Workers,-1.35537,9329,Manufacturing labourers not elsewhere classified,1.0,-1.35537,839913,Clay Processing Factory Worker,16.0,-0.084710625
51-9198,Helpers--Production Workers,-1.35537,9329,Manufacturing labourers not elsewhere classified,1.0,-1.35537,839914,Fabric and Textile Factory Worker,16.0,-0.084710625
51-9198,Helpers--Production Workers,-1.35537,9329,Manufacturing labourers not elsewhere classified,1.0,-1.35537,839915,Footwear Factory Worker,16.0,-0.084710625
51-9198,Helpers--Production Workers,-1.35537,9329,Manufacturing labourers not elsewhere classified,1.0,-1.35537,839916,Glass Processing Worker,16.0,-0.084710625
51-9198,Helpers--Production Workers,-1.35537,9329,Manufacturing labourers not elsewhere classified,1.0,-1.35537,839999,Factory Process Workers nec,16.0,-0.084710625
51-9198,Helpers--Production Workers,-1.35537,9329,Manufacturing labourers not elsewhere classified,1.0,-1.35537,899511,Printer's Assistant,16.0,-0.084710625
51-9198,Helpers--Production Workers,-1.35537,9329,Manufacturing labourers not elsewhere classified,1.0,-1.35537,899512,Printing Table Worker,16.0,-0.084710625
51-9199,"Production Workers, All Other",-1.3628,9329,Manufacturing labourers not elsewhere classified,1.0,-1.3628,741111,Storeperson,16.0,-0.085175
51-9199,"Production Workers, All Other",-1.3628,9329,Manufacturing labourers not elsewhere classified,1.0,-1.3628,839111,Metal Engineering Process Worker,16.0,-0.085175
51-9199,"Production Workers, All Other",-1.3628,9329,Manufacturing labourers not elsewhere classified,1.0,-1.3628,839211,Plastics Factory Worker,16.0,-0.085175
51-9199,"Production Workers, All Other",-1.3628,9329,Manufacturing labourers not elsewhere classified,1.0,-1.3628,839212,Rubber Factory Worker,16.0,-0.085175
51-9199,"Production Workers, All Other",-1.3628,9329,Manufacturing labourers not elsewhere classified,1.0,-1.3628,839411,Paper and Pulp Mill Worker,16.0,-0.085175
51-9199,"Production Workers, All Other",-1.3628,9329,Manufacturing labourers not elsewhere classified,1.0,-1.3628,839412,Sawmill or Timber Yard Worker,16.0,-0.085175
51-9199,"Production Workers, All Other",-1.3628,9329,Manufacturing labourers not elsewhere classified,1.0,-1.3628,839413,Wood and Wood Products Factory Worker,16.0,-0.085175
51-9199,"Production Workers, All Other",-1.3628,9329,Manufacturing labourers not elsewhere classified,1.0,-1.3628,839911,Cement and Concrete Plant Worker,16.0,-0.085175
51-9199,"Production Workers, All Other",-1.3628,9329,Manufacturing labourers not elsewhere classified,1.0,-1.3628,839912,Chemical Plant Worker,16.0,-0.085175
51-9199,"Production Workers, All Other",-1.3628,9329,Manufacturing labourers not elsewhere classified,1.0,-1.3628,839913,Clay Processing Factory Worker,16.0,-0.085175
51-9199,"Production Workers, All Other",-1.3628,9329,Manufacturing labourers not elsewhere classified,1.0,-1.3628,839914,Fabric and Textile Factory Worker,16.0,-0.085175
51-9199,"Production Workers, All Other",-1.3628,9329,Manufacturing labourers not elsewhere classified,1.0,-1.3628,839915,Footwear Factory Worker,16.0,-0.085175
51-9199,"Production Workers, All Other",-1.3628,9329,Manufacturing labourers not elsewhere classified,1.0,-1.3628,839916,Glass Processing Worker,16.0,-0.085175
51-9199,"Production Workers, All Other",-1.3628,9329,Manufacturing labourers not elsewhere classified,1.0,-1.3628,839999,Factory Process Workers nec,16.0,-0.085175
51-9199,"Production Workers, All Other",-1.3628,9329,Manufacturing labourers not elsewhere classified,1.0,-1.3628,899511,Printer's Assistant,16.0,-0.085175
51-9199,"Production Workers, All Other",-1.3628,9329,Manufacturing labourers not elsewhere classified,1.0,-1.3628,899512,Printing Table Worker,16.0,-0.085175
53-1011,Aircraft Cargo Handling Supervisors,-0.7511079,9333,Freight handlers,1.0,-0.7511079,712912,Bulk Materials Handling Plant Operator,6.0,-0.12518465
53-1011,Aircraft Cargo Handling Supervisors,-0.7511079,9333,Freight handlers,1.0,-0.7511079,721911,Aircraft Baggage Handler and Airline Ground Crew,6.0,-0.12518465
53-1011,Aircraft Cargo Handling Supervisors,-0.7511079,9333,Freight handlers,1.0,-0.7511079,741111,Storeperson,6.0,-0.12518465
53-1011,Aircraft Cargo Handling Supervisors,-0.7511079,9333,Freight handlers,1.0,-0.7511079,891111,Freight Handler (Rail or Road),6.0,-0.12518465
53-1011,Aircraft Cargo Handling Supervisors,-0.7511079,9333,Freight handlers,1.0,-0.7511079,891112,Truck Driver's Offsider,6.0,-0.12518465
53-1011,Aircraft Cargo Handling Supervisors,-0.7511079,9333,Freight handlers,1.0,-0.7511079,891113,Waterside Worker,6.0,-0.12518465
53-1021,"First-Line Supervisors of Helpers, Laborers, and Material Movers, Hand",0.1384267,9333,Freight handlers,1.0,0.1384267,712912,Bulk Materials Handling Plant Operator,6.0,0.02307111666666667
53-1021,"First-Line Supervisors of Helpers, Laborers, and Material Movers, Hand",0.1384267,9333,Freight handlers,1.0,0.1384267,721911,Aircraft Baggage Handler and Airline Ground Crew,6.0,0.02307111666666667
53-1021,"First-Line Supervisors of Helpers, Laborers, and Material Movers, Hand",0.1384267,9333,Freight handlers,1.0,0.1384267,741111,Storeperson,6.0,0.02307111666666667
53-1021,"First-Line Supervisors of Helpers, Laborers, and Material Movers, Hand",0.1384267,9333,Freight handlers,1.0,0.1384267,891111,Freight Handler (Rail or Road),6.0,0.02307111666666667
53-1021,"First-Line Supervisors of Helpers, Laborers, and Material Movers, Hand",0.1384267,9333,Freight handlers,1.0,0.1384267,891112,Truck Driver's Offsider,6.0,0.02307111666666667
53-1021,"First-Line Supervisors of Helpers, Laborers, and Material Movers, Hand",0.1384267,9333,Freight handlers,1.0,0.1384267,891113,Waterside Worker,6.0,0.02307111666666667
53-1031,First-Line Supervisors of Transportation and Material-Moving Machine and Vehicle Operators,0.0677804,3151,Ships' engineers,17.0,0.003987082352941177,231212,Ship's Engineer,1.0,0.003987082352941177
53-1031,First-Line Supervisors of Transportation and Material-Moving Machine and Vehicle Operators,0.0677804,3152,Ships' deck officers and pilots,17.0,0.003987082352941177,231213,Ship's Master,3.0,0.0013290274509803921
53-1031,First-Line Supervisors of Transportation and Material-Moving Machine and Vehicle Operators,0.0677804,3152,Ships' deck officers and pilots,17.0,0.003987082352941177,231214,Ship's Officer,3.0,0.0013290274509803921
53-1031,First-Line Supervisors of Transportation and Material-Moving Machine and Vehicle Operators,0.0677804,3152,Ships' deck officers and pilots,17.0,0.003987082352941177,231299,Marine Transport Professionals nec,3.0,0.0013290274509803921
53-1031,First-Line Supervisors of Transportation and Material-Moving Machine and Vehicle Operators,0.0677804,3153,Aircraft pilots and related associate professionals,17.0,0.003987082352941177,231111,Aeroplane Pilot,4.0,0.0009967705882352941
53-1031,First-Line Supervisors of Transportation and Material-Moving Machine and Vehicle Operators,0.0677804,3153,Aircraft pilots and related associate professionals,17.0,0.003987082352941177,231113,Flying Instructor,4.0,0.0009967705882352941
53-1031,First-Line Supervisors of Transportation and Material-Moving Machine and Vehicle Operators,0.0677804,3153,Aircraft pilots and related associate professionals,17.0,0.003987082352941177,231114,Helicopter Pilot,4.0,0.0009967705882352941
53-1031,First-Line Supervisors of Transportation and Material-Moving Machine and Vehicle Operators,0.0677804,3153,Aircraft pilots and related associate professionals,17.0,0.003987082352941177,231199,Air Transport Professionals nec,4.0,0.0009967705882352941
53-1031,First-Line Supervisors of Transportation and Material-Moving Machine and Vehicle Operators,0.0677804,3154,Air traffic controllers,17.0,0.003987082352941177,231112,Air Traffic Controller,1.0,0.003987082352941177
53-1031,First-Line Supervisors of Transportation and Material-Moving Machine and Vehicle Operators,0.0677804,3257,Environmental and occupational health inspectors and associates,17.0,0.003987082352941177,251311,Environmental Health Officer,8.0,0.0004983852941176471
53-1031,First-Line Supervisors of Transportation and Material-Moving Machine and Vehicle Operators,0.0677804,3257,Environmental and occupational health inspectors and associates,17.0,0.003987082352941177,311312,Meat Inspector,8.0,0.0004983852941176471
53-1031,First-Line Supervisors of Transportation and Material-Moving Machine and Vehicle Operators,0.0677804,3257,Environmental and occupational health inspectors and associates,17.0,0.003987082352941177,311314,Primary Products Quality Assurance Officer,8.0,0.0004983852941176471
53-1031,First-Line Supervisors of Transportation and Material-Moving Machine and Vehicle Operators,0.0677804,3257,Environmental and occupational health inspectors and associates,17.0,0.003987082352941177,311399,Primary Products Assurance and Inspection Officers nec,8.0,0.0004983852941176471
53-1031,First-Line Supervisors of Transportation and Material-Moving Machine and Vehicle Operators,0.0677804,3257,Environmental and occupational health inspectors and associates,17.0,0.003987082352941177,312611,Safety Inspector,8.0,0.0004983852941176471
53-1031,First-Line Supervisors of Transportation and Material-Moving Machine and Vehicle Operators,0.0677804,3257,Environmental and occupational health inspectors and associates,17.0,0.003987082352941177,599514,"Invasive Pest, Weed and Disease Inspector",8.0,0.0004983852941176471
53-1031,First-Line Supervisors of Transportation and Material-Moving Machine and Vehicle Operators,0.0677804,3257,Environmental and occupational health inspectors and associates,17.0,0.003987082352941177,599521,Water Inspector,8.0,0.0004983852941176471
53-1031,First-Line Supervisors of Transportation and Material-Moving Machine and Vehicle Operators,0.0677804,3257,Environmental and occupational health inspectors and associates,17.0,0.003987082352941177,599599,Inspectors and Regulatory Officers nec,8.0,0.0004983852941176471
53-1031,First-Line Supervisors of Transportation and Material-Moving Machine and Vehicle Operators,0.0677804,5111,Travel attendants and travel stewards,17.0,0.003987082352941177,451711,Flight Attendant,2.0,0.0019935411764705883
53-1031,First-Line Supervisors of Transportation and Material-Moving Machine and Vehicle Operators,0.0677804,5111,Travel attendants and travel stewards,17.0,0.003987082352941177,451799,Travel Attendants nec,2.0,0.0019935411764705883
53-1031,First-Line Supervisors of Transportation and Material-Moving Machine and Vehicle Operators,0.0677804,5112,Transport conductors,17.0,0.003987082352941177,639412,Transport Conductor,1.0,0.003987082352941177
53-1031,First-Line Supervisors of Transportation and Material-Moving Machine and Vehicle Operators,0.0677804,5245,Service station attendants,17.0,0.003987082352941177,621611,Service Station Attendant,1.0,0.003987082352941177
53-1031,First-Line Supervisors of Transportation and Material-Moving Machine and Vehicle Operators,0.0677804,8311,Locomotive engine drivers,17.0,0.003987082352941177,731311,Train Driver,1.0,0.003987082352941177
53-1031,First-Line Supervisors of Transportation and Material-Moving Machine and Vehicle Operators,0.0677804,8312,"Railway brake, signal and switch operators",17.0,0.003987082352941177,712917,Railway Signal Operator,2.0,0.0019935411764705883
53-1031,First-Line Supervisors of Transportation and Material-Moving Machine and Vehicle Operators,0.0677804,8312,"Railway brake, signal and switch operators",17.0,0.003987082352941177,712918,Train Controller,2.0,0.0019935411764705883
53-1031,First-Line Supervisors of Transportation and Material-Moving Machine and Vehicle Operators,0.0677804,8321,Motorcycle drivers,17.0,0.003987082352941177,561211,Courier,1.0,0.003987082352941177
53-1031,First-Line Supervisors of Transportation and Material-Moving Machine and Vehicle Operators,0.0677804,8322,"Car, taxi and van drivers",17.0,0.003987082352941177,411111,Ambulance Officer,6.0,0.0006645137254901961
53-1031,First-Line Supervisors of Transportation and Material-Moving Machine and Vehicle Operators,0.0677804,8322,"Car, taxi and van drivers",17.0,0.003987082352941177,561211,Courier,6.0,0.0006645137254901961
53-1031,First-Line Supervisors of Transportation and Material-Moving Machine and Vehicle Operators,0.0677804,8322,"Car, taxi and van drivers",17.0,0.003987082352941177,731111,Chauffeur,6.0,0.0006645137254901961
53-1031,First-Line Supervisors of Transportation and Material-Moving Machine and Vehicle Operators,0.0677804,8322,"Car, taxi and van drivers",17.0,0.003987082352941177,731112,Taxi Driver,6.0,0.0006645137254901961
53-1031,First-Line Supervisors of Transportation and Material-Moving Machine and Vehicle Operators,0.0677804,8322,"Car, taxi and van drivers",17.0,0.003987082352941177,731199,Automobile Drivers nec,6.0,0.0006645137254901961
53-1031,First-Line Supervisors of Transportation and Material-Moving Machine and Vehicle Operators,0.0677804,8322,"Car, taxi and van drivers",17.0,0.003987082352941177,732111,Delivery Driver,6.0,0.0006645137254901961
53-1031,First-Line Supervisors of Transportation and Material-Moving Machine and Vehicle Operators,0.0677804,8331,Bus and tram drivers,17.0,0.003987082352941177,731211,Bus Driver,4.0,0.0009967705882352941
53-1031,First-Line Supervisors of Transportation and Material-Moving Machine and Vehicle Operators,0.0677804,8331,Bus and tram drivers,17.0,0.003987082352941177,731212,Charter and Tour Bus Driver,4.0,0.0009967705882352941
53-1031,First-Line Supervisors of Transportation and Material-Moving Machine and Vehicle Operators,0.0677804,8331,Bus and tram drivers,17.0,0.003987082352941177,731213,Passenger Coach Driver,4.0,0.0009967705882352941
53-1031,First-Line Supervisors of Transportation and Material-Moving Machine and Vehicle Operators,0.0677804,8331,Bus and tram drivers,17.0,0.003987082352941177,731312,Tram Driver,4.0,0.0009967705882352941
53-1031,First-Line Supervisors of Transportation and Material-Moving Machine and Vehicle Operators,0.0677804,8332,Heavy truck and lorry drivers,17.0,0.003987082352941177,733111,Truck Driver (General),5.0,0.0007974164705882353
53-1031,First-Line Supervisors of Transportation and Material-Moving Machine and Vehicle Operators,0.0677804,8332,Heavy truck and lorry drivers,17.0,0.003987082352941177,733112,Aircraft Refueller,5.0,0.0007974164705882353
53-1031,First-Line Supervisors of Transportation and Material-Moving Machine and Vehicle Operators,0.0677804,8332,Heavy truck and lorry drivers,17.0,0.003987082352941177,733113,Furniture Removalist,5.0,0.0007974164705882353
53-1031,First-Line Supervisors of Transportation and Material-Moving Machine and Vehicle Operators,0.0677804,8332,Heavy truck and lorry drivers,17.0,0.003987082352941177,733114,Tanker Driver,5.0,0.0007974164705882353
53-1031,First-Line Supervisors of Transportation and Material-Moving Machine and Vehicle Operators,0.0677804,8332,Heavy truck and lorry drivers,17.0,0.003987082352941177,733115,Tow Truck Driver,5.0,0.0007974164705882353
53-1031,First-Line Supervisors of Transportation and Material-Moving Machine and Vehicle Operators,0.0677804,8343,"Crane, hoist and related plant operators",17.0,0.003987082352941177,712111,"Crane, Hoist or Lift Operator",3.0,0.0013290274509803921
53-1031,First-Line Supervisors of Transportation and Material-Moving Machine and Vehicle Operators,0.0677804,8343,"Crane, hoist and related plant operators",17.0,0.003987082352941177,712999,Stationary Plant Operators nec,3.0,0.0013290274509803921
53-1031,First-Line Supervisors of Transportation and Material-Moving Machine and Vehicle Operators,0.0677804,8343,"Crane, hoist and related plant operators",17.0,0.003987082352941177,721999,Mobile Plant Operators nec,3.0,0.0013290274509803921
53-1031,First-Line Supervisors of Transportation and Material-Moving Machine and Vehicle Operators,0.0677804,8344,Lifting truck operators,17.0,0.003987082352941177,721311,Forklift Driver,1.0,0.003987082352941177
53-1031,First-Line Supervisors of Transportation and Material-Moving Machine and Vehicle Operators,0.0677804,9611,Garbage and recycling collectors,17.0,0.003987082352941177,899611,Recycling or Rubbish Collector,1.0,0.003987082352941177
53-2011,"Airline Pilots, Copilots, and Flight Engineers",-0.7584905,3153,Aircraft pilots and related associate professionals,1.0,-0.7584905,231111,Aeroplane Pilot,4.0,-0.189622625
53-2011,"Airline Pilots, Copilots, and Flight Engineers",-0.7584905,3153,Aircraft pilots and related associate professionals,1.0,-0.7584905,231113,Flying Instructor,4.0,-0.189622625
53-2011,"Airline Pilots, Copilots, and Flight Engineers",-0.7584905,3153,Aircraft pilots and related associate professionals,1.0,-0.7584905,231114,Helicopter Pilot,4.0,-0.189622625
53-2011,"Airline Pilots, Copilots, and Flight Engineers",-0.7584905,3153,Aircraft pilots and related associate professionals,1.0,-0.7584905,231199,Air Transport Professionals nec,4.0,-0.189622625
53-2012,Commercial Pilots,-0.6443627,3153,Aircraft pilots and related associate professionals,1.0,-0.6443627,231111,Aeroplane Pilot,4.0,-0.161090675
53-2012,Commercial Pilots,-0.6443627,3153,Aircraft pilots and related associate professionals,1.0,-0.6443627,231113,Flying Instructor,4.0,-0.161090675
53-2012,Commercial Pilots,-0.6443627,3153,Aircraft pilots and related associate professionals,1.0,-0.6443627,231114,Helicopter Pilot,4.0,-0.161090675
53-2012,Commercial Pilots,-0.6443627,3153,Aircraft pilots and related associate professionals,1.0,-0.6443627,231199,Air Transport Professionals nec,4.0,-0.161090675
53-2021,Air Traffic Controllers,0.647652,3154,Air traffic controllers,1.0,0.647652,231112,Air Traffic Controller,1.0,0.647652
53-2022,Airfield Operations Specialists,0.2457533,315,Ship and aircraft controllers and technicians,1.0,0.2457533,,,,
53-2031,Flight Attendants,-0.3649124,5111,Travel attendants and travel stewards,1.0,-0.3649124,451711,Flight Attendant,2.0,-0.1824562
53-2031,Flight Attendants,-0.3649124,5111,Travel attendants and travel stewards,1.0,-0.3649124,451799,Travel Attendants nec,2.0,-0.1824562
53-3011,"Ambulance Drivers and Attendants, Except Emergency Medical Technicians",-0.8443602,8322,"Car, taxi and van drivers",1.0,-0.8443602,411111,Ambulance Officer,6.0,-0.1407267
53-3011,"Ambulance Drivers and Attendants, Except Emergency Medical Technicians",-0.8443602,8322,"Car, taxi and van drivers",1.0,-0.8443602,561211,Courier,6.0,-0.1407267
53-3011,"Ambulance Drivers and Attendants, Except Emergency Medical Technicians",-0.8443602,8322,"Car, taxi and van drivers",1.0,-0.8443602,731111,Chauffeur,6.0,-0.1407267
53-3011,"Ambulance Drivers and Attendants, Except Emergency Medical Technicians",-0.8443602,8322,"Car, taxi and van drivers",1.0,-0.8443602,731112,Taxi Driver,6.0,-0.1407267
53-3011,"Ambulance Drivers and Attendants, Except Emergency Medical Technicians",-0.8443602,8322,"Car, taxi and van drivers",1.0,-0.8443602,731199,Automobile Drivers nec,6.0,-0.1407267
53-3011,"Ambulance Drivers and Attendants, Except Emergency Medical Technicians",-0.8443602,8322,"Car, taxi and van drivers",1.0,-0.8443602,732111,Delivery Driver,6.0,-0.1407267
53-3021,"Bus Drivers, Transit and Intercity",-1.050048,8331,Bus and tram drivers,1.0,-1.050048,731211,Bus Driver,4.0,-0.262512
53-3021,"Bus Drivers, Transit and Intercity",-1.050048,8331,Bus and tram drivers,1.0,-1.050048,731212,Charter and Tour Bus Driver,4.0,-0.262512
53-3021,"Bus Drivers, Transit and Intercity",-1.050048,8331,Bus and tram drivers,1.0,-1.050048,731213,Passenger Coach Driver,4.0,-0.262512
53-3021,"Bus Drivers, Transit and Intercity",-1.050048,8331,Bus and tram drivers,1.0,-1.050048,731312,Tram Driver,4.0,-0.262512
53-3022,"Bus Drivers, School or Special Client",-0.728628,8331,Bus and tram drivers,1.0,-0.728628,731211,Bus Driver,4.0,-0.182157
53-3022,"Bus Drivers, School or Special Client",-0.728628,8331,Bus and tram drivers,1.0,-0.728628,731212,Charter and Tour Bus Driver,4.0,-0.182157
53-3022,"Bus Drivers, School or Special Client",-0.728628,8331,Bus and tram drivers,1.0,-0.728628,731213,Passenger Coach Driver,4.0,-0.182157
53-3022,"Bus Drivers, School or Special Client",-0.728628,8331,Bus and tram drivers,1.0,-0.728628,731312,Tram Driver,4.0,-0.182157
53-3031,Driver/Sales Workers,-0.7222196,8322,"Car, taxi and van drivers",1.0,-0.7222196,411111,Ambulance Officer,6.0,-0.12036993333333333
53-3031,Driver/Sales Workers,-0.7222196,8322,"Car, taxi and van drivers",1.0,-0.7222196,561211,Courier,6.0,-0.12036993333333333
53-3031,Driver/Sales Workers,-0.7222196,8322,"Car, taxi and van drivers",1.0,-0.7222196,731111,Chauffeur,6.0,-0.12036993333333333
53-3031,Driver/Sales Workers,-0.7222196,8322,"Car, taxi and van drivers",1.0,-0.7222196,731112,Taxi Driver,6.0,-0.12036993333333333
53-3031,Driver/Sales Workers,-0.7222196,8322,"Car, taxi and van drivers",1.0,-0.7222196,731199,Automobile Drivers nec,6.0,-0.12036993333333333
53-3031,Driver/Sales Workers,-0.7222196,8322,"Car, taxi and van drivers",1.0,-0.7222196,732111,Delivery Driver,6.0,-0.12036993333333333
53-3032,Heavy and Tractor-Trailer Truck Drivers,-1.400404,8332,Heavy truck and lorry drivers,1.0,-1.400404,733111,Truck Driver (General),5.0,-0.2800808
53-3032,Heavy and Tractor-Trailer Truck Drivers,-1.400404,8332,Heavy truck and lorry drivers,1.0,-1.400404,733112,Aircraft Refueller,5.0,-0.2800808
53-3032,Heavy and Tractor-Trailer Truck Drivers,-1.400404,8332,Heavy truck and lorry drivers,1.0,-1.400404,733113,Furniture Removalist,5.0,-0.2800808
53-3032,Heavy and Tractor-Trailer Truck Drivers,-1.400404,8332,Heavy truck and lorry drivers,1.0,-1.400404,733114,Tanker Driver,5.0,-0.2800808
53-3032,Heavy and Tractor-Trailer Truck Drivers,-1.400404,8332,Heavy truck and lorry drivers,1.0,-1.400404,733115,Tow Truck Driver,5.0,-0.2800808
53-3033,Light Truck or Delivery Services Drivers,-1.200241,8322,"Car, taxi and van drivers",1.0,-1.200241,411111,Ambulance Officer,6.0,-0.20004016666666666
53-3033,Light Truck or Delivery Services Drivers,-1.200241,8322,"Car, taxi and van drivers",1.0,-1.200241,561211,Courier,6.0,-0.20004016666666666
53-3033,Light Truck or Delivery Services Drivers,-1.200241,8322,"Car, taxi and van drivers",1.0,-1.200241,731111,Chauffeur,6.0,-0.20004016666666666
53-3033,Light Truck or Delivery Services Drivers,-1.200241,8322,"Car, taxi and van drivers",1.0,-1.200241,731112,Taxi Driver,6.0,-0.20004016666666666
53-3033,Light Truck or Delivery Services Drivers,-1.200241,8322,"Car, taxi and van drivers",1.0,-1.200241,731199,Automobile Drivers nec,6.0,-0.20004016666666666
53-3033,Light Truck or Delivery Services Drivers,-1.200241,8322,"Car, taxi and van drivers",1.0,-1.200241,732111,Delivery Driver,6.0,-0.20004016666666666
53-3041,Taxi Drivers and Chauffeurs,-0.9380351,8322,"Car, taxi and van drivers",1.0,-0.9380351,411111,Ambulance Officer,6.0,-0.15633918333333333
53-3041,Taxi Drivers and Chauffeurs,-0.9380351,8322,"Car, taxi and van drivers",1.0,-0.9380351,561211,Courier,6.0,-0.15633918333333333
53-3041,Taxi Drivers and Chauffeurs,-0.9380351,8322,"Car, taxi and van drivers",1.0,-0.9380351,731111,Chauffeur,6.0,-0.15633918333333333
53-3041,Taxi Drivers and Chauffeurs,-0.9380351,8322,"Car, taxi and van drivers",1.0,-0.9380351,731112,Taxi Driver,6.0,-0.15633918333333333
53-3041,Taxi Drivers and Chauffeurs,-0.9380351,8322,"Car, taxi and van drivers",1.0,-0.9380351,731199,Automobile Drivers nec,6.0,-0.15633918333333333
53-3041,Taxi Drivers and Chauffeurs,-0.9380351,8322,"Car, taxi and van drivers",1.0,-0.9380351,732111,Delivery Driver,6.0,-0.15633918333333333
53-4011,Locomotive Engineers,-0.9161659,8311,Locomotive engine drivers,1.0,-0.9161659,731311,Train Driver,1.0,-0.9161659
53-4012,Locomotive Firers,-1.072977,8311,Locomotive engine drivers,1.0,-1.072977,731311,Train Driver,1.0,-1.072977
53-4013,"Rail Yard Engineers, Dinkey Operators, and Hostlers",-1.021101,8311,Locomotive engine drivers,1.0,-1.021101,731311,Train Driver,1.0,-1.021101
53-4021,"Railroad Brake, Signal, and Switch Operators",-1.306099,8312,"Railway brake, signal and switch operators",1.0,-1.306099,712917,Railway Signal Operator,2.0,-0.6530495
53-4021,"Railroad Brake, Signal, and Switch Operators",-1.306099,8312,"Railway brake, signal and switch operators",1.0,-1.306099,712918,Train Controller,2.0,-0.6530495
53-4031,Railroad Conductors and Yardmasters,-0.5790616,8312,"Railway brake, signal and switch operators",1.0,-0.5790616,712917,Railway Signal Operator,2.0,-0.2895308
53-4031,Railroad Conductors and Yardmasters,-0.5790616,8312,"Railway brake, signal and switch operators",1.0,-0.5790616,712918,Train Controller,2.0,-0.2895308
53-4041,Subway and Streetcar Operators,-0.9125129,8311,Locomotive engine drivers,2.0,-0.45625645,731311,Train Driver,1.0,-0.45625645
53-4041,Subway and Streetcar Operators,-0.9125129,8331,Bus and tram drivers,2.0,-0.45625645,731211,Bus Driver,4.0,-0.1140641125
53-4041,Subway and Streetcar Operators,-0.9125129,8331,Bus and tram drivers,2.0,-0.45625645,731212,Charter and Tour Bus Driver,4.0,-0.1140641125
53-4041,Subway and Streetcar Operators,-0.9125129,8331,Bus and tram drivers,2.0,-0.45625645,731213,Passenger Coach Driver,4.0,-0.1140641125
53-4041,Subway and Streetcar Operators,-0.9125129,8331,Bus and tram drivers,2.0,-0.45625645,731312,Tram Driver,4.0,-0.1140641125
53-5011,Sailors and Marine Oilers,-1.269228,8350,Ships' deck crews and related workers,1.0,-1.269228,899211,Deck Hand,1.0,-1.269228
53-5021,"Captains, Mates, and Pilots of Water Vessels",-0.7930261,3152,Ships' deck officers and pilots,1.0,-0.7930261,231213,Ship's Master,3.0,-0.26434203333333334
53-5021,"Captains, Mates, and Pilots of Water Vessels",-0.7930261,3152,Ships' deck officers and pilots,1.0,-0.7930261,231214,Ship's Officer,3.0,-0.26434203333333334
53-5021,"Captains, Mates, and Pilots of Water Vessels",-0.7930261,3152,Ships' deck officers and pilots,1.0,-0.7930261,231299,Marine Transport Professionals nec,3.0,-0.26434203333333334
53-5022,Motorboat Operators,-1.176522,8350,Ships' deck crews and related workers,1.0,-1.176522,899211,Deck Hand,1.0,-1.176522
53-5031,Ship Engineers,-0.5671973,3151,Ships' engineers,1.0,-0.5671973,231212,Ship's Engineer,1.0,-0.5671973
53-6011,Bridge and Lock Tenders,-0.7989979,8343,"Crane, hoist and related plant operators",1.0,-0.7989979,712111,"Crane, Hoist or Lift Operator",3.0,-0.26633263333333335
53-6011,Bridge and Lock Tenders,-0.7989979,8343,"Crane, hoist and related plant operators",1.0,-0.7989979,712999,Stationary Plant Operators nec,3.0,-0.26633263333333335
53-6011,Bridge and Lock Tenders,-0.7989979,8343,"Crane, hoist and related plant operators",1.0,-0.7989979,721999,Mobile Plant Operators nec,3.0,-0.26633263333333335
53-6021,Parking Lot Attendants,-1.037648,9629,Elementary workers not elsewhere classified,1.0,-1.037648,431999,Hospitality Workers nec,8.0,-0.129706
53-6021,Parking Lot Attendants,-1.037648,9629,Elementary workers not elsewhere classified,1.0,-1.037648,899912,Car Park Attendant,8.0,-0.129706
53-6021,Parking Lot Attendants,-1.037648,9629,Elementary workers not elsewhere classified,1.0,-1.037648,899916,Mechanic's Assistant,8.0,-0.129706
53-6021,Parking Lot Attendants,-1.037648,9629,Elementary workers not elsewhere classified,1.0,-1.037648,899917,Railways Assistant,8.0,-0.129706
53-6021,Parking Lot Attendants,-1.037648,9629,Elementary workers not elsewhere classified,1.0,-1.037648,899918,Sign Erector,8.0,-0.129706
53-6021,Parking Lot Attendants,-1.037648,9629,Elementary workers not elsewhere classified,1.0,-1.037648,899921,Ticket Collector or Usher,8.0,-0.129706
53-6021,Parking Lot Attendants,-1.037648,9629,Elementary workers not elsewhere classified,1.0,-1.037648,899922,Trolley Collector,8.0,-0.129706
53-6021,Parking Lot Attendants,-1.037648,9629,Elementary workers not elsewhere classified,1.0,-1.037648,899999,Labourers nec,8.0,-0.129706
53-6031,Automotive and Watercraft Service Attendants,-1.108146,5245,Service station attendants,1.0,-1.108146,621611,Service Station Attendant,1.0,-1.108146
53-6041,Traffic Technicians,0.1289119,3119,Physical and engineering science technicians not elsewhere classified,1.0,0.1289119,311499,Science Technicians nec,6.0,0.021485316666666667
53-6041,Traffic Technicians,0.1289119,3119,Physical and engineering science technicians not elsewhere classified,1.0,0.1289119,312199,"Architectural, Building and Surveying Technicians nec",6.0,0.021485316666666667
53-6041,Traffic Technicians,0.1289119,3119,Physical and engineering science technicians not elsewhere classified,1.0,0.1289119,312912,Metallurgical or Materials Technician,6.0,0.021485316666666667
53-6041,Traffic Technicians,0.1289119,3119,Physical and engineering science technicians not elsewhere classified,1.0,0.1289119,312999,Building and Engineering Technicians nec,6.0,0.021485316666666667
53-6041,Traffic Technicians,0.1289119,3119,Physical and engineering science technicians not elsewhere classified,1.0,0.1289119,399916,Plastics Technician,6.0,0.021485316666666667
53-6041,Traffic Technicians,0.1289119,3119,Physical and engineering science technicians not elsewhere classified,1.0,0.1289119,399918,Fire Protection Equipment Technician,6.0,0.021485316666666667
53-6051,Transportation Inspectors,-0.3175816,3257,Environmental and occupational health inspectors and associates,1.0,-0.3175816,251311,Environmental Health Officer,8.0,-0.0396977
53-6051,Transportation Inspectors,-0.3175816,3257,Environmental and occupational health inspectors and associates,1.0,-0.3175816,311312,Meat Inspector,8.0,-0.0396977
53-6051,Transportation Inspectors,-0.3175816,3257,Environmental and occupational health inspectors and associates,1.0,-0.3175816,311314,Primary Products Quality Assurance Officer,8.0,-0.0396977
53-6051,Transportation Inspectors,-0.3175816,3257,Environmental and occupational health inspectors and associates,1.0,-0.3175816,311399,Primary Products Assurance and Inspection Officers nec,8.0,-0.0396977
53-6051,Transportation Inspectors,-0.3175816,3257,Environmental and occupational health inspectors and associates,1.0,-0.3175816,312611,Safety Inspector,8.0,-0.0396977
53-6051,Transportation Inspectors,-0.3175816,3257,Environmental and occupational health inspectors and associates,1.0,-0.3175816,599514,"Invasive Pest, Weed and Disease Inspector",8.0,-0.0396977
53-6051,Transportation Inspectors,-0.3175816,3257,Environmental and occupational health inspectors and associates,1.0,-0.3175816,599521,Water Inspector,8.0,-0.0396977
53-6051,Transportation Inspectors,-0.3175816,3257,Environmental and occupational health inspectors and associates,1.0,-0.3175816,599599,Inspectors and Regulatory Officers nec,8.0,-0.0396977
53-6061,"Transportation Attendants, Except Flight Attendants",-0.1178739,5111,Travel attendants and travel stewards,2.0,-0.05893695,451711,Flight Attendant,2.0,-0.029468475
53-6061,"Transportation Attendants, Except Flight Attendants",-0.1178739,5111,Travel attendants and travel stewards,2.0,-0.05893695,451799,Travel Attendants nec,2.0,-0.029468475
53-6061,"Transportation Attendants, Except Flight Attendants",-0.1178739,5112,Transport conductors,2.0,-0.05893695,639412,Transport Conductor,1.0,-0.05893695
53-7011,Conveyor Operators and Tenders,-0.8455815,8189,Stationary plant and machine operators not elsewhere classified,1.0,-0.8455815,711999,Machine Operators nec,3.0,-0.2818605
53-7011,Conveyor Operators and Tenders,-0.8455815,8189,Stationary plant and machine operators not elsewhere classified,1.0,-0.8455815,712999,Stationary Plant Operators nec,3.0,-0.2818605
53-7011,Conveyor Operators and Tenders,-0.8455815,8189,Stationary plant and machine operators not elsewhere classified,1.0,-0.8455815,721912,Linemarker,3.0,-0.2818605
53-7021,Crane and Tower Operators,-1.351634,8343,"Crane, hoist and related plant operators",1.0,-1.351634,712111,"Crane, Hoist or Lift Operator",3.0,-0.45054466666666665
53-7021,Crane and Tower Operators,-1.351634,8343,"Crane, hoist and related plant operators",1.0,-1.351634,712999,Stationary Plant Operators nec,3.0,-0.45054466666666665
53-7021,Crane and Tower Operators,-1.351634,8343,"Crane, hoist and related plant operators",1.0,-1.351634,721999,Mobile Plant Operators nec,3.0,-0.45054466666666665
53-7031,Dredge Operators,-1.25554,8342,Earthmoving and related plant operators,1.0,-1.25554,721211,Earthmoving Plant Operator (General),11.0,-0.11414
53-7031,Dredge Operators,-1.25554,8342,Earthmoving and related plant operators,1.0,-1.25554,721212,Backhoe Operator,11.0,-0.11414
53-7031,Dredge Operators,-1.25554,8342,Earthmoving and related plant operators,1.0,-1.25554,721213,Bulldozer Operator,11.0,-0.11414
53-7031,Dredge Operators,-1.25554,8342,Earthmoving and related plant operators,1.0,-1.25554,721214,Excavator Operator,11.0,-0.11414
53-7031,Dredge Operators,-1.25554,8342,Earthmoving and related plant operators,1.0,-1.25554,721215,Grader Operator,11.0,-0.11414
53-7031,Dredge Operators,-1.25554,8342,Earthmoving and related plant operators,1.0,-1.25554,721216,Loader Operator,11.0,-0.11414
53-7031,Dredge Operators,-1.25554,8342,Earthmoving and related plant operators,1.0,-1.25554,721913,Paving Plant Operator,11.0,-0.11414
53-7031,Dredge Operators,-1.25554,8342,Earthmoving and related plant operators,1.0,-1.25554,721914,Railway Track Plant Operator,11.0,-0.11414
53-7031,Dredge Operators,-1.25554,8342,Earthmoving and related plant operators,1.0,-1.25554,721915,Road Roller Operator,11.0,-0.11414
53-7031,Dredge Operators,-1.25554,8342,Earthmoving and related plant operators,1.0,-1.25554,721916,Streetsweeper Operator,11.0,-0.11414
53-7031,Dredge Operators,-1.25554,8342,Earthmoving and related plant operators,1.0,-1.25554,721999,Mobile Plant Operators nec,11.0,-0.11414
53-7032,Excavating and Loading Machine and Dragline Operators,-1.364242,8111,Miners and quarriers,2.0,-0.682121,712211,Driller,2.0,-0.3410605
53-7032,Excavating and Loading Machine and Dragline Operators,-1.364242,8111,Miners and quarriers,2.0,-0.682121,712212,Miner,2.0,-0.3410605
53-7032,Excavating and Loading Machine and Dragline Operators,-1.364242,8342,Earthmoving and related plant operators,2.0,-0.682121,721211,Earthmoving Plant Operator (General),11.0,-0.062011
53-7032,Excavating and Loading Machine and Dragline Operators,-1.364242,8342,Earthmoving and related plant operators,2.0,-0.682121,721212,Backhoe Operator,11.0,-0.062011
53-7032,Excavating and Loading Machine and Dragline Operators,-1.364242,8342,Earthmoving and related plant operators,2.0,-0.682121,721213,Bulldozer Operator,11.0,-0.062011
53-7032,Excavating and Loading Machine and Dragline Operators,-1.364242,8342,Earthmoving and related plant operators,2.0,-0.682121,721214,Excavator Operator,11.0,-0.062011
53-7032,Excavating and Loading Machine and Dragline Operators,-1.364242,8342,Earthmoving and related plant operators,2.0,-0.682121,721215,Grader Operator,11.0,-0.062011
53-7032,Excavating and Loading Machine and Dragline Operators,-1.364242,8342,Earthmoving and related plant operators,2.0,-0.682121,721216,Loader Operator,11.0,-0.062011
53-7032,Excavating and Loading Machine and Dragline Operators,-1.364242,8342,Earthmoving and related plant operators,2.0,-0.682121,721913,Paving Plant Operator,11.0,-0.062011
53-7032,Excavating and Loading Machine and Dragline Operators,-1.364242,8342,Earthmoving and related plant operators,2.0,-0.682121,721914,Railway Track Plant Operator,11.0,-0.062011
53-7032,Excavating and Loading Machine and Dragline Operators,-1.364242,8342,Earthmoving and related plant operators,2.0,-0.682121,721915,Road Roller Operator,11.0,-0.062011
53-7032,Excavating and Loading Machine and Dragline Operators,-1.364242,8342,Earthmoving and related plant operators,2.0,-0.682121,721916,Streetsweeper Operator,11.0,-0.062011
53-7032,Excavating and Loading Machine and Dragline Operators,-1.364242,8342,Earthmoving and related plant operators,2.0,-0.682121,721999,Mobile Plant Operators nec,11.0,-0.062011
53-7033,"Loading Machine Operators, Underground Mining",-1.390484,8111,Miners and quarriers,1.0,-1.390484,712211,Driller,2.0,-0.695242
53-7033,"Loading Machine Operators, Underground Mining",-1.390484,8111,Miners and quarriers,1.0,-1.390484,712212,Miner,2.0,-0.695242
53-7041,Hoist and Winch Operators,-1.126569,8343,"Crane, hoist and related plant operators",1.0,-1.126569,712111,"Crane, Hoist or Lift Operator",3.0,-0.375523
53-7041,Hoist and Winch Operators,-1.126569,8343,"Crane, hoist and related plant operators",1.0,-1.126569,712999,Stationary Plant Operators nec,3.0,-0.375523
53-7041,Hoist and Winch Operators,-1.126569,8343,"Crane, hoist and related plant operators",1.0,-1.126569,721999,Mobile Plant Operators nec,3.0,-0.375523
53-7051,Industrial Truck and Tractor Operators,-1.575411,8344,Lifting truck operators,1.0,-1.575411,721311,Forklift Driver,1.0,-1.575411
53-7061,Cleaners of Vehicles and Equipment,-1.535339,9112,"Cleaners and helpers in offices, hotels and other establishments",2.0,-0.7676695,431911,Bar Useful or Busser,3.0,-0.2558898333333333
53-7061,Cleaners of Vehicles and Equipment,-1.535339,9112,"Cleaners and helpers in offices, hotels and other establishments",2.0,-0.7676695,811211,Commercial Cleaner,3.0,-0.2558898333333333
53-7061,Cleaners of Vehicles and Equipment,-1.535339,9112,"Cleaners and helpers in offices, hotels and other establishments",2.0,-0.7676695,811411,Commercial Housekeeper,3.0,-0.2558898333333333
53-7061,Cleaners of Vehicles and Equipment,-1.535339,9122,Vehicle cleaners,2.0,-0.7676695,811111,Car Detailer,1.0,-0.7676695
53-7062,"Laborers and Freight, Stock, and Material Movers, Hand",-1.49843,9329,Manufacturing labourers not elsewhere classified,3.0,-0.4994766666666666,741111,Storeperson,16.0,-0.031217291666666664
53-7062,"Laborers and Freight, Stock, and Material Movers, Hand",-1.49843,9329,Manufacturing labourers not elsewhere classified,3.0,-0.4994766666666666,839111,Metal Engineering Process Worker,16.0,-0.031217291666666664
53-7062,"Laborers and Freight, Stock, and Material Movers, Hand",-1.49843,9329,Manufacturing labourers not elsewhere classified,3.0,-0.4994766666666666,839211,Plastics Factory Worker,16.0,-0.031217291666666664
53-7062,"Laborers and Freight, Stock, and Material Movers, Hand",-1.49843,9329,Manufacturing labourers not elsewhere classified,3.0,-0.4994766666666666,839212,Rubber Factory Worker,16.0,-0.031217291666666664
53-7062,"Laborers and Freight, Stock, and Material Movers, Hand",-1.49843,9329,Manufacturing labourers not elsewhere classified,3.0,-0.4994766666666666,839411,Paper and Pulp Mill Worker,16.0,-0.031217291666666664
53-7062,"Laborers and Freight, Stock, and Material Movers, Hand",-1.49843,9329,Manufacturing labourers not elsewhere classified,3.0,-0.4994766666666666,839412,Sawmill or Timber Yard Worker,16.0,-0.031217291666666664
53-7062,"Laborers and Freight, Stock, and Material Movers, Hand",-1.49843,9329,Manufacturing labourers not elsewhere classified,3.0,-0.4994766666666666,839413,Wood and Wood Products Factory Worker,16.0,-0.031217291666666664
53-7062,"Laborers and Freight, Stock, and Material Movers, Hand",-1.49843,9329,Manufacturing labourers not elsewhere classified,3.0,-0.4994766666666666,839911,Cement and Concrete Plant Worker,16.0,-0.031217291666666664
53-7062,"Laborers and Freight, Stock, and Material Movers, Hand",-1.49843,9329,Manufacturing labourers not elsewhere classified,3.0,-0.4994766666666666,839912,Chemical Plant Worker,16.0,-0.031217291666666664
53-7062,"Laborers and Freight, Stock, and Material Movers, Hand",-1.49843,9329,Manufacturing labourers not elsewhere classified,3.0,-0.4994766666666666,839913,Clay Processing Factory Worker,16.0,-0.031217291666666664
53-7062,"Laborers and Freight, Stock, and Material Movers, Hand",-1.49843,9329,Manufacturing labourers not elsewhere classified,3.0,-0.4994766666666666,839914,Fabric and Textile Factory Worker,16.0,-0.031217291666666664
53-7062,"Laborers and Freight, Stock, and Material Movers, Hand",-1.49843,9329,Manufacturing labourers not elsewhere classified,3.0,-0.4994766666666666,839915,Footwear Factory Worker,16.0,-0.031217291666666664
53-7062,"Laborers and Freight, Stock, and Material Movers, Hand",-1.49843,9329,Manufacturing labourers not elsewhere classified,3.0,-0.4994766666666666,839916,Glass Processing Worker,16.0,-0.031217291666666664
53-7062,"Laborers and Freight, Stock, and Material Movers, Hand",-1.49843,9329,Manufacturing labourers not elsewhere classified,3.0,-0.4994766666666666,839999,Factory Process Workers nec,16.0,-0.031217291666666664
53-7062,"Laborers and Freight, Stock, and Material Movers, Hand",-1.49843,9329,Manufacturing labourers not elsewhere classified,3.0,-0.4994766666666666,899511,Printer's Assistant,16.0,-0.031217291666666664
53-7062,"Laborers and Freight, Stock, and Material Movers, Hand",-1.49843,9329,Manufacturing labourers not elsewhere classified,3.0,-0.4994766666666666,899512,Printing Table Worker,16.0,-0.031217291666666664
53-7062,"Laborers and Freight, Stock, and Material Movers, Hand",-1.49843,9333,Freight handlers,3.0,-0.4994766666666666,712912,Bulk Materials Handling Plant Operator,6.0,-0.0832461111111111
53-7062,"Laborers and Freight, Stock, and Material Movers, Hand",-1.49843,9333,Freight handlers,3.0,-0.4994766666666666,721911,Aircraft Baggage Handler and Airline Ground Crew,6.0,-0.0832461111111111
53-7062,"Laborers and Freight, Stock, and Material Movers, Hand",-1.49843,9333,Freight handlers,3.0,-0.4994766666666666,741111,Storeperson,6.0,-0.0832461111111111
53-7062,"Laborers and Freight, Stock, and Material Movers, Hand",-1.49843,9333,Freight handlers,3.0,-0.4994766666666666,891111,Freight Handler (Rail or Road),6.0,-0.0832461111111111
53-7062,"Laborers and Freight, Stock, and Material Movers, Hand",-1.49843,9333,Freight handlers,3.0,-0.4994766666666666,891112,Truck Driver's Offsider,6.0,-0.0832461111111111
53-7062,"Laborers and Freight, Stock, and Material Movers, Hand",-1.49843,9333,Freight handlers,3.0,-0.4994766666666666,891113,Waterside Worker,6.0,-0.0832461111111111
53-7062,"Laborers and Freight, Stock, and Material Movers, Hand",-1.49843,9624,Water and firewood collectors,3.0,-0.4994766666666666,843999,Forestry and Garden Workers nec,1.0,-0.4994766666666666
53-7063,Machine Feeders and Offbearers,-1.013417,9329,Manufacturing labourers not elsewhere classified,1.0,-1.013417,741111,Storeperson,16.0,-0.0633385625
53-7063,Machine Feeders and Offbearers,-1.013417,9329,Manufacturing labourers not elsewhere classified,1.0,-1.013417,839111,Metal Engineering Process Worker,16.0,-0.0633385625
53-7063,Machine Feeders and Offbearers,-1.013417,9329,Manufacturing labourers not elsewhere classified,1.0,-1.013417,839211,Plastics Factory Worker,16.0,-0.0633385625
53-7063,Machine Feeders and Offbearers,-1.013417,9329,Manufacturing labourers not elsewhere classified,1.0,-1.013417,839212,Rubber Factory Worker,16.0,-0.0633385625
53-7063,Machine Feeders and Offbearers,-1.013417,9329,Manufacturing labourers not elsewhere classified,1.0,-1.013417,839411,Paper and Pulp Mill Worker,16.0,-0.0633385625
53-7063,Machine Feeders and Offbearers,-1.013417,9329,Manufacturing labourers not elsewhere classified,1.0,-1.013417,839412,Sawmill or Timber Yard Worker,16.0,-0.0633385625
53-7063,Machine Feeders and Offbearers,-1.013417,9329,Manufacturing labourers not elsewhere classified,1.0,-1.013417,839413,Wood and Wood Products Factory Worker,16.0,-0.0633385625
53-7063,Machine Feeders and Offbearers,-1.013417,9329,Manufacturing labourers not elsewhere classified,1.0,-1.013417,839911,Cement and Concrete Plant Worker,16.0,-0.0633385625
53-7063,Machine Feeders and Offbearers,-1.013417,9329,Manufacturing labourers not elsewhere classified,1.0,-1.013417,839912,Chemical Plant Worker,16.0,-0.0633385625
53-7063,Machine Feeders and Offbearers,-1.013417,9329,Manufacturing labourers not elsewhere classified,1.0,-1.013417,839913,Clay Processing Factory Worker,16.0,-0.0633385625
53-7063,Machine Feeders and Offbearers,-1.013417,9329,Manufacturing labourers not elsewhere classified,1.0,-1.013417,839914,Fabric and Textile Factory Worker,16.0,-0.0633385625
53-7063,Machine Feeders and Offbearers,-1.013417,9329,Manufacturing labourers not elsewhere classified,1.0,-1.013417,839915,Footwear Factory Worker,16.0,-0.0633385625
53-7063,Machine Feeders and Offbearers,-1.013417,9329,Manufacturing labourers not elsewhere classified,1.0,-1.013417,839916,Glass Processing Worker,16.0,-0.0633385625
53-7063,Machine Feeders and Offbearers,-1.013417,9329,Manufacturing labourers not elsewhere classified,1.0,-1.013417,839999,Factory Process Workers nec,16.0,-0.0633385625
53-7063,Machine Feeders and Offbearers,-1.013417,9329,Manufacturing labourers not elsewhere classified,1.0,-1.013417,899511,Printer's Assistant,16.0,-0.0633385625
53-7063,Machine Feeders and Offbearers,-1.013417,9329,Manufacturing labourers not elsewhere classified,1.0,-1.013417,899512,Printing Table Worker,16.0,-0.0633385625
53-7064,"Packers and Packagers, Hand",-1.193372,9321,Hand packers,1.0,-1.193372,832111,Chocolate Packer,6.0,-0.19889533333333334
53-7064,"Packers and Packagers, Hand",-1.193372,9321,Hand packers,1.0,-1.193372,832112,Container Filler,6.0,-0.19889533333333334
53-7064,"Packers and Packagers, Hand",-1.193372,9321,Hand packers,1.0,-1.193372,832113,Fruit and Vegetable Packer,6.0,-0.19889533333333334
53-7064,"Packers and Packagers, Hand",-1.193372,9321,Hand packers,1.0,-1.193372,832114,Meat Packer,6.0,-0.19889533333333334
53-7064,"Packers and Packagers, Hand",-1.193372,9321,Hand packers,1.0,-1.193372,832115,Seafood Packer,6.0,-0.19889533333333334
53-7064,"Packers and Packagers, Hand",-1.193372,9321,Hand packers,1.0,-1.193372,832199,Packers nec,6.0,-0.19889533333333334
53-7071,Gas Compressor and Gas Pumping Station Operators,-0.8727033,3134,Petroleum and natural gas refining plant operators,1.0,-0.8727033,399212,Gas or Petroleum Operator,1.0,-0.8727033
53-7072,"Pump Operators, Except Wellhead Pumpers",-0.9716578,3132,Incinerator and water treatment plant operators,2.0,-0.4858289,712921,Waste Water or Water Plant Operator,2.0,-0.24291445
53-7072,"Pump Operators, Except Wellhead Pumpers",-0.9716578,3132,Incinerator and water treatment plant operators,2.0,-0.4858289,712999,Stationary Plant Operators nec,2.0,-0.24291445
53-7072,"Pump Operators, Except Wellhead Pumpers",-0.9716578,3134,Petroleum and natural gas refining plant operators,2.0,-0.4858289,399212,Gas or Petroleum Operator,1.0,-0.4858289
53-7073,Wellhead Pumpers,-1.099431,8113,Well drillers and borers and related workers,1.0,-1.099431,712211,Driller,1.0,-1.099431
53-7081,Refuse and Recyclable Material Collectors,-1.262763,9611,Garbage and recycling collectors,2.0,-0.6313815,899611,Recycling or Rubbish Collector,1.0,-0.6313815
53-7081,Refuse and Recyclable Material Collectors,-1.262763,9612,Refuse sorters,2.0,-0.6313815,621911,Materials Recycler,2.0,-0.31569075
53-7081,Refuse and Recyclable Material Collectors,-1.262763,9612,Refuse sorters,2.0,-0.6313815,839918,Recycling Worker,2.0,-0.31569075
53-7111,Mine Shuttle Car Operators,-1.497306,8311,Locomotive engine drivers,1.0,-1.497306,731311,Train Driver,1.0,-1.497306
53-7121,"Tank Car, Truck, and Ship Loaders",-1.403185,9333,Freight handlers,1.0,-1.403185,712912,Bulk Materials Handling Plant Operator,6.0,-0.23386416666666665
53-7121,"Tank Car, Truck, and Ship Loaders",-1.403185,9333,Freight handlers,1.0,-1.403185,721911,Aircraft Baggage Handler and Airline Ground Crew,6.0,-0.23386416666666665
53-7121,"Tank Car, Truck, and Ship Loaders",-1.403185,9333,Freight handlers,1.0,-1.403185,741111,Storeperson,6.0,-0.23386416666666665
53-7121,"Tank Car, Truck, and Ship Loaders",-1.403185,9333,Freight handlers,1.0,-1.403185,891111,Freight Handler (Rail or Road),6.0,-0.23386416666666665
53-7121,"Tank Car, Truck, and Ship Loaders",-1.403185,9333,Freight handlers,1.0,-1.403185,891112,Truck Driver's Offsider,6.0,-0.23386416666666665
53-7121,"Tank Car, Truck, and Ship Loaders",-1.403185,9333,Freight handlers,1.0,-1.403185,891113,Waterside Worker,6.0,-0.23386416666666665
